4.780407,5.748723,,,19.554113,18.590567,17.192308,14.245774,11.828350,10.560829,,,,,,4.967352,4.683224,2.541450,2.986371,19.682724,16.226403,16.130099,14.953982,12.768828,10.773391,10.710794,,,,,5.539283,5.112024,2.846998,2.671277,20.369317,17.044232,13.949553,14.135552,12.510312,10.736752,9.042285,10.234963,,,,4.953525,4.486768,2.482910,2.566985,19.693072,16.926270,13.947299,11.671865,12.431407,10.814184,10.540701,10.293440,13.090073,,,4.068967,5.182613,2.780260,2.215661,21.519064,18.525534,16.013039,12.831024,11.012159,10.942486,8.812341,9.621161,10.798137,14.858083,,4.561977,4.238245,2.637281,2.375732,20.335783,19.749536,17.158935,14.931421,11.861609,10.813115,10.439600,8.734376,10.967073,13.298730,17.969107,5.082629,5.045886,2.634133,2.771261,18.038930,18.901954,18.028143,15.553071,13.325075,10.316132,10.140009,9.631361,9.251481,12.990146,16.364990,5.112538,4.901623,2.895934,2.652971,15.126510,16.128290,16.622052,15.104065,12.741420,10.788922,8.736407,10.231958,10.817079,12.290437,16.881731,5.391760,5.199777,2.695043,2.839444,15.277593,14.521216,14.894188,14.648574,12.344931,10.372725,9.302803,9.262791,12.241768,13.987983,16.515622,5.348013,5.181074,2.728452,2.465727,16.418679,14.160444,13.443530,13.293911,12.736119,10.485159,10.360507,11.343933,13.268910,16.883586,19.178744,4.795826,5.353841,2.626848,2.370214,,16.351085,14.137461,12.992430,11.822243,10.760509,9.199705,11.369612,14.157180,17.339272,21.298854,5.282423,5.004305,2.613458,2.664545,,,15.365422,13.386858,12.172674,10.703204,10.305130,10.672248,14.424500,18.030884,21.501232,4.550724,4.418435,2.749545,2.735154,,,,13.396574,11.760176,10.753845,9.793496,11.201083,13.684993,18.137774,22.015696,5.817171,4.500558,3.006179,2.868113,,,,,11.482841,10.447640,10.113071,10.401774,13.437950,16.959814,21.436082,,,,,,,,,,10.783445,11.032020,11.858260,13.620907,17.780756,21.870114,
5.249905,5.296540,,,20.705167,17.691513,16.804811,14.737018,11.719511,10.767155,,,,,,5.130293,5.208889,2.456734,2.567372,18.368729,16.674145,14.540938,14.140938,12.607753,10.782003,10.243675,,,,,5.698787,5.802695,2.449179,2.543394,17.398468,16.875454,15.751705,14.167274,13.226294,11.030735,9.770443,8.935223,,,,5.250953,4.839159,2.669319,2.556363,16.949109,16.018415,15.434644,14.012526,12.386092,10.617165,8.335264,9.145439,10.034281,,,4.812211,5.788347,2.491446,2.482443,19.363993,16.286518,15.772877,14.442617,12.294468,10.505436,8.269752,7.426703,10.783909,13.469439,,5.044149,5.444989,2.715034,2.718685,18.255669,16.959161,14.213346,13.969322,12.289586,10.357846,10.003028,9.151016,10.822541,15.097887,18.222757,4.531096,5.457165,2.325342,2.618817,20.193514,17.842477,16.486644,13.798237,13.080513,10.455398,8.544593,9.835892,10.792118,14.402407,19.135937,4.856940,5.336519,2.713408,2.360093,18.804061,18.857950,16.481179,14.496950,11.551353,10.310833,7.630309,7.576232,11.322660,13.815259,17.951056,4.658076,5.312173,2.661981,2.824018,18.087957,16.342676,16.849251,14.961018,12.876952,10.695918,9.953241,8.633062,10.776438,15.549892,18.529564,5.107114,4.769451,2.582465,2.598531,19.246353,16.115372,14.644182,14.890407,13.166513,10.853831,9.701014,9.946019,10.700049,14.358551,19.593326,4.691500,5.153050,2.568788,2.547670,,18.332825,15.423689,13.570541,12.545333,10.515893,7.933095,8.475354,10.494921,13.449220,17.989280,4.672737,5.590365,2.732529,2.360953,,,16.112793,13.830936,12.281725,10.924874,9.991103,8.766019,11.434728,14.483061,18.009326,4.560813,4.838659,2.626183,2.610504,,,,13.630069,11.946178,10.813187,9.557537,10.448594,11.113446,15.067442,18.787936,4.865835,5.395971,2.568588,2.728174,,,,,12.493392,10.764936,9.462924,8.023088,10.626220,12.981516,17.749303,,,,,,,,,,10.625848,9.957777,9.874447,10.011905,14.032182,17.218202,
5.426706,5.493231,,,18.770512,15.812645,15.862233,13.857368,11.188072,10.834179,,,,,,4.882803,5.068689,2.245999,2.695775,17.007376,15.669600,13.830681,14.128567,12.535327,10.689588,10.348881,,,,,5.915460,5.281665,2.337611,2.640552,18.758414,16.965836,16.040356,14.239838,13.397257,10.908230,8.932829,7.999770,,,,5.510398,4.691630,2.748206,2.414152,21.168286,17.479916,15.552165,14.227855,12.268273,10.252008,7.877513,8.071174,9.392991,,,5.078433,5.697524,2.476712,2.380055,22.296096,19.361318,16.505840,14.294799,12.499214,10.829131,8.305941,7.855856,10.772736,13.783887,,5.449771,5.901110,2.608867,2.612293,19.318537,18.016498,15.842470,13.907619,11.941056,10.841536,11.043073,9.878014,11.730648,15.488624,18.780629,5.121134,5.041294,2.469669,2.915474,18.020643,16.097830,15.354048,14.018487,12.783110,10.371140,9.201797,11.053132,11.495066,15.139364,19.533520,4.950385,5.385766,2.722776,2.319166,16.786915,16.157048,14.678001,13.646685,12.188184,10.896692,8.027331,7.492518,11.383576,13.651246,18.120118,5.117989,5.603058,2.627622,2.721308,18.549454,15.954522,15.823251,14.224172,12.463675,10.498246,9.148434,6.773184,8.290568,13.542447,16.902077,5.343081,4.509751,2.487908,2.736693,19.806068,16.812160,14.823788,14.752880,12.947295,10.700600,9.097908,9.175219,9.125138,12.538969,18.115725,4.902896,5.806866,2.664418,2.545786,,18.203459,15.501495,13.467784,12.625599,10.303358,7.940249,8.100190,10.778418,12.889018,17.296392,5.398523,5.067511,2.734039,2.464282,,,15.869257,13.548020,11.818005,10.744903,9.216124,8.305445,10.937446,14.903935,17.511695,5.007444,5.213645,2.671650,2.656552,,,,14.380551,12.123699,10.425252,8.922479,8.990454,10.265344,14.654065,19.327701,5.127825,5.421598,2.764449,2.826720,,,,,12.503192,10.549247,9.572814,8.877010,11.337046,14.043178,19.002635,,,,,,,,,,10.593571,9.594167,10.224822,11.183775,15.266807,18.547796,
4.549052,5.181725,,,18.681760,16.558928,16.322156,14.465193,11.293503,10.913365,,,,,,5.194443,5.466515,2.520584,2.421106,16.687860,15.770740,14.413981,14.407333,12.616150,10.563089,10.240837,,,,,5.472364,4.625218,2.384659,2.499478,17.206511,16.159020,15.487943,14.390528,13.541173,11.060225,9.772322,8.815572,,,,5.201670,5.134090,2.899719,2.396515,17.357945,15.994200,14.927549,13.695542,12.378750,10.692675,8.304565,9.389441,9.949727,,,4.868689,5.641807,2.386070,2.490182,19.856428,16.670452,15.980122,14.672043,12.782243,11.307811,9.066325,7.811426,11.328556,13.293979,,5.460916,4.964067,2.595432,2.739441,18.979019,16.785067,14.208502,13.866375,12.579850,10.839696,10.679764,9.872569,10.774583,15.346926,17.956276,4.944069,5.350174,2.518934,2.630629,18.500560,17.787267,15.843359,13.518485,12.438131,10.298984,8.336434,9.658801,10.925209,13.725636,18.795245,4.950296,5.677284,2.718527,2.490524,16.973902,17.193276,16.378439,14.233517,11.884453,10.107360,7.955093,7.472641,11.156067,14.177622,17.500810,4.579797,5.581330,2.699457,2.631382,18.612058,15.507766,16.117292,14.842899,12.358484,10.117833,8.130244,7.451163,9.522930,14.554113,18.317072,5.178080,4.842308,2.760740,2.820256,19.130624,16.794848,14.109661,14.633425,12.848833,10.275253,8.889330,8.132195,9.841381,13.296451,18.660277,5.356300,4.471916,2.549416,2.591776,,17.701698,15.606278,13.272070,13.052163,10.554604,8.181805,8.616736,10.146189,13.714972,17.790548,4.713511,5.441926,2.637616,2.228767,,,16.673347,14.186201,11.913536,10.417925,7.494614,6.660282,9.989864,13.708862,18.024122,5.107227,4.789776,2.755097,2.431471,,,,14.816834,12.260990,10.666058,8.896222,7.159064,9.025312,13.746652,18.084759,5.568244,5.527062,2.682902,2.711242,,,,,12.586872,10.720542,10.784338,10.058613,10.353401,13.575748,18.631836,,,,,,,,,,10.947305,11.203221,13.374721,14.257386,15.558215,18.959561,
5.172919,5.936541,,,21.024043,18.298442,15.663881,14.207055,11.055632,10.713992,,,,,,5.475991,5.361217,2.553577,2.632807,18.684785,18.015184,16.197631,14.103929,12.579014,10.439733,10.290994,,,,,5.160672,5.426389,2.434883,2.383404,19.307414,17.062842,16.630237,15.261285,13.078715,10.689965,9.554077,9.594873,,,,4.554292,5.248888,2.764756,2.624763,17.559104,17.755437,15.598033,14.533704,12.955629,10.587809,7.910592,8.957217,10.891305,,,4.779398,5.586289,2.582652,2.563727,18.263191,16.222901,16.428503,14.201980,12.420822,10.779499,8.861058,7.252302,10.673627,14.099813,,5.273581,4.950569,2.556309,2.656625,15.565089,15.050827,13.542038,13.834879,12.082580,10.348275,10.073880,10.148810,10.623069,14.997852,18.847872,5.104786,5.130022,2.378833,2.577653,17.045513,15.588364,15.126331,13.657329,12.908015,10.859984,8.350495,8.998053,11.078146,13.579077,18.624920,5.086400,5.180429,2.608235,2.346848,16.985173,17.115690,15.650699,14.360975,12.218267,10.210875,8.397482,6.756174,9.944046,13.881508,17.479215,5.062166,5.781322,2.667682,2.557556,18.166356,16.108177,16.425055,14.793908,12.685695,10.313423,7.808933,8.011960,9.017696,13.778010,18.231692,5.157731,4.665759,2.560601,2.633270,18.607524,16.328984,14.673043,14.914858,13.294181,10.789375,9.343657,8.090871,10.868690,13.431069,18.542772,4.921249,4.518715,2.860705,2.579119,,16.535154,14.660770,12.832454,12.342850,10.710104,8.305857,9.064469,10.310936,14.486846,17.644875,4.423279,5.410219,2.553234,2.397435,,,16.136398,14.498767,12.251823,10.557779,8.926973,7.244709,10.344981,13.410785,18.061363,5.533874,5.141383,2.507178,2.705685,,,,14.680966,13.201118,10.889544,8.776629,8.370196,8.802926,13.481707,17.246578,5.153751,4.789353,2.637603,2.611686,,,,,11.244333,10.456328,9.331139,8.817032,10.908736,13.178884,18.339282,,,,,,,,,,10.579931,9.662660,9.059404,9.518293,13.051821,16.514703,
5.118168,5.533959,,,18.324111,16.471725,16.130551,14.214589,13.543403,10.786635,,,,,,4.810146,4.832351,2.553942,2.388347,19.646376,17.632205,15.894394,14.739081,11.661966,10.672244,8.597732,,,,,5.262347,5.438700,2.254505,2.726649,17.460491,16.962371,15.728353,14.659562,13.564202,10.455819,10.484894,10.564668,,,,5.140021,5.552249,2.720721,2.357463,19.036239,16.829573,15.823713,14.393789,12.744987,10.522484,7.116006,8.315617,11.061277,,,4.435643,5.228736,2.469599,2.548075,18.976131,17.694365,16.037849,14.312119,12.736105,10.850235,8.210440,6.508151,9.729599,14.229447,,5.201186,4.928541,2.721834,2.712768,18.544762,15.698615,14.859708,13.793265,11.958485,11.122279,10.392266,9.283378,9.939532,13.858263,18.511769,5.442566,5.365824,2.277144,2.678381,17.222034,16.910023,14.746583,14.270988,13.534528,10.927188,10.408073,10.571879,10.983937,13.642500,18.078858,4.996675,5.553925,2.660038,2.280191,16.961143,16.793685,16.040644,13.857504,12.289345,11.006098,7.813042,8.431068,10.784780,13.584208,17.284723,5.233433,5.881824,2.642058,2.687218,18.571887,16.112533,15.786625,14.485879,12.512278,10.373947,9.553258,7.627199,10.310750,14.211361,17.956993,5.424821,4.413002,2.484089,2.618818,19.724712,17.927365,15.879033,14.707544,12.464803,10.672924,8.251400,8.927650,9.727426,13.848297,18.450341,5.458253,4.738937,2.675509,2.430059,,17.169293,15.334451,14.023879,12.574708,10.332509,10.134165,9.840620,12.722963,14.839055,19.163816,4.815365,5.248354,2.429159,2.543397,,,16.481033,14.112015,13.052670,10.732786,8.468220,9.993450,11.927257,16.282577,19.314436,4.685066,5.040870,2.599392,2.349872,,,,14.649146,11.635577,10.665375,8.182864,7.385340,10.762006,14.634272,19.595885,5.108032,4.594972,2.537426,2.703412,,,,,13.073696,10.320664,10.719158,9.563267,10.665892,14.697049,19.115070,,,,,,,,,,10.567078,9.191001,11.752766,12.693000,15.003851,19.140865,
5.285492,5.753050,,,19.924801,17.050447,15.129568,14.655095,12.146317,11.006466,,,,,,5.241469,5.373751,2.589130,2.396628,18.761859,17.499246,15.688757,14.025770,13.051903,10.477484,11.348246,,,,,5.707248,5.737920,2.626249,2.370436,19.113934,16.778027,15.936365,14.708615,12.849062,10.819789,8.463312,11.474274,,,,4.836622,4.525115,2.571114,2.649461,18.210124,16.991285,15.047927,14.068757,13.058006,11.038331,8.301322,7.876851,12.969228,,,4.669437,5.756639,2.679971,2.461341,19.192255,16.806303,15.914636,13.733615,12.051091,10.853390,8.986979,6.915928,9.363002,15.101365,,4.990009,4.933079,2.546120,2.765897,17.497164,16.312637,14.598501,14.263070,12.440722,10.833190,10.668563,10.103129,9.841207,13.560307,19.294864,5.144260,5.262305,2.519897,2.717016,17.597930,16.312966,15.189798,13.891951,13.169494,11.020086,9.020839,9.793403,10.916019,12.829325,17.407469,4.999930,5.336278,2.621868,2.461451,15.699339,16.930303,15.695050,13.871239,12.522359,10.923597,8.700217,7.370115,10.312248,13.230527,16.643583,3.890541,4.307595,2.558975,2.574893,16.678022,15.162129,16.158748,14.546859,11.893411,10.565597,8.569759,7.733648,8.767295,13.464547,17.093268,5.361289,5.026861,2.612828,2.677305,17.503316,14.998839,13.626639,14.491547,13.038478,10.460852,10.066968,9.165292,10.217485,12.344829,17.307772,4.494481,5.153669,2.639685,2.518596,,16.888066,15.041782,13.104692,12.701593,10.758822,8.111707,9.028249,10.098702,13.341666,16.644336,5.384522,5.056663,2.502440,2.312374,,,16.447490,14.814021,12.260532,10.615097,8.627977,7.155507,9.762822,12.677316,16.775608,4.553006,4.991809,2.504094,2.731678,,,,14.126886,13.019849,10.529148,8.467049,8.546558,9.998338,13.773972,17.551135,5.141879,5.409872,2.668081,2.414747,,,,,10.874494,10.598614,9.193567,8.456271,10.924184,13.646238,17.597015,,,,,,,,,,10.853662,12.167415,12.091591,12.065746,15.408475,18.637761,
5.254093,5.734464,,,19.947490,19.036354,16.168314,14.619273,12.536177,10.366705,,,,,,5.955060,5.360973,2.779594,2.729052,19.294881,16.719457,16.662570,14.179731,12.349247,10.790419,9.680573,,,,,5.571812,5.029955,2.405341,2.679634,18.209416,16.557033,14.787855,15.302255,13.048832,10.575409,9.680718,10.254558,,,,5.319688,5.231821,2.626267,2.587946,19.041650,17.263762,15.444530,13.651427,13.383591,10.826035,7.781936,8.224914,11.263700,,,4.529559,5.444979,2.449724,2.257966,21.107678,17.985431,16.476383,14.091592,12.088181,10.875378,8.736377,6.816604,9.831345,14.613986,,5.607070,4.826637,2.642522,2.693659,19.609037,17.870053,15.268399,14.190547,11.947098,10.752748,10.167510,10.042780,10.149886,14.104014,19.084568,5.499293,5.192576,2.367426,2.802948,17.505411,17.758693,16.392009,14.498954,13.288445,10.552813,9.809776,9.430247,11.595561,13.752007,18.554981,4.625725,5.010481,2.732780,2.470245,16.624826,16.136589,15.751573,13.913530,12.271664,10.539578,7.873140,8.680428,10.346195,14.394405,17.592256,5.440444,4.499833,2.618744,2.525834,19.770743,16.055838,15.596619,14.226541,11.739570,10.299716,8.324714,6.901677,9.652707,13.020227,17.621233,5.689276,4.872098,2.485175,2.642464,19.606025,17.720895,14.611234,14.845761,13.078359,10.997679,11.107121,10.351174,10.963393,14.480783,18.226884,5.180992,4.949533,2.397694,2.522839,,18.134277,16.256106,13.407519,13.315905,10.781243,9.377309,11.266428,12.418522,14.976869,19.197903,4.946323,5.389422,2.616345,2.229906,,,16.581550,14.137818,11.150038,10.222076,7.444218,7.879288,11.515782,14.512887,18.007786,5.275076,5.027944,2.608234,2.639728,,,,14.875484,12.605917,10.705364,10.209635,8.724604,11.172915,15.422325,19.052274,5.242800,4.424117,2.246857,2.687484,,,,,13.059825,10.737962,10.062666,10.133822,10.697186,14.595802,19.074292,,,,,,,,,,10.623237,9.886719,11.672037,13.655932,15.364986,19.372647,
5.426497,5.262683,,,18.816386,17.800462,16.534349,14.623172,12.718706,10.829462,,,,,,5.740851,5.250441,2.322634,2.556371,17.277022,15.166232,14.804392,14.066081,12.618214,10.975142,10.797497,,,,,5.012914,5.128822,2.414072,2.670124,18.357914,17.235077,15.549799,14.647642,12.981527,10.644341,8.098435,9.162434,,,,4.810295,5.281038,2.651276,2.610934,18.213637,17.100470,16.027020,14.276709,12.729403,10.627638,8.597728,7.391870,10.840575,,,5.171333,5.374909,2.853086,2.621660,18.764080,15.931108,15.433653,14.128061,12.316019,10.443483,8.797100,8.583885,9.894072,14.510024,,5.188369,5.411953,2.603265,2.652973,18.337213,15.641256,13.649732,13.761143,12.300713,10.879716,9.445877,9.490383,11.527061,14.364067,19.297092,4.503477,5.019932,2.356675,2.703742,18.882002,17.331266,15.248240,13.627224,13.304689,10.960300,9.381556,8.484664,10.505823,14.273915,18.173877,4.916463,5.530243,2.688633,2.316507,18.972851,18.022751,16.289656,14.221209,12.177169,11.070567,8.359163,7.892679,9.244231,13.050066,17.398457,4.877850,5.825380,2.553237,2.728355,20.260615,16.900933,16.513064,14.450420,12.478264,10.348810,9.054736,7.411802,9.568090,12.886317,17.336770,5.179982,4.451721,2.593394,2.793431,17.967162,16.553431,13.472240,13.654462,11.691505,10.566594,9.897293,10.143474,10.614630,14.061561,17.711660,5.212756,4.668416,2.557375,2.747250,,16.370603,15.535219,12.725100,12.692666,10.127458,9.336990,9.556193,11.016796,13.396942,17.890121,5.308147,5.149662,2.680399,2.191848,,,15.261730,14.321971,11.652817,10.873588,8.120769,8.427664,10.699901,13.891927,17.371649,5.377440,4.515344,2.431040,2.598926,,,,13.903334,12.624892,10.483044,9.314054,7.818358,10.062441,14.178117,18.371157,4.643245,5.002589,2.716187,2.358074,,,,,11.415274,10.999401,10.749903,11.124341,11.706150,14.929408,19.446241,,,,,,,,,,10.902945,12.079714,13.438744,14.965691,16.173676,19.488016,
6.028053,5.615565,,,18.160370,17.234902,14.519312,14.292379,13.112557,10.885158,,,,,,5.621097,4.605939,2.551648,2.537757,17.607456,17.293766,16.758694,14.282272,12.533733,11.108155,8.490253,,,,,5.494464,5.330385,2.452382,2.445309,17.238143,15.503305,15.573703,15.019218,13.069025,10.377648,9.753005,8.968776,,,,5.267688,5.015675,2.615203,2.299945,18.275477,17.220317,15.333004,14.519404,12.717934,10.828638,7.277141,7.990709,10.112099,,,4.416208,6.201218,2.385400,2.387436,19.007526,16.470670,16.109254,14.302891,13.043040,10.963944,10.493019,8.161942,10.871832,14.616253,,5.243473,5.423818,2.707252,2.590260,16.961962,15.860168,13.610077,13.359029,11.666835,10.576541,9.707065,11.284738,10.970130,14.547184,18.463272,5.098965,5.295064,2.370664,2.750051,17.727922,16.195361,15.340879,13.679535,13.107229,11.007489,9.208510,9.119963,12.569716,14.155725,18.382394,4.595684,5.414699,2.499279,2.435009,16.988425,17.521571,15.950731,14.373977,12.568344,11.089584,8.900463,7.732090,10.304830,14.910933,17.678317,4.489901,5.066578,2.471082,2.641941,19.370647,16.262337,16.649015,14.655838,12.238998,10.382098,8.637983,7.870623,9.113524,13.647872,18.327108,5.288198,4.892928,2.442117,2.606332,17.504884,16.524812,13.977920,14.652083,13.002021,10.765907,10.329782,9.968032,11.151847,13.426194,18.135293,5.368682,4.772905,2.637121,2.643246,,16.819992,15.638290,13.097127,12.699351,10.596172,8.054833,9.121664,10.660697,13.928526,17.481875,4.711371,5.285394,2.598387,2.320332,,,16.215704,14.389495,11.796909,10.140908,8.185277,6.929991,10.370134,13.872076,18.047054,5.644543,5.262963,2.780973,2.499909,,,,14.630121,12.378692,10.365816,8.483608,8.269728,9.470283,13.988146,18.157938,5.271148,4.964502,2.592862,2.543170,,,,,12.642240,10.414990,10.190906,9.506393,11.652072,14.402595,19.224609,,,,,,,,,,10.966298,8.544583,9.991930,10.867997,14.555266,18.218309,
4.879260,4.880020,,,18.068549,15.068553,14.373997,13.512355,12.280300,10.632016,,,,,,6.049761,5.501732,2.635264,2.573652,17.883252,16.911469,14.953066,14.026474,12.261516,10.623328,8.698672,,,,,5.497108,5.434978,2.328240,2.660887,17.934874,16.405249,16.067377,14.917820,13.248509,10.320761,8.718769,7.951575,,,,5.492398,4.999743,2.774811,2.552323,17.921238,16.144236,14.718814,13.992102,12.843999,10.488953,7.398047,7.936256,10.018736,,,4.912949,6.028357,2.380857,2.328972,19.794613,16.842827,15.944733,14.216746,12.608354,11.098379,8.242648,6.389779,9.786497,13.644100,,5.569470,4.761110,2.581844,2.684011,17.874404,16.122051,13.862923,13.679021,12.148906,10.624854,10.566234,9.329592,10.086176,14.450414,18.395939,4.668576,4.861143,2.301495,2.722996,17.441248,16.434447,15.114230,13.520317,13.056505,10.911160,8.731095,9.719687,10.546288,13.619717,18.723860,4.657682,5.966277,2.780638,2.355836,18.356456,17.335216,16.024042,14.092977,12.155161,10.656930,8.160955,6.471352,9.793877,12.601617,16.509595,5.128440,5.291182,2.453153,2.638940,19.925514,17.652594,17.152633,15.408168,12.912291,10.906036,8.859674,7.181338,7.594939,12.653160,16.334313,5.456769,4.982593,2.521126,2.762050,18.575674,16.521945,14.868943,14.963282,13.223172,11.039673,10.488052,10.097231,10.603441,12.429081,17.762100,5.106290,4.915731,2.674948,2.685601,,17.055915,15.332224,13.688951,13.151622,10.660557,8.444359,9.440630,11.211276,13.745139,16.706661,4.424808,5.868420,2.569896,2.300880,,,16.202995,14.404444,12.459052,11.036279,8.240261,7.234972,10.447466,14.225259,17.634819,4.987572,5.101314,2.555709,2.752921,,,,14.287501,12.549721,10.831120,9.617715,8.101669,9.443172,13.850553,18.314135,5.109693,4.923565,2.302996,2.780399,,,,,11.138102,10.317619,10.177346,10.892296,11.457402,14.030322,18.661821,,,,,,,,,,10.795176,9.418376,9.382770,10.655032,12.973996,16.819464,
5.428392,5.386530,,,18.235402,16.825929,16.321358,14.570558,13.254402,11.259421,,,,,,5.204402,4.991387,2.709473,2.457340,15.927342,16.179093,15.132657,14.207021,12.572188,10.838041,10.071135,,,,,5.295618,4.613890,2.588774,2.643388,18.220800,15.697400,15.870415,14.570276,12.661599,10.858609,8.615855,9.485388,,,,5.123840,5.002273,2.680466,2.556251,18.057386,17.222282,14.909711,14.539327,12.981457,10.460879,9.394895,8.316834,11.638761,,,4.837067,5.387614,2.491195,2.507892,19.258675,16.735775,16.393911,14.062907,12.808571,11.065741,8.569212,9.205449,10.333695,15.028683,,5.151682,5.113001,2.629922,2.532595,17.559830,16.113086,14.029534,13.962107,11.969826,10.530461,9.951548,9.261507,11.879642,14.396467,19.293411,5.187628,4.989765,2.449653,2.609565,19.811383,16.583331,15.848361,14.058722,13.336732,11.103797,8.633109,8.862437,10.132945,14.096076,17.765971,5.207853,5.674634,2.712302,2.367218,19.352832,17.845537,15.080642,14.278934,12.568326,11.165365,9.511866,7.703462,10.350415,13.529055,17.901258,5.643120,4.659990,2.605973,2.636060,20.737386,17.617976,16.824581,14.255730,12.786250,11.044798,9.003911,8.803964,9.060001,13.466300,17.491584,5.957589,5.824503,2.527285,2.539920,18.777619,17.483072,15.188217,14.773239,12.495536,10.627320,9.783129,8.888590,11.273434,13.536594,18.507015,4.933306,5.409753,2.594833,2.654765,,16.545486,15.800086,14.000676,12.816508,10.292385,7.770043,8.523578,10.202322,14.411473,17.901074,4.851855,5.485616,2.588010,2.422335,,,15.574273,14.648806,12.876013,10.649365,8.232102,6.552274,9.480124,13.237158,17.825498,5.318678,4.882264,2.634225,2.439186,,,,14.158193,12.662266,10.904612,8.055242,7.240219,8.517928,12.728356,17.328179,5.241800,4.941091,2.588570,2.612919,,,,,11.918692,10.440854,9.890679,8.323814,10.424300,13.474385,17.883525,,,,,,,,,,10.579964,10.572050,12.141438,12.457357,15.502534,18.568193,
5.439946,5.138253,,,19.270584,18.228505,14.778253,13.838871,12.171086,10.810564,,,,,,5.571097,5.920721,2.550416,2.705348,19.876943,16.979655,16.720744,13.965508,12.711091,10.787067,9.441745,,,,,5.405229,5.872026,2.482790,2.568710,18.363371,16.871737,14.667985,14.560358,12.477843,10.658808,9.165320,9.239617,,,,5.811771,4.729231,2.412216,2.401879,18.346492,17.658055,16.266307,14.071169,12.958529,10.995051,7.961653,7.325238,9.633539,,,4.568185,4.999916,2.422735,2.296015,16.816108,14.305512,14.559178,13.571782,12.268682,11.273416,11.107927,9.578590,11.529082,14.982244,,5.809600,5.258495,2.818597,2.551707,17.045692,15.796459,13.721463,13.862708,12.137695,10.650539,9.031573,10.111786,10.238211,14.040162,18.285061,5.575852,5.237876,2.332000,2.674437,17.267699,15.744757,14.918088,13.456982,13.271068,10.943148,9.996398,8.702796,11.765345,14.051097,18.934019,5.161946,5.216479,2.413498,2.333087,16.553702,17.273086,16.047666,14.388920,12.620623,11.114229,8.180019,8.467167,9.252765,13.688814,17.606196,4.892059,4.586104,2.628791,2.612735,18.673630,16.037519,16.184465,14.774641,12.177143,10.309007,8.229963,6.738004,9.824586,12.711916,17.327492,5.248093,5.062279,2.482731,2.633921,18.003418,17.058162,14.577069,14.305033,13.197082,10.504585,9.739633,8.769710,9.839801,14.103599,17.456868,5.076675,4.521774,2.667934,2.450419,,17.782139,16.034002,13.186655,11.591711,10.308571,7.690197,8.670583,9.982625,13.195479,17.993693,4.918104,5.004966,2.510691,2.444179,,,16.902970,14.839388,12.407533,10.274449,10.011480,9.122386,11.878734,14.437715,18.126611,5.131711,4.569824,2.788842,2.567839,,,,14.522074,12.243088,10.672220,9.027811,10.637049,11.948195,15.653901,18.835267,5.819348,4.809332,2.223718,2.496128,,,,,13.797936,10.944796,10.196241,8.954094,11.910015,14.893872,19.161314,,,,,,,,,,10.815586,9.045315,10.755494,11.946618,15.977058,19.510149,
4.972675,5.558816,,,18.657061,17.354041,15.161844,14.078591,12.174209,10.826354,,,,,,5.805097,5.818131,2.505892,2.506454,18.414693,16.871613,16.534820,14.791680,13.093990,11.212458,9.062694,,,,,5.542667,5.430736,2.512333,2.591617,16.847921,16.358901,15.491450,15.192745,13.410497,10.725510,9.302119,7.766786,,,,5.091137,5.280168,2.663173,2.465748,15.994369,15.593648,14.985770,14.023192,12.859004,10.929946,7.872896,8.505147,9.701843,,,4.947752,6.356813,2.584647,2.465296,18.216299,15.741187,15.582927,14.244699,12.696722,10.296964,8.515756,6.521486,10.037835,13.339328,,5.577089,4.824707,2.724004,2.612139,20.406816,16.810323,14.762594,14.484888,12.514310,10.803390,8.351434,8.546340,9.336445,14.241211,18.062009,4.950791,4.822101,2.482963,2.747315,20.052154,18.245063,15.185842,13.496316,12.912757,10.568029,9.476210,8.896800,11.718398,14.279814,19.506659,5.022499,5.477954,2.637204,2.358199,20.535077,19.120949,17.068099,14.166706,12.042517,10.485357,7.930287,8.095299,10.396297,14.688525,17.950479,4.290708,5.335997,2.543058,2.707000,20.484916,18.191875,17.209028,14.839842,12.350047,10.307463,8.666253,7.629325,10.131475,14.434346,19.005548,5.874094,4.744914,2.617311,2.748868,17.993235,16.908346,14.866145,14.368881,12.229982,10.815033,10.126765,9.966834,10.749645,14.104869,18.628538,5.282365,5.130552,2.444072,2.548072,,16.107940,15.364481,13.626517,13.214046,10.653338,10.427683,10.729369,11.712590,14.295552,18.527639,4.701078,5.360379,2.655117,2.306948,,,15.642716,14.317378,12.184716,11.030849,8.248780,9.506970,11.502387,14.238378,17.869269,4.498229,4.639736,2.550503,2.923993,,,,14.564860,12.717956,10.564683,9.368484,7.889380,10.998623,14.457278,18.156910,4.489252,4.540083,2.862628,2.632778,,,,,12.485240,10.733679,9.605091,9.873786,10.569755,14.594423,18.616273,,,,,,,,,,10.639770,9.464634,10.004384,11.972961,14.133111,18.491232,
5.593091,5.625892,,,17.132712,15.478062,15.073905,13.220620,11.908081,10.711212,,,,,,4.992824,4.779549,2.604468,2.484633,17.521467,16.666434,15.663318,14.828902,11.897625,10.811925,8.920978,,,,,5.197838,5.306131,2.341696,2.532805,15.823884,15.789758,15.345538,14.848630,13.847695,10.720517,10.836461,10.029731,,,,5.267469,5.072708,2.857700,2.363730,16.985983,15.315934,15.053879,13.966957,12.715281,10.907338,7.797508,9.501244,10.961216,,,4.602839,6.019102,2.304350,2.535146,19.828320,16.352791,15.593992,14.817977,13.028948,11.083526,8.818848,7.226418,10.768734,14.186642,,5.318766,4.499603,2.640596,2.803730,18.168052,16.743978,13.920791,13.557213,12.380753,10.512544,9.432863,8.784945,9.880199,14.276618,18.248983,5.332124,5.216720,2.495671,2.558811,20.233413,17.287144,15.918994,13.701831,12.885311,10.340426,7.817499,7.544346,9.215546,12.688213,17.433338,4.699562,5.391239,2.640547,2.287781,18.327076,18.833159,16.188274,14.269201,12.347510,10.977237,7.721981,6.168629,9.058740,12.798818,16.825171,5.740200,5.695674,2.611076,2.582361,19.994955,17.392438,17.894511,15.209785,12.504467,10.707578,9.046267,6.407257,7.426759,12.367212,16.691694,5.065017,4.941863,2.212485,2.599537,17.644643,16.615013,14.925019,15.563295,13.515083,10.808279,10.821323,10.621532,10.278854,12.772154,18.071971,4.967690,5.184415,2.676998,2.538204,,17.617782,15.863798,13.918908,13.029282,10.545268,7.401524,8.834180,10.594900,12.561185,15.915245,5.247917,5.794681,2.554610,2.217162,,,16.907594,14.413693,12.422746,10.203975,8.223587,6.382720,10.297523,13.812449,16.759718,4.517140,5.197548,2.530887,2.331140,,,,14.752672,12.024118,11.000591,8.811708,9.339804,10.052640,15.005154,18.967120,5.288611,5.133953,2.458767,2.652917,,,,,12.064714,10.056177,10.930480,10.448776,12.764883,14.273374,19.295263,,,,,,,,,,10.507136,8.391991,10.575376,11.363093,15.311347,18.043641,
5.066428,5.291105,,,17.910844,16.412850,14.125774,13.908569,12.749773,10.747402,,,,,,5.199407,4.955557,2.591125,2.477968,17.659741,17.497129,16.233403,13.925479,12.464882,10.764304,9.580182,,,,,5.127223,5.009986,2.512814,2.533007,18.120086,15.939249,16.068811,14.867502,12.802136,10.431854,9.135861,10.188171,,,,5.183407,4.235364,2.908069,2.441346,18.472736,16.919430,14.731951,14.174081,12.404571,10.570278,7.659780,7.883692,11.417104,,,4.743320,5.821245,2.417902,2.496193,19.955024,16.665337,16.163230,14.090333,12.833764,10.845130,9.949722,7.719545,10.061026,14.862427,,5.738196,5.540297,2.636069,2.535463,18.411207,16.312465,13.446267,13.590960,11.806690,10.561183,9.854940,10.811546,10.607647,14.148585,19.043346,5.688447,5.070679,2.267321,2.676898,19.574887,16.978640,15.442654,13.170488,13.381667,11.236867,8.886780,9.119616,11.850625,13.660002,18.126736,4.796189,5.407976,2.578059,2.281314,19.492209,18.748385,16.377864,14.362651,11.688699,10.907684,8.639346,6.797490,9.981021,13.910782,17.083059,5.063525,5.505085,2.765964,2.809646,19.905767,16.812782,16.767252,14.709332,12.625620,10.493250,9.944866,9.252933,9.575762,14.109639,18.168526,4.728308,4.685693,2.530601,2.738483,18.354965,16.430934,13.912508,14.344898,12.668563,10.796556,10.030430,10.598476,11.996277,13.977549,18.959713,5.387190,5.232981,2.515896,2.659953,,17.115566,15.678683,13.375112,13.146363,11.027703,8.824916,9.074972,10.674635,13.811430,17.149259,5.004931,5.546368,2.832836,2.352220,,,15.367677,13.937634,11.646734,10.465715,8.573120,7.544213,10.419533,13.774069,17.823642,5.371537,5.079613,2.399533,2.580750,,,,13.948574,12.554908,10.683444,9.038359,8.595882,9.654486,14.024787,18.152640,5.204233,4.904614,2.563461,2.633833,,,,,10.778041,10.435558,10.545623,10.656663,12.487519,14.664928,19.253276,,,,,,,,,,10.490491,10.190179,11.354758,12.109952,15.375799,18.543176,
5.158873,5.553387,,,18.539225,15.946648,14.866258,13.841479,12.311012,10.930796,,,,,,5.012083,5.637822,2.549800,2.621588,17.565513,17.166952,15.372854,14.300157,12.677868,10.489878,9.740098,,,,,4.950270,5.262168,2.621104,2.646905,18.403696,15.929375,15.582798,14.142705,12.738192,10.564317,8.454137,9.612633,,,,5.483340,4.836871,2.669327,2.621957,18.546359,17.721916,15.257017,14.250193,12.640754,10.624868,8.071832,7.229788,10.822725,,,4.645628,5.357496,2.466776,2.562956,19.146462,17.119241,16.638294,14.091955,12.185508,10.638284,8.683692,7.484977,9.723863,14.754445,,5.480550,4.887457,2.434677,2.588528,16.827531,15.702981,14.220303,14.173061,12.116536,10.358545,10.354629,10.073782,10.952905,14.227120,19.323676,5.132071,4.593221,2.406404,2.658955,16.805018,16.742305,15.496907,14.011492,13.088813,10.798411,8.162034,9.135372,10.611883,13.618224,18.115652,5.042692,5.591124,2.652967,2.335496,18.027335,16.515120,16.207727,14.123350,12.186621,10.399691,8.647824,6.956439,10.279897,13.556874,17.507152,4.502072,5.395808,2.569089,2.676709,16.983791,17.074914,16.013805,15.052737,12.113950,9.995241,8.107226,8.302720,9.117487,13.834122,17.765964,6.108290,5.328811,2.302477,2.741514,15.539160,14.722241,14.931399,14.527415,13.492158,10.695920,9.842806,9.550992,11.538765,13.400902,18.287747,4.527397,5.208463,2.469561,2.410931,,16.413010,15.021056,13.851850,12.733289,10.213033,6.988843,7.911516,10.467074,14.184160,17.329184,4.551991,5.144458,2.680458,2.369330,,,15.589297,13.823177,11.880030,10.905893,8.397616,7.112029,10.451947,14.342398,18.179694,5.768725,4.724340,2.508725,2.590333,,,,14.345183,12.809357,10.829140,11.064724,9.857186,10.682183,14.801758,18.880025,4.794370,4.910385,2.620214,2.647281,,,,,11.346881,10.189834,8.954323,11.418997,12.641410,15.172024,19.677452,,,,,,,,,,10.985327,9.329964,8.198888,11.636126,14.410151,18.087800,
4.763544,5.133901,,,17.574498,15.607709,15.961269,14.834891,12.427461,10.733769,,,,,,5.910670,4.965313,2.345364,2.680297,16.124455,15.164104,14.000352,14.189820,13.130722,11.214591,9.575033,,,,,5.570896,5.854107,2.341096,2.483976,18.857094,17.188280,16.060089,14.422091,13.098566,10.502543,8.386663,6.708970,,,,5.616475,4.441966,2.637601,2.540344,17.830858,17.302620,15.860762,14.464023,12.885414,10.807317,8.618822,8.839902,9.725869,,,4.638677,6.115255,2.583435,2.383163,19.364552,16.468246,16.317206,14.569262,12.509816,10.878912,8.472971,8.326275,11.264253,14.087588,,5.341669,4.892984,2.735452,2.766867,18.357900,17.010755,14.597323,14.429209,12.538766,10.375734,9.851599,8.602902,11.055704,14.963539,18.248263,4.672785,5.107538,2.489909,2.692151,19.007739,17.346685,16.052390,13.827910,12.839540,10.412345,8.129149,9.316624,10.075785,14.539688,18.832716,4.808094,5.620258,2.785323,2.412502,18.479819,17.303847,15.799765,14.101753,11.861022,10.274950,8.251990,7.563057,11.309157,13.505590,18.424649,5.338138,5.692085,2.651859,2.589775,18.455470,17.089512,16.374429,14.672535,12.284740,9.946800,7.862564,7.349466,9.183176,14.501829,17.391810,5.290746,4.811600,2.512163,2.691238,16.512340,15.251501,14.585246,14.374220,12.827906,10.376162,9.442989,8.791661,10.778195,13.970665,19.640870,4.825155,5.250308,2.621570,2.533464,,15.540914,14.617923,13.719045,12.842840,10.648141,7.933382,8.668734,10.246195,14.046336,17.979604,4.951580,5.510820,2.562220,2.464441,,,15.473096,14.184189,12.558631,10.804518,8.367849,6.675777,9.935115,13.442244,17.799217,5.348008,5.350621,2.546106,2.705302,,,,14.112293,12.726673,11.078260,9.668624,8.860525,9.598929,14.208264,18.246241,4.678358,5.430327,2.464548,2.675502,,,,,12.747417,10.564219,8.720471,8.387423,10.230613,13.015199,18.288692,,,,,,,,,,10.590803,8.933797,8.828411,10.835711,14.103119,17.179096,
4.903113,5.126468,,,19.476804,18.917016,17.407504,14.267374,10.956961,10.467500,,,,,,5.105465,5.331666,2.575132,2.441263,16.659742,15.665009,15.767192,14.810229,12.226968,10.606558,11.064326,,,,,5.354874,5.581429,2.212878,2.529860,17.489389,14.916134,14.672951,14.852166,13.840695,11.217568,11.093244,11.525802,,,,5.630726,4.906089,2.547161,2.496268,18.851376,17.999071,15.374356,14.243183,12.731819,10.707216,7.763987,9.394075,10.791349,,,4.902917,6.287882,2.375856,2.525282,19.466512,17.134709,16.949368,14.559025,12.959242,10.542799,8.752645,8.055676,12.141741,14.755182,,5.521557,5.513082,2.596170,2.592012,16.973234,15.950580,13.982419,13.975626,11.909451,10.475532,8.925799,9.249524,11.246170,16.022946,19.265069,5.024719,4.631263,2.402409,2.731120,20.373196,16.805118,15.770639,13.968299,13.291715,11.024602,8.641762,7.426693,9.924325,14.101287,19.204161,4.578578,4.882839,2.724241,2.349758,19.143475,19.217522,15.948732,14.316724,12.298718,10.972676,9.235635,7.790879,9.495172,13.500561,18.111970,4.811582,5.510987,2.566450,2.698898,18.721260,17.893889,17.979457,14.961688,12.676562,10.567656,8.967485,8.654232,9.348840,13.116637,17.511736,5.512974,4.548170,2.542234,2.698509,18.879866,15.577817,15.120898,15.294087,12.996871,10.709526,9.882739,9.548612,11.320904,13.610159,17.835480,5.034050,5.006627,2.677395,2.426163,,17.816307,14.838016,13.806429,12.873603,10.926063,8.223655,8.709411,10.073235,13.639157,17.418166,5.069176,5.274893,2.784300,2.174541,,,16.218540,13.638055,12.198520,10.579798,9.969661,8.358735,11.011038,13.765114,17.856655,4.977299,5.395053,2.686873,2.640048,,,,14.471898,12.462297,10.869520,9.175414,10.703945,10.936525,14.965597,18.408581,5.279717,5.599745,2.618363,2.602914,,,,,12.149803,11.117338,10.176679,9.717369,13.157138,14.772302,19.403974,,,,,,,,,,10.821267,10.099084,9.447114,10.380088,15.031055,17.850265,
5.256757,4.980261,,,19.015335,18.819373,17.054529,14.926892,11.415981,10.473405,,,,,,5.156573,5.904227,2.249400,2.745088,16.860489,14.613088,15.199823,14.172377,12.549490,10.891830,11.383073,,,,,5.088106,5.521751,2.322010,2.416984,17.577477,16.124400,14.292901,14.668023,13.226225,10.564107,9.723742,10.436378,,,,5.696576,4.984882,2.395275,2.511257,19.836355,18.167078,16.144003,13.967571,12.911084,10.493652,6.868235,7.746757,9.948027,,,4.711361,5.615758,2.654658,2.418776,17.346684,17.188787,16.304081,14.126030,12.367217,10.927734,9.242670,7.443416,11.484400,14.779895,,5.710860,4.271879,2.750783,2.611192,15.387224,14.954125,14.854120,14.252386,11.866151,10.667746,9.476500,9.509213,10.228309,15.360299,19.163212,5.071504,5.094020,2.365041,2.711902,17.074229,15.533852,15.183671,14.471625,13.474746,10.413586,9.639925,8.578147,10.717487,13.792786,19.472327,4.945953,5.648418,2.586240,2.308301,19.448135,17.436564,15.678704,14.440392,12.532745,10.904286,7.951798,8.581824,9.710256,13.583113,17.525987,4.940387,5.344379,2.597195,2.680672,19.585504,18.059825,16.580464,14.665424,12.785773,10.261890,9.220167,8.254302,10.851467,13.754842,18.037179,5.120823,5.059842,2.642706,2.655674,17.125771,16.704632,15.485003,14.511219,12.700071,10.760475,8.832533,9.995422,11.396279,14.871206,18.363006,4.786095,4.685628,2.821794,2.745291,,15.852400,15.124315,13.532564,12.437781,10.389844,8.343272,7.849132,11.431675,14.513168,18.368763,3.891379,5.287840,2.847361,2.504701,,,15.155179,13.849552,11.833895,10.759542,9.049843,8.012727,9.800629,14.688745,18.329836,4.976674,5.240831,2.472155,2.856485,,,,14.568724,13.001775,11.093209,10.655594,9.958400,10.249436,13.117821,18.316358,5.355838,5.156882,2.744595,2.632979,,,,,12.663854,10.413771,8.853841,9.919191,11.235716,13.442481,17.256511,,,,,,,,,,10.606426,7.846382,7.727946,10.944786,14.044282,17.434411,
4.954815,5.028100,,,21.687744,18.973754,17.846780,14.806828,11.530408,11.006907,,,,,,5.203729,5.331168,2.367631,2.463733,17.748453,17.331979,15.257545,14.587249,12.246252,10.479984,10.805866,,,,,4.985605,5.378678,2.522570,2.728505,18.262605,16.270980,16.029359,14.422192,13.195662,10.597835,9.715846,9.585068,,,,5.184141,4.866992,2.643467,2.490498,17.210671,17.451195,15.533750,14.705666,12.919081,10.823639,8.260538,9.048999,9.679295,,,4.631617,5.631976,2.445084,2.463378,18.882334,16.498455,16.493124,14.375089,12.670282,10.748219,8.199930,7.278129,10.613156,12.703917,,5.322626,4.503286,2.494643,2.571103,17.485725,16.006862,14.056687,14.054338,12.377236,10.743002,10.319450,9.155454,10.623191,14.865417,17.320025,4.860000,4.647443,2.312317,2.624801,20.272446,17.703533,16.396986,14.345995,13.053622,11.056953,8.657982,9.253141,9.722714,13.346630,18.355436,4.242404,5.576065,2.660019,2.366736,17.836733,17.983065,15.757103,14.329485,12.386481,10.590428,9.555320,8.352007,11.406397,13.510175,17.647496,5.661660,5.458578,2.640007,2.562007,18.612402,16.995896,17.174556,14.904996,12.830656,10.537889,8.041414,8.192004,8.702228,13.334846,16.419188,5.292837,5.080610,2.513142,2.704338,19.059537,15.671564,14.707135,14.941935,13.121315,10.998034,9.738596,8.354606,10.933171,13.182418,18.419271,5.481647,4.848769,2.560548,2.638439,,17.979143,15.213169,14.077123,13.153111,11.166337,8.681048,8.690800,9.491896,13.556343,16.859182,4.654842,5.554587,2.665802,2.329880,,,16.114571,13.866949,12.378833,10.342754,9.031429,7.948658,10.682062,13.652920,18.060153,4.756239,4.787751,2.634754,2.558155,,,,13.962157,12.196424,10.591806,8.202376,8.672936,9.909602,14.129814,17.837397,5.331904,5.154296,2.693682,2.549861,,,,,11.077482,10.541068,9.894193,8.875641,11.462306,14.066151,18.630719,,,,,,,,,,10.454039,10.772696,10.481773,10.413612,14.311833,18.029402,
5.104729,5.149222,,,17.121015,16.083173,13.306184,14.232095,12.327593,10.481685,,,,,,5.056659,5.239293,2.537930,2.594934,18.404161,17.229412,16.322504,13.528468,13.116094,10.964556,8.432880,,,,,5.685564,5.059808,2.521204,2.140509,17.095304,16.767308,16.179230,15.121285,12.626977,11.115068,9.780204,8.371562,,,,4.805643,4.286120,2.801107,2.298457,15.533068,15.868938,14.949734,14.246662,12.423906,10.500353,8.125023,8.999014,10.326862,,,5.228406,6.272869,2.449958,2.278628,18.095774,15.586170,16.063164,14.244554,13.046967,10.347433,9.306704,6.892732,10.092870,13.268911,,5.268256,5.225227,2.673213,2.492917,17.117977,15.984296,13.904553,14.316835,11.943524,11.092229,9.374784,10.518949,10.057971,14.501318,18.168081,5.251176,5.101455,2.436019,2.764145,17.962930,17.292279,16.175301,14.123513,13.436402,10.091976,9.149910,8.921359,11.953430,13.383910,18.356260,4.905407,5.872603,2.630727,2.172158,18.308890,17.072062,16.329570,14.746027,12.652301,11.027787,7.792733,8.556297,11.405421,15.180063,17.637158,4.624242,4.881042,2.619525,2.623558,19.186268,16.939446,15.971349,14.769028,12.615032,10.699817,8.792987,7.332591,10.478812,15.091409,18.766796,5.062362,4.953919,2.709976,2.634849,17.044620,16.195877,14.550880,13.952030,12.691627,10.718922,10.096473,9.587416,10.437779,14.584380,19.464840,5.526792,4.914451,2.519656,2.614112,,15.535334,14.983641,13.713278,12.793094,10.877140,8.857906,9.703652,10.913118,13.692105,18.497998,5.310845,5.484144,2.682530,2.491284,,,15.118075,13.893366,12.298579,10.488327,8.052400,7.201436,10.369271,13.873066,17.515428,4.519995,5.140503,2.674308,2.641112,,,,14.287036,12.454084,11.013122,9.308329,8.046871,9.740953,14.127985,18.594343,4.803201,5.159785,2.587841,2.656272,,,,,13.010242,10.966505,10.369568,9.968797,10.590416,13.596050,18.238382,,,,,,,,,,10.701729,8.814502,9.861510,11.604714,13.900228,17.512893,
5.737853,5.220651,,,19.530960,16.087401,14.152158,14.047012,12.089303,11.000811,,,,,,5.675261,5.436163,2.493769,2.823498,20.469720,18.284221,15.965874,14.175843,12.999219,10.725715,9.267859,,,,,5.587726,5.645762,2.479320,2.393777,18.105276,17.681417,16.423310,14.885661,12.957228,10.786689,9.239465,9.174752,,,,5.139165,5.493420,2.770913,2.575718,16.200679,15.262200,14.942981,13.922765,12.608070,10.466892,7.954985,8.763280,11.264003,,,5.007985,5.692260,2.617949,2.490424,18.197124,14.803974,14.617415,13.766259,12.439882,10.940397,8.661457,6.739561,10.172279,14.293931,,5.064129,5.343227,2.716029,2.689826,17.726657,15.886966,13.112083,13.274334,11.811720,10.574650,9.939122,9.247276,9.680250,14.345262,18.919278,4.866770,5.199943,2.366846,2.656757,18.361434,17.133168,15.590619,13.212299,12.936583,10.341423,8.893227,9.380091,10.814435,13.321639,18.474255,5.323514,5.077143,2.666380,2.258980,17.242339,17.437748,16.226523,14.333455,11.831993,10.754487,7.591449,7.428375,10.459893,13.846620,17.231739,5.043706,5.406397,2.655194,2.676724,17.437659,15.685733,16.303431,14.752843,12.393517,10.028880,8.511510,6.451506,9.239039,14.081162,18.193552,4.696727,4.413810,2.498455,2.746569,17.991041,15.124099,13.530976,14.358693,12.749880,10.536076,9.577389,9.181208,9.621243,13.730580,18.895664,4.770664,4.895701,2.621609,2.605362,,17.851035,15.281373,13.230893,13.017754,10.623139,8.218984,8.545015,9.604521,12.206725,17.068211,4.831646,5.552646,2.579786,2.277952,,,16.712143,14.471550,12.176160,11.167010,8.816328,7.656533,10.386345,13.014286,16.446679,5.102420,4.185929,2.634728,2.863273,,,,14.242404,12.665704,10.729353,9.952160,9.209392,10.216827,14.344876,17.601034,5.546328,5.372895,2.870544,2.576122,,,,,12.005010,10.648064,9.061892,8.640167,10.127155,12.922513,17.827162,,,,,,,,,,10.775175,9.620057,8.878498,9.361549,12.822128,16.590929,
5.796564,5.325155,,,18.012985,16.668641,15.150539,14.315622,12.851736,10.742135,,,,,,4.896024,4.868295,2.530929,2.314311,18.210328,16.616353,16.055391,14.654712,12.739510,11.040070,10.787725,,,,,4.969310,5.111467,2.450137,2.593505,17.686951,15.869235,14.827292,14.431516,13.045166,10.514632,9.429037,11.452477,,,,5.869660,5.235311,2.503436,2.416310,19.831770,17.603323,16.008425,14.546787,13.078000,10.811925,7.277875,6.893513,10.990344,,,5.189338,5.756801,2.542773,2.550018,20.329010,17.092625,15.867306,14.442261,12.818871,10.932305,9.169223,6.908130,9.459163,14.626887,,5.384520,5.460499,2.634057,2.673646,18.526190,16.327747,13.787264,13.167577,11.905485,10.693920,9.741784,10.107302,10.330379,14.073231,19.130261,5.223605,5.521710,2.372262,2.694101,18.919283,16.652722,15.179455,13.528967,12.811807,10.754178,9.110258,8.751411,11.152532,13.508756,17.980696,4.866766,5.477611,2.585585,2.443716,16.661176,17.467698,15.697570,13.907076,12.341957,10.819809,8.214455,7.503177,9.718412,13.928259,17.190111,4.741664,5.196051,2.633244,2.553676,16.895114,15.407744,16.370964,14.506562,12.040324,10.490248,8.610676,7.021272,8.961194,13.172362,17.849152,5.144330,5.439490,2.708224,2.749515,17.463652,14.594808,13.406474,14.278903,12.595715,10.150471,9.751552,9.144554,9.877153,13.237933,17.845850,5.151399,5.691752,2.615538,2.541181,,16.942515,14.461152,13.030327,12.905385,10.850503,8.332790,9.346960,10.604537,13.433147,17.693984,5.510896,4.929342,2.529262,2.282498,,,16.490437,14.125410,12.170101,10.825201,8.985921,7.997303,11.138995,14.222111,17.941649,5.017724,5.017033,2.453155,2.682212,,,,14.782749,12.533145,10.341203,8.323035,8.653247,10.684597,15.182793,19.059795,5.254263,4.980408,2.661907,2.746212,,,,,11.810368,10.538276,9.627043,9.000061,11.941758,15.128389,19.748840,,,,,,,,,,10.465673,9.742774,9.708449,10.200783,14.837695,18.991552,
5.790464,5.112319,,,19.538373,16.487248,14.443417,14.081016,12.740594,10.669969,,,,,,5.175230,5.382216,2.489522,2.423552,17.661570,17.131265,15.278712,13.715372,12.460244,10.900489,10.290120,,,,,5.701135,5.924647,2.472341,2.548979,18.606917,16.367037,16.202341,14.824349,12.924884,10.200020,8.383856,9.641704,,,,5.629904,5.262013,2.706027,2.454160,17.790310,17.197805,15.064071,14.327588,12.914715,10.639538,7.021823,6.996460,10.968503,,,5.227296,5.594877,2.422898,2.526459,19.929164,16.660267,16.442546,14.148163,12.400406,10.928203,8.922962,6.490631,9.588048,14.549548,,5.974654,5.287872,2.548687,2.583799,17.232300,16.304839,13.630369,13.825710,12.011719,10.441929,10.705533,10.852864,10.861182,14.740053,19.667152,4.975031,4.776763,2.416482,2.692295,17.778171,16.990595,15.824375,13.558594,13.026027,10.990071,8.664839,10.227622,12.505376,14.915421,19.607315,4.879716,5.007871,2.660182,2.364183,17.019740,17.591676,16.379684,14.439939,12.188849,10.849808,9.222898,7.886406,11.515554,15.354648,18.710635,4.184770,5.286811,2.656908,2.586488,19.114945,16.033286,16.636525,14.916992,12.368309,10.687622,9.324430,9.397533,10.294340,15.119405,19.466496,5.412183,4.622653,2.545446,2.497780,19.045505,16.969929,14.335447,15.038884,13.292240,10.823319,10.624400,10.354531,12.065977,14.100165,19.166062,5.628545,5.187527,2.462193,2.585338,,18.238317,16.250584,13.700438,13.232097,10.711836,8.136350,9.798105,11.164511,14.590066,17.931425,4.691037,5.760975,2.621780,2.303985,,,16.502347,14.163961,11.610583,9.867199,7.482943,6.829615,11.111562,14.385475,18.403337,5.160711,4.983811,2.459117,2.458700,,,,14.468692,12.524327,11.021754,9.466399,8.869870,10.268541,15.210671,18.915841,4.903207,4.932134,2.437664,2.744589,,,,,13.441623,11.078443,10.065348,8.269269,9.825327,13.031789,18.293844,,,,,,,,,,10.862086,8.735566,9.336272,9.471634,12.984887,16.770417,
5.952586,5.529061,,,19.152390,15.227973,14.810343,14.380593,12.325293,10.835256,,,,,,5.431973,5.598658,2.579156,2.582406,19.319814,17.795471,14.765620,14.385342,13.019132,10.809724,10.885992,,,,,5.502008,5.239669,2.447345,2.461969,19.895848,17.793387,16.591763,14.159009,13.290587,11.051943,9.471447,11.706123,,,,4.873630,5.367506,2.846574,2.460383,18.014092,17.067889,15.320729,13.910148,11.930403,10.702049,8.574461,9.473196,13.841000,,,4.897610,5.719178,2.509727,2.526724,19.333815,16.411159,16.250004,14.560846,12.627489,10.891469,9.127062,7.647913,10.871674,16.162805,,5.601597,4.706294,2.503410,2.645908,17.803190,15.874342,13.441074,13.835967,12.485401,10.694900,10.539989,10.017144,10.627224,15.074564,20.461389,5.497253,5.592290,2.510165,2.571698,19.066363,16.993022,15.363837,13.077097,12.750452,10.578541,8.240438,9.441730,10.556405,13.407699,18.645967,4.540222,5.503494,2.640925,2.372330,18.092568,17.069517,15.580957,13.817786,11.654869,10.689375,8.849408,7.899967,11.603293,14.532463,18.249557,4.988611,5.019253,2.516087,2.703020,19.405939,16.941848,16.624071,15.135447,12.795695,10.468553,8.709115,7.879121,9.010517,14.071769,17.967296,5.328420,4.988909,2.508360,2.697877,16.800646,16.104166,14.198457,14.464115,13.247637,10.985355,9.759528,9.046048,10.735599,13.319361,18.727044,5.430413,5.098801,2.738064,2.533318,,15.846800,15.259303,13.202933,12.740676,10.920529,8.352666,8.458361,9.576046,13.520836,17.033591,5.282731,5.913819,2.526578,2.428017,,,15.583114,14.653700,12.325870,10.993678,9.094593,7.630773,10.110525,13.154066,17.979658,4.945675,5.494383,2.668029,2.815455,,,,14.292562,12.800218,10.582717,9.349861,9.103851,10.231660,14.197615,18.061124,4.705366,4.911003,2.621325,2.538032,,,,,12.561357,10.601939,9.215323,9.381645,11.373774,14.081532,18.463003,,,,,,,,,,10.389998,8.021511,8.212450,10.560117,14.153084,17.525934,
5.533672,4.997296,,,18.540526,16.590175,14.702789,14.131572,12.816598,10.671247,,,,,,5.669004,5.671635,2.605983,2.533494,17.839444,17.661047,16.019479,14.003367,12.371164,10.662941,8.961380,,,,,5.066538,4.844982,2.392198,2.609483,15.134601,15.291361,15.570466,14.413580,12.761654,10.778748,10.214804,10.635920,,,,5.795535,4.296483,2.555664,2.618499,17.369247,15.562703,15.119616,14.675431,12.789145,10.860771,8.200408,8.797503,11.341249,,,4.674126,5.724630,2.506841,2.616273,19.718731,16.703904,15.288686,13.831865,12.398562,10.119221,8.859969,7.398414,10.836208,14.989322,,5.407440,4.768635,2.713343,2.536012,18.911386,17.108841,14.681279,13.883470,12.097534,10.691087,9.745999,10.294357,10.749731,15.158558,19.443244,5.357514,4.408626,2.305024,2.845148,17.719974,17.236076,15.823539,13.801941,12.981304,10.496257,8.921309,9.840683,12.262460,14.481458,19.592374,4.864505,6.058305,2.501820,2.251180,18.728472,17.539774,16.503219,14.549303,11.953940,10.118342,7.137534,6.404033,10.166146,13.875371,17.172821,4.949811,5.317996,2.781383,2.825062,17.144078,16.286862,15.709789,14.441603,12.561509,10.575086,9.567407,7.925925,9.371004,14.332203,18.237552,5.135843,4.479251,2.657595,2.773934,17.486970,14.984937,14.620452,14.242653,12.437483,10.614202,9.630817,10.134025,10.424315,13.336590,18.718991,5.378568,4.723737,2.634838,2.646332,,15.731321,13.829886,13.280892,12.434706,9.908528,8.406170,9.244829,11.932944,13.851661,17.567973,5.027562,5.673142,2.385978,2.307776,,,16.053381,14.237356,12.669548,10.541426,7.196741,6.558362,9.741927,14.388946,17.284417,4.998327,5.035542,2.522332,2.670224,,,,14.227585,12.767020,10.957378,9.164712,7.290625,9.230748,13.789850,19.026985,5.163653,5.094056,2.373900,2.558544,,,,,11.333633,11.054310,10.339021,10.643741,10.866124,13.794803,18.494133,,,,,,,,,,10.841687,10.403382,9.538550,10.978927,13.060300,16.925631,
5.669798,5.923848,,,17.714991,15.924602,15.559827,13.728303,11.678807,11.000999,,,,,,5.332049,5.059827,2.521455,2.737184,16.618027,16.457027,15.484568,15.062140,12.704828,11.084442,10.153260,,,,,5.210692,4.998469,2.509594,2.641004,16.323700,15.996582,15.831528,14.839092,13.709829,10.808712,9.934813,9.819447,,,,5.651086,5.101532,2.773568,2.397588,14.993490,15.297115,14.696493,13.973783,12.778545,11.207579,8.759157,9.935307,12.031063,,,4.949492,5.505235,2.460817,2.600160,17.108191,15.035542,15.683987,14.273777,12.479580,10.790422,8.881113,8.103371,11.580453,15.567975,,5.603425,4.914904,2.405357,2.662689,16.599677,15.011552,13.573153,14.356535,12.633731,10.698148,10.105636,9.794704,11.320818,15.698689,20.211777,5.222214,4.810152,2.371768,2.734815,18.112291,17.442492,15.809804,13.943012,13.363344,10.425252,7.646335,8.160379,10.148220,13.719408,18.568885,4.934646,5.260266,2.641801,2.246905,16.393032,16.776012,16.229973,14.399519,12.384943,11.066114,8.242181,7.063386,10.431333,14.085388,17.931299,5.480870,5.428593,2.630915,2.684427,17.721667,15.621069,16.178480,15.117642,12.782347,10.467930,8.552939,7.027068,8.648581,13.576077,17.819866,5.248335,4.702835,2.629402,2.830628,17.381368,15.577422,14.056476,14.484856,13.043774,10.781931,9.463715,8.705273,9.964050,13.303192,18.536694,5.169093,5.201993,2.671370,2.519810,,16.437904,15.058723,13.413795,12.756009,10.579126,8.639855,9.088224,10.426398,13.499640,17.458382,4.958158,5.872708,2.515206,2.390810,,,15.929521,14.558370,12.525556,10.638595,8.262133,7.948595,10.907102,14.039798,17.652131,5.319123,5.523198,2.441889,2.623411,,,,14.206215,12.721269,10.695173,8.605948,7.961348,10.187026,14.591585,18.375480,5.080916,5.001908,2.546318,2.671112,,,,,10.693895,9.883661,9.524942,9.651960,11.586169,14.769935,19.264372,,,,,,,,,,10.577082,9.397412,9.565695,10.713021,14.252137,18.219616,
5.583029,5.755523,,,18.987000,16.476305,14.599923,13.741578,12.435978,10.656843,,,,,,5.582674,5.973755,2.617420,2.386309,18.369015,17.692670,15.940306,14.195792,12.212806,10.665529,8.073997,,,,,5.673714,5.511022,2.369585,2.606516,17.228671,15.429755,15.438923,14.440334,13.167089,10.803814,10.496490,9.259484,,,,4.818154,4.948031,2.689729,2.473717,19.302033,16.860032,14.924822,14.231355,12.532118,10.884600,7.944613,9.373812,10.865439,,,4.837108,6.218294,2.484339,2.646193,19.895278,18.190789,16.306579,14.181040,12.773757,10.828254,9.635941,7.851816,11.484805,14.670423,,5.613371,5.338853,2.723302,2.586620,19.371532,16.264838,15.325762,14.038779,12.095269,10.754083,10.211093,10.907998,11.302038,15.948378,19.363726,4.956867,4.370273,2.453443,2.850304,18.771069,17.093856,14.450635,14.114149,12.974621,10.888987,9.052478,10.035342,12.645374,15.073118,20.479661,4.770131,5.575362,2.516625,2.484250,20.879652,18.049469,16.636900,13.948400,12.904182,11.109695,8.851191,7.142164,10.373530,14.444692,18.044617,5.223793,6.036066,2.842271,2.546016,20.443138,18.404178,16.100341,14.706344,12.154248,10.858878,9.543451,8.596647,9.045661,13.976960,18.480251,5.497102,4.520530,2.559853,2.780549,21.499408,18.364104,16.700267,14.827534,13.141525,10.838195,9.262341,9.150403,10.227938,12.698382,18.413971,4.933451,5.321496,2.777918,2.496454,,17.802226,15.153483,13.628067,12.254697,10.750542,9.749893,9.815019,12.103231,14.599469,17.876554,5.585820,5.571113,2.726781,2.583859,,,16.349434,14.082760,12.261450,10.891926,9.248403,9.621753,11.175808,15.004129,18.261273,5.363731,4.888035,2.611449,2.838070,,,,14.533529,12.711290,10.734071,10.008494,9.478546,11.846655,15.099819,19.760775,5.357657,5.118434,2.564052,2.622638,,,,,12.169569,10.819779,9.233447,10.146248,11.707678,15.338505,19.662690,,,,,,,,,,10.726982,9.086935,7.744625,10.186295,13.635957,17.917698,
4.760789,5.671002,,,19.260731,18.474514,15.468413,14.059486,11.890614,10.714304,,,,,,5.427411,4.796502,2.387763,2.641286,17.200655,16.192667,16.226113,14.026291,12.792286,10.842685,11.260530,,,,,5.429789,5.510666,2.519941,2.561267,16.710166,15.955778,15.223252,14.990853,12.969271,10.707909,8.455412,10.291221,,,,4.978223,5.041745,2.819578,2.463284,18.742332,15.871684,14.919130,13.724706,12.557980,10.790081,8.135461,7.215930,11.341565,,,4.634820,5.767561,2.551656,2.359865,18.164208,17.119177,15.253441,14.083772,12.616308,10.916067,10.247924,8.635193,9.846920,14.935109,,4.789264,4.872241,2.722021,2.728517,16.924653,16.009147,15.156320,13.901891,12.252704,10.604543,9.080778,10.322886,10.856217,13.525111,18.980961,5.013172,4.984677,2.448487,2.732617,18.338822,16.137174,15.220678,13.981013,12.888451,10.402448,8.481641,7.725516,11.057496,13.610876,17.114006,4.849455,5.562812,2.655964,2.254716,18.355158,18.152776,15.832791,14.055327,11.724190,10.332026,7.311061,6.375342,8.585914,13.248992,16.928601,5.367335,5.227560,2.484086,2.690542,18.411671,16.232760,17.018458,15.072330,13.076806,10.559527,10.233061,8.248327,9.276463,12.843503,17.733473,5.156375,5.035448,2.682864,2.685999,17.679706,16.065328,14.342367,15.128655,13.016591,10.615639,8.400134,10.121079,10.535911,13.408897,17.763102,5.503437,5.715998,2.602455,2.615388,,16.700665,15.124587,13.322151,13.207690,10.727121,8.206653,7.460883,11.397171,13.752281,17.451784,4.902260,6.194705,2.515280,2.241280,,,16.309612,14.268017,11.914701,10.326702,8.027613,7.028012,9.413487,14.681451,17.903177,4.842062,5.340851,2.694336,2.682507,,,,14.491827,12.463110,10.584482,9.175157,9.201923,10.520515,14.033038,19.438022,5.748792,4.545399,2.489856,2.832761,,,,,13.359512,11.019102,9.438142,8.468531,10.994740,13.969444,18.115524,,,,,,,,,,10.764923,9.150625,9.771108,11.419465,15.629481,19.050647,
5.168832,5.319695,,,20.037437,15.710195,14.138542,13.801153,12.558510,10.929422,,,,,,4.818993,5.793233,2.610548,2.504469,19.538477,18.431510,14.928026,13.713379,12.512259,10.672745,9.886694,,,,,5.436023,5.061640,2.525795,2.597785,20.441188,17.539193,17.008822,14.157007,12.801961,10.654218,8.657278,9.601110,,,,5.249743,5.717076,2.708559,2.398516,19.354541,17.678399,15.171954,14.578096,12.232961,10.591623,7.935930,7.615495,11.234353,,,4.322705,5.656893,2.435263,2.570646,20.194016,17.695292,16.591361,14.130712,12.774359,10.684403,8.643463,6.389710,8.948330,13.960088,,5.430412,5.168177,2.499814,2.413276,17.517346,16.803080,14.682107,13.968521,11.935929,10.708484,10.196043,9.722211,9.332378,13.071475,18.181280,5.558669,5.245596,2.449184,2.640045,17.479710,16.908194,16.171813,14.237608,12.984386,10.543172,8.217527,9.066576,10.323721,12.197218,17.163747,5.281261,5.571495,2.742288,2.477527,16.491637,15.884950,15.545721,14.255243,12.231376,10.513130,8.726519,7.329514,11.013531,14.345566,17.186122,4.440401,5.244195,2.713744,2.732324,18.405980,15.499935,15.372476,14.609600,12.574110,10.455716,8.628742,8.666149,9.520265,14.632714,18.907703,5.669961,4.054976,2.557298,2.636375,19.533084,17.349592,14.977014,14.787601,13.424810,10.896064,9.217880,8.425609,10.627803,13.039168,18.481878,4.927241,6.070910,2.715597,2.350585,,17.081614,15.517759,13.535741,12.757802,10.769147,8.329370,8.785267,10.795571,14.753527,18.008713,4.674512,5.641547,2.619125,2.491427,,,15.496233,14.198119,12.391338,10.837212,8.676589,7.391690,10.331922,14.152303,18.602229,5.243352,4.910899,2.570408,2.544650,,,,13.914428,12.466323,10.705290,8.587084,7.549863,8.478110,13.011965,17.649069,4.658727,4.813410,2.452760,2.702611,,,,,11.255202,10.488689,10.127135,9.371604,10.953649,13.126307,17.965071,,,,,,,,,,10.604704,9.322381,9.347535,9.385500,12.891388,15.946311,
4.955290,5.209881,,,17.273370,14.071251,13.522733,13.378119,11.647365,10.668699,,,,,,5.539838,5.091486,2.291608,2.733776,19.442364,17.442064,15.050386,14.479184,13.278040,10.731807,9.752801,,,,,5.440709,5.401672,2.476807,2.432509,21.408818,18.298400,16.639448,14.475973,13.107543,10.684750,8.077919,8.802043,,,,5.196936,5.560682,2.716981,2.491119,21.049785,18.457753,15.763418,14.195627,12.369757,10.729303,8.319849,7.938334,11.324357,,,4.712850,5.326384,2.433612,2.595146,20.688477,18.997876,17.208812,14.602224,12.634595,10.761677,8.641765,7.049121,9.487973,14.254098,,5.231091,4.830383,2.621651,2.779172,20.287357,16.659361,15.347897,14.192576,12.076237,10.556607,10.077595,9.570636,10.238408,13.801869,18.714139,4.385210,5.457370,2.461928,2.750019,18.760861,17.931985,14.865484,13.800031,12.814562,10.579987,8.881513,9.478518,10.574894,13.296793,17.685084,4.987869,5.819348,2.619837,2.454786,19.302334,18.142468,17.154072,14.043603,12.344250,10.711606,8.292880,7.073052,9.477348,12.499924,16.335737,4.361288,5.100544,2.601437,2.770613,19.901362,17.781228,16.887746,15.369157,12.219065,9.941379,8.293281,7.423126,8.543002,12.725125,16.819572,5.593414,5.462089,2.690613,2.727353,17.192210,16.959712,15.268319,14.799939,13.239723,10.933770,9.354724,9.345036,10.510742,12.624029,17.038804,5.173898,4.827418,2.524507,2.452760,,15.691708,15.358752,13.835104,13.135164,10.913569,9.627318,9.080783,11.197583,14.395212,17.523723,5.232990,5.366258,2.561737,2.388252,,,15.495288,14.203193,12.191718,10.669921,7.945267,8.472981,10.017824,14.114146,18.266170,4.920302,4.935694,2.805147,2.814219,,,,14.092146,12.246466,10.677977,9.731631,8.408987,11.547729,14.498665,19.155445,6.005852,4.841166,2.428594,2.555927,,,,,13.136618,10.717122,9.873583,10.042908,10.655228,15.143276,18.831285,,,,,,,,,,10.466612,8.704792,10.349794,13.005433,15.317656,20.097245,
4.599089,4.325539,,,16.302419,16.208238,15.162357,14.588080,12.959138,10.535485,,,,,,4.692109,5.319326,2.650235,2.498108,18.611555,15.640395,15.385324,14.029152,12.297165,10.453133,8.092814,,,,,5.486737,5.084706,2.442142,2.424557,19.461960,16.700497,14.091394,14.048076,12.907013,10.638275,9.860885,8.898038,,,,4.896922,4.082170,2.491722,2.459026,19.515822,18.974220,16.495541,13.728187,12.404332,10.820871,7.579957,8.250820,9.553473,,,4.748040,6.093319,2.749461,2.501715,19.249767,17.059234,16.835622,14.686864,12.174985,10.457359,9.526850,7.418486,10.604564,13.306046,,5.346400,4.578255,2.528686,2.678066,17.318093,15.906518,14.199482,14.181677,12.588515,10.846302,9.698277,10.234679,10.186929,14.546742,17.620109,5.162731,5.137871,2.462393,2.696380,18.500188,16.687742,15.425128,13.825623,12.955746,11.111818,9.693488,8.475256,10.423802,12.560585,17.684704,4.956369,4.902764,2.609800,2.465180,18.466585,18.015340,16.169191,14.314885,12.349122,10.391620,8.692412,8.640899,9.500464,12.834493,16.248613,4.570066,4.855450,2.429285,2.583571,19.820489,17.670406,17.190363,14.978393,12.428747,10.275234,7.738918,7.627068,9.875442,12.984455,16.788671,5.552452,5.066941,2.652417,2.747493,17.306855,16.735399,14.993219,14.744925,12.887445,10.755307,9.907236,8.723065,10.833434,14.011438,17.507694,5.254441,5.275811,2.816638,2.687322,,15.690521,15.141271,13.409209,12.448207,10.448096,8.683212,9.607308,10.469425,14.391516,18.251329,4.876703,5.502521,2.526275,2.465829,,,15.405897,14.396423,12.524974,10.679728,8.977186,8.596667,11.431451,13.951867,18.553584,5.205379,4.941414,2.509497,2.673537,,,,14.104225,12.444914,10.745839,8.954326,9.120140,11.026047,15.009142,18.240239,5.070939,5.538111,2.432471,2.543304,,,,,11.542474,10.176528,10.096490,10.302132,12.713205,15.706007,19.865374,,,,,,,,,,10.708139,8.226814,8.927389,10.592119,14.653204,18.647185,
5.389079,4.990877,,,19.852783,18.278234,15.472414,13.831573,11.103989,10.758030,,,,,,4.722974,4.845784,2.547290,2.567149,19.419248,16.385475,15.725884,13.837759,12.188198,10.515139,10.250540,,,,,5.593059,5.376939,2.459117,2.442306,18.610264,17.266525,15.023678,14.587848,12.917404,10.569960,9.672060,9.359964,,,,5.132255,5.513331,2.504947,2.428201,17.943854,18.072696,16.538879,14.451987,13.105264,10.883303,7.533181,8.010234,8.818383,,,3.949678,5.282665,2.537923,2.549546,17.825764,16.142816,16.364508,14.397794,12.580329,10.857025,9.387304,7.318744,10.273209,12.622969,,5.405507,5.604759,2.690430,2.554243,16.461734,15.101029,13.711301,13.815980,11.742124,10.740637,9.761530,10.145512,9.997919,13.767373,16.510907,4.837107,5.307248,2.111592,2.678750,16.322531,15.999609,14.889887,14.074142,13.449892,10.620264,10.104053,9.385900,11.562747,13.368586,17.852410,5.234815,5.204672,2.683136,2.320898,16.525599,16.521068,15.873726,13.761199,12.223001,10.341068,7.098480,8.091540,9.595014,13.691875,16.593527,4.942686,5.332020,2.608479,2.462173,16.976713,15.573925,15.946310,15.102126,12.364495,10.839923,8.421346,6.788525,10.431419,13.647005,18.389355,5.355434,4.999013,2.527968,2.812619,15.554520,15.026986,14.030016,14.399081,13.429423,10.674374,10.194877,8.947414,10.000950,14.761144,18.436422,5.099638,5.404499,2.498448,2.372975,,16.075914,15.327369,14.008602,13.176765,11.170209,8.242492,8.958423,9.818289,13.155200,18.515984,5.042566,5.355131,2.627110,2.508455,,,15.829666,14.403829,12.670609,10.785705,8.549864,7.271742,10.431853,13.310804,17.199128,5.051650,4.356890,2.660677,2.708486,,,,14.646080,12.681406,10.977341,8.908582,8.218137,9.769438,14.298383,17.837134,5.096300,4.938257,2.619095,2.688856,,,,,12.750859,10.675962,9.802888,9.070594,10.898198,13.909243,18.790924,,,,,,,,,,10.537861,9.471430,10.477603,11.947974,15.210437,18.377328,
5.307501,5.810282,,,19.441553,16.680813,15.216187,14.659722,12.452107,11.197375,,,,,,5.670225,5.335876,2.654897,2.668334,17.379681,16.669077,14.669718,13.487029,12.349295,10.629420,9.492208,,,,,5.420845,5.338492,2.479506,2.419191,16.996491,15.992990,15.913591,14.272203,12.746390,10.221732,8.847272,8.213618,,,,5.685072,4.636715,2.631927,2.493192,17.122452,15.619885,14.911504,14.519209,12.733959,10.822681,7.533571,8.050846,9.964866,,,4.757470,5.485542,2.335178,2.654737,18.552997,16.492335,15.608903,14.408855,12.964810,10.758376,8.692221,6.127356,9.612871,13.781181,,5.739046,5.234635,2.608926,2.509041,16.493401,15.516779,14.035125,13.401267,12.065729,10.540052,9.588318,9.276685,9.313933,13.856676,18.311749,5.257473,5.246576,2.472109,2.669921,17.994755,16.072621,15.425717,14.016785,12.573112,10.065222,7.616923,8.241837,10.227468,12.866584,17.980368,4.746819,5.677220,2.538507,2.483181,18.508776,17.145548,15.693878,14.501050,12.695477,10.621069,7.965749,6.790656,10.310052,13.840670,17.239906,4.728534,6.039560,2.450102,2.619188,20.092986,17.560265,16.636219,14.980892,12.805838,10.484559,8.356714,7.167567,8.834154,13.716771,17.586311,5.461234,5.558067,2.641153,2.646470,19.691565,16.750745,14.774344,14.259502,12.833521,10.570960,9.466074,9.396175,10.571494,13.372298,18.270926,4.969858,5.440474,2.639470,2.508561,,17.310076,15.114433,13.389888,12.452180,10.525243,7.806428,8.540085,11.142381,14.302055,17.900429,5.095257,5.341525,2.603293,2.530919,,,15.976384,14.191613,12.211888,10.446899,8.209471,6.379545,9.914075,14.309204,18.137061,4.154125,5.257388,2.693960,2.677706,,,,13.463222,12.359344,10.812997,9.363709,8.738872,9.551640,14.436821,19.223719,4.838488,4.813470,2.580030,2.602577,,,,,10.870252,10.519199,9.923860,9.718070,11.033687,13.253213,18.433394,,,,,,,,,,10.479012,10.125352,9.625822,10.016800,12.904798,16.545291,
5.586144,4.865164,,,16.716061,15.922073,14.948785,14.568116,13.542162,10.545979,,,,,,5.516464,4.967646,2.635042,2.350410,19.294959,16.746785,15.844496,14.307549,12.696594,11.038386,8.352433,,,,,5.692569,5.158920,2.539562,2.639838,19.870316,17.829409,16.070259,14.928805,13.085699,10.754220,9.504326,8.928846,,,,5.180994,4.761605,2.630095,2.692362,19.159225,18.663540,16.297758,14.901987,12.978690,10.816670,8.327942,8.797410,11.025677,,,4.413059,5.601291,2.431606,2.615449,19.195568,17.062474,16.870935,14.099557,13.052804,10.784552,9.226323,8.330110,11.119994,14.657830,,5.706844,4.994946,2.575161,2.417349,17.357855,15.886772,13.768598,13.617395,10.809762,10.643291,9.459482,9.816594,11.077251,14.805182,18.256875,4.913750,4.966653,2.323267,2.750686,17.447949,16.839877,15.735057,13.901331,13.313490,9.994426,10.094517,9.256704,11.180032,14.185734,18.738348,4.615190,5.188340,2.518058,2.170329,18.476899,17.072664,16.525252,14.770399,12.451505,11.068906,7.954452,9.123783,10.390139,13.865528,17.818014,5.727384,5.636552,2.729498,2.797235,19.906974,16.188458,15.293211,14.698928,12.603230,10.604464,9.594029,8.382527,11.350641,14.196640,18.088699,5.061955,5.250131,2.559542,2.685524,20.402462,18.166909,15.087996,14.217058,12.923917,10.047714,8.581239,8.658351,10.399935,14.727329,18.753814,4.831757,4.869360,2.626808,2.470596,,18.768326,16.688534,13.959222,12.543400,10.474574,7.432374,7.924317,10.217776,13.612237,18.436974,4.805743,5.452157,2.809584,2.542884,,,16.054698,14.220791,12.257425,11.032102,9.271270,7.991409,11.004063,14.465393,18.091839,5.361320,5.117428,2.719972,2.549530,,,,14.080204,12.183780,11.005062,9.952466,9.022506,10.043890,14.528092,18.671394,4.632443,5.388501,2.506417,2.674294,,,,,11.537354,10.324594,11.017541,11.386103,12.147905,14.714062,19.635822,,,,,,,,,,10.795199,9.153768,10.681372,11.754498,13.797215,17.534643,
5.252787,5.413853,,,19.626905,17.398569,17.380281,14.624619,11.721918,10.478778,,,,,,5.410523,4.859947,2.435045,2.588504,17.259131,15.911888,14.108887,14.211776,11.972430,10.556838,10.573344,,,,,5.062559,5.351025,2.303246,2.588543,18.041233,17.401030,16.219180,14.165453,13.157041,10.437815,10.014074,10.098145,,,,5.758954,4.893193,2.732599,2.321758,17.126878,16.085034,15.203646,13.968242,12.000057,10.647254,9.154290,10.995880,12.812017,,,4.471240,5.710582,2.498270,2.640257,18.183348,16.443215,15.777244,13.983367,12.143045,9.900332,8.046723,8.842550,12.752851,16.171451,,5.314006,4.683959,2.632421,2.697087,16.459418,15.557874,14.491640,14.160274,12.073150,10.534294,9.625756,9.096229,11.947489,16.383431,20.313776,5.443804,4.882989,2.285923,2.743021,18.369323,16.127742,15.316533,14.433175,13.553895,10.529753,8.841509,9.358409,10.507712,14.969207,19.629210,5.095602,5.480686,2.556103,2.272595,19.438778,18.597100,16.344476,14.481747,12.616157,10.609060,7.062685,6.494503,9.960432,13.201820,18.038939,4.390219,5.846346,2.455155,2.643103,19.178866,17.920119,17.292900,15.287848,12.903082,11.088521,9.373373,7.381417,9.350908,14.221988,17.985676,5.080364,5.015059,2.696930,2.790221,16.876046,16.126403,15.127776,14.469167,12.848099,10.613214,10.095366,10.214607,10.262441,13.258310,18.239477,5.428164,5.653269,2.622866,2.497618,,16.014705,15.409606,14.377322,12.973355,11.135828,8.590551,9.226399,11.251507,13.274274,17.109000,5.313896,5.073969,2.513977,2.599924,,,15.383881,14.258505,12.866884,10.692010,9.319138,8.006963,11.057938,14.864334,17.735239,4.718766,5.190611,2.539451,2.553948,,,,14.235259,12.063540,10.224168,7.872358,8.542907,9.946643,14.750204,19.259463,4.995236,5.631360,2.680008,2.692224,,,,,12.507416,10.393030,9.608041,8.920158,11.838123,14.337867,19.377917,,,,,,,,,,10.587020,8.542371,9.336354,10.845468,15.300649,18.488421,
4.814887,5.356739,,,18.141446,17.376265,14.574340,14.065347,13.105803,10.871347,,,,,,5.607313,5.203942,2.549898,2.276542,17.328774,17.365345,16.524337,14.170619,13.011262,10.929513,9.176263,,,,,5.769110,5.115634,2.513585,2.513099,18.333759,17.311638,16.790301,15.038163,12.889490,10.735916,7.616871,7.778740,,,,5.224238,5.247262,2.512639,2.440306,17.248870,17.478637,16.144337,14.692600,12.044858,10.733695,8.745683,6.924224,10.450918,,,4.742419,5.735066,2.551838,2.390388,17.671500,14.453084,15.236941,14.138019,12.640613,10.597522,11.510110,11.265515,11.312027,15.533069,,5.326621,5.055593,2.504041,2.605673,18.691789,17.304517,14.446179,14.818697,13.208614,10.915125,8.954339,11.567659,12.794041,14.462945,19.207765,4.937236,4.651815,2.281495,2.669917,18.934164,18.381583,16.972907,13.988572,13.172212,10.850790,7.999825,7.596728,12.125763,15.157445,18.066638,5.519828,5.229166,2.754892,2.386475,16.027855,15.788941,15.417427,14.024589,11.536855,10.596524,9.155465,8.208335,10.772184,15.822627,19.349367,4.964140,5.611606,2.628116,2.532082,17.790509,14.888547,15.218363,14.565279,12.666899,10.422151,8.582392,8.284779,9.720639,14.295347,19.367619,5.220059,4.837442,2.544792,2.594497,18.791934,16.799750,14.234433,14.453272,13.177924,10.902265,9.576915,8.185150,9.980759,13.216209,18.389074,5.670646,5.205833,2.521441,2.524374,,18.338876,16.396594,13.725828,13.042441,10.740034,8.264615,8.823173,9.444623,13.006373,17.108652,4.677042,4.822404,2.657361,2.454401,,,16.499598,14.447387,11.917627,10.559382,8.244258,7.679888,11.328551,13.945362,17.946562,5.107419,4.922349,2.796538,2.636177,,,,14.142812,12.295266,10.575706,9.548171,8.823842,10.517841,15.225406,18.342879,5.046814,4.978234,2.619427,2.698921,,,,,12.377207,10.493826,9.771517,9.272831,10.596491,13.933658,19.134772,,,,,,,,,,10.527547,8.460570,9.026158,9.750129,13.033523,17.205382,
6.147309,4.877210,,,20.785943,17.342384,16.315255,14.624847,11.843980,10.945232,,,,,,5.282053,5.410152,2.459888,2.731188,17.660599,16.553480,14.196139,13.736067,12.328985,10.858965,10.621828,,,,,4.744802,5.644176,2.291799,2.534354,18.570352,16.682339,16.187191,14.390719,13.232370,10.885024,9.872186,9.670811,,,,4.929978,5.355934,2.723360,2.531069,15.919595,16.029482,14.329939,13.754748,12.232859,10.786270,8.853071,9.961805,11.430463,,,4.568535,5.888456,2.638858,2.491062,17.885564,14.980106,15.494947,13.507328,12.170671,10.333167,8.210456,7.251896,10.713671,13.737532,,5.632570,4.775500,2.586990,2.606810,17.521408,15.721929,13.339015,14.104222,12.212954,10.720438,9.843566,8.637567,9.837285,14.404334,17.973800,4.915711,5.300770,2.428703,2.747549,17.800521,17.611355,15.848781,13.419554,13.344183,10.853317,8.696360,9.088380,9.891984,13.446104,18.614349,5.129590,4.855177,2.482461,2.258249,18.789391,16.819489,16.713476,14.567783,11.976868,11.194394,9.139562,8.063452,11.045971,13.675510,17.857270,5.303738,5.795328,2.647541,2.717249,18.736992,15.341886,14.078109,13.991771,11.901636,10.291853,10.067113,10.269366,11.322345,15.616053,18.566957,5.219625,4.878996,2.439217,2.762678,20.575303,17.868720,15.111899,14.320058,13.335506,10.692529,9.473971,9.200513,11.481243,14.202256,19.416131,5.064973,5.370898,2.518977,2.355525,,17.744454,15.746061,13.419321,12.840451,11.249144,9.137164,10.092943,11.358661,15.215639,18.641531,4.938903,5.526081,2.949867,2.393962,,,15.562034,13.893856,11.460734,10.424067,8.278150,7.693096,11.246687,14.141226,18.596563,5.092789,5.063878,2.540774,2.830609,,,,13.956166,12.800813,10.664883,9.561785,7.724986,9.450095,14.456063,18.155499,5.383156,4.439268,2.720337,2.594457,,,,,11.445702,10.647101,9.237142,9.103592,9.398323,12.944673,18.486017,,,,,,,,,,10.852965,11.458835,11.800905,12.911183,14.258030,18.196330,
5.415118,5.155296,,,18.740154,15.507293,14.562749,13.502214,11.389134,10.383874,,,,,,5.304621,4.951666,2.456885,2.694946,18.950134,18.039679,15.687887,14.566870,12.911965,10.605940,8.580328,,,,,5.099622,4.959458,2.565862,2.563189,17.788436,17.294573,16.546950,14.610834,13.025204,10.925218,9.298214,8.007658,,,,5.265410,4.703731,2.791952,2.700121,15.211788,15.863347,15.122632,14.103949,12.459037,10.660584,8.941914,9.322892,10.256506,,,4.158442,5.868063,2.389425,2.515136,18.271044,15.152802,15.918172,14.364352,12.567142,10.844973,8.759025,7.961965,10.611216,13.437090,,5.342298,4.690838,2.812720,2.641332,17.959909,16.135326,13.420772,14.109297,12.316056,10.635613,10.299606,9.553057,10.603979,14.213979,17.446630,4.943795,5.245797,2.296275,2.721589,17.940439,17.417688,15.868472,13.703720,13.488020,10.908373,9.098483,10.396483,11.326973,14.085534,18.430935,5.148337,5.772649,2.761456,2.261545,17.355411,17.056525,16.286258,14.247925,12.152949,10.690946,7.949418,7.419869,11.262498,13.910750,17.524088,5.292232,4.738142,2.684719,2.351838,19.117864,16.234410,16.277691,14.917008,12.374432,10.656556,8.227204,6.852114,8.934453,14.336068,17.795598,5.412842,4.762184,2.686566,2.660263,17.419206,16.593872,14.545170,14.753134,12.993334,10.558401,10.247299,8.592601,9.958802,13.436987,19.127399,4.615137,5.706879,2.364406,2.494568,,16.036180,15.305531,13.775255,13.364220,10.851442,8.854048,10.336327,10.561657,13.897144,17.972677,4.732687,5.422722,2.507360,2.356143,,,16.035263,14.438513,12.439291,10.755390,7.537011,6.688543,10.019163,12.502158,16.608494,5.096841,5.390938,2.805405,2.490880,,,,14.448329,12.315790,10.699051,8.806966,7.022520,8.937369,13.329114,16.810122,5.074876,4.877108,2.579716,2.618529,,,,,12.735355,10.158778,9.561653,8.551847,9.574282,13.055510,17.688091,,,,,,,,,,10.888685,9.171823,10.917205,11.858476,14.330861,17.944470,
5.449507,4.985089,,,21.120341,18.243331,17.230963,14.105429,12.540501,11.078524,,,,,,4.721230,5.615666,2.487741,2.540828,18.958890,17.244615,15.288768,14.875700,12.392830,11.145350,11.265793,,,,,5.183092,4.800199,2.579650,2.725831,17.041791,17.058430,15.711964,14.165841,13.336489,10.967270,9.263494,10.515224,,,,5.652037,5.160875,2.792427,2.356665,17.096805,16.115811,15.733986,14.120983,12.438100,10.728057,8.766619,7.521170,10.667108,,,5.075725,5.431878,2.413062,2.513689,18.908509,16.453211,15.857335,14.601654,12.589733,10.943305,8.703852,8.504060,9.355942,13.807942,,5.684072,5.071440,2.670984,2.790440,19.093696,15.961199,14.039861,13.670970,12.017666,10.605853,10.575143,9.934808,11.897631,14.144507,18.790320,5.410683,5.392011,2.260307,2.555239,19.415358,18.465808,16.025451,14.390741,13.385737,10.453207,9.172265,10.547511,11.613299,15.205195,18.754947,5.020352,5.325285,2.772189,2.364684,20.296103,17.508218,16.605610,14.275872,12.348423,10.636010,7.457357,8.177746,11.963113,14.916798,18.879282,4.839650,5.246360,2.692502,2.692820,19.251685,18.070039,15.919411,14.759131,12.588666,10.600934,8.736458,6.961603,10.174624,15.152740,18.893458,5.250664,4.869273,2.730428,2.789209,16.749798,16.382894,15.371598,13.770520,12.346448,10.759476,9.598155,8.998193,9.792238,14.134827,19.373105,5.736573,5.374840,2.543090,2.517194,,15.906370,15.350056,14.056937,12.608989,10.248664,9.164016,9.088035,10.275975,13.259239,18.126086,5.095808,5.305261,2.615094,2.376715,,,15.345492,13.798304,11.785282,10.383899,7.646604,8.499210,10.904752,14.142323,18.035444,4.878585,4.429994,2.654623,2.737992,,,,14.136667,12.267621,10.480322,10.544909,9.373035,12.091679,15.536203,19.179062,4.956238,5.047994,2.496124,2.648275,,,,,12.604687,10.363286,9.178239,11.054617,11.922097,15.746215,19.785898,,,,,,,,,,10.487061,9.263900,10.047079,13.787960,15.996031,20.020736,
5.538891,4.750955,,,17.294367,16.878567,15.806671,14.109219,11.701217,10.528433,,,,,,5.777317,5.450605,2.517374,2.555773,17.130443,15.255539,15.533181,14.704706,12.812155,10.850339,9.120412,,,,,5.692190,5.638900,2.392042,2.614357,17.285008,16.782695,15.315076,15.033309,13.524057,10.823714,9.382445,7.874674,,,,4.378031,5.163997,2.594240,2.564834,17.671154,17.315682,16.099670,14.258838,12.710448,10.509198,7.940909,8.872066,9.755521,,,4.483164,5.781234,2.492875,2.531850,19.626284,16.322450,16.264791,14.549838,12.736438,10.793087,9.115520,8.472562,11.574534,13.625492,,5.634823,5.077960,2.584788,2.648564,17.793771,16.253142,13.408533,13.589419,11.705965,10.671635,9.758532,10.087953,11.689202,15.561230,17.759814,4.779058,4.368116,2.259038,2.650890,17.709785,16.978826,15.966270,13.883246,13.473565,10.683132,9.722942,9.059666,11.226959,14.885413,19.618842,4.639707,5.562976,2.773537,2.179014,15.578034,16.729735,16.113767,14.512904,12.388002,11.068818,8.010809,8.233102,9.823717,13.704318,18.116419,5.334649,5.705524,2.692303,2.520717,16.681543,14.559105,15.845150,15.073818,12.852046,10.989645,9.220246,7.006386,9.357748,12.900216,17.425425,5.656545,5.389694,2.594021,2.592947,15.226202,14.956504,13.315998,14.206973,13.221741,10.709408,10.182914,9.400085,9.473732,13.422634,17.843540,5.426710,5.310830,2.521897,2.456236,,16.067359,15.195752,13.423935,12.734656,10.840912,8.066586,9.520396,10.838469,12.932674,17.666795,4.695237,5.489272,2.542386,2.402027,,,15.678639,14.087959,12.489624,10.734051,9.251284,8.525331,12.483192,15.407481,17.883341,4.879597,4.707809,2.818004,2.467631,,,,14.356970,12.040854,10.790302,8.789057,9.068699,10.888640,15.890704,19.420826,4.895205,4.804326,2.497843,2.507268,,,,,13.149240,10.558883,10.456374,9.401756,11.786251,15.003184,20.227195,,,,,,,,,,10.681456,8.688939,10.525101,11.607632,15.380271,18.909636,
5.583361,4.879201,,,17.419445,14.477082,14.060996,13.655900,12.445358,10.891379,,,,,,5.091406,5.796189,2.486198,2.528640,16.720997,15.856298,14.090771,13.857496,12.575166,10.803952,10.007203,,,,,5.976237,5.450186,2.225546,2.592389,17.816798,16.826399,16.330398,14.744453,13.655179,10.959074,8.422223,8.784210,,,,5.758727,5.212084,2.680095,2.435737,17.161546,15.692344,14.698866,13.868447,12.316421,10.778007,8.015354,7.938882,11.190751,,,4.739248,5.991090,2.510653,2.574272,19.646652,16.234518,15.390456,13.729300,11.922094,10.000281,8.169944,6.950277,10.315721,14.794485,,5.378325,4.828356,2.658795,2.645730,17.834615,16.848841,14.033107,13.904172,12.279714,10.592603,10.122015,9.824941,10.706568,14.927903,19.445479,5.235094,4.855517,2.300027,2.751893,18.480331,16.682469,16.082198,13.842898,13.572267,11.398012,9.445343,10.382278,11.834554,14.624480,19.549451,4.772702,5.939355,2.801228,2.330722,18.813104,16.867935,15.121367,14.002709,11.824173,10.934521,8.821245,8.111160,11.684368,14.944103,18.448251,4.536086,4.923357,2.437774,2.667711,21.359717,17.518238,15.989618,14.009758,12.216820,10.236617,8.978634,7.924198,9.350858,14.507013,18.548729,5.733567,4.456868,2.470540,2.501544,19.720062,17.848608,14.443717,13.602169,12.220800,10.771593,10.396022,10.644166,11.275683,13.656963,19.011796,4.626283,5.621703,2.527741,2.615396,,17.948993,16.371332,13.561588,12.540742,10.629622,8.775583,9.938779,11.659968,14.239941,17.814300,4.456810,5.336267,2.637114,2.554006,,,15.503152,13.939610,11.777841,10.904419,9.603161,8.829107,11.839627,15.031059,18.276882,5.338961,4.720335,2.739676,2.551641,,,,14.490992,12.340132,10.499341,9.140921,8.441544,9.132518,13.398080,17.791457,5.399959,4.822660,2.550065,2.513263,,,,,12.964529,10.615283,10.101523,9.468274,10.720355,12.946194,17.706311,,,,,,,,,,10.853802,8.337468,9.483417,10.449978,13.787700,17.046721,
5.101543,5.651212,,,19.724161,15.812401,14.841987,13.540117,11.751394,10.975789,,,,,,5.587207,5.186872,2.191053,2.793933,17.949795,16.740115,13.718768,13.535710,12.607386,10.903992,11.168280,,,,,5.320726,5.196952,2.415970,2.571860,18.912409,17.810262,16.587119,13.947935,12.775991,10.627101,7.958513,8.811758,,,,5.339311,5.269531,2.645751,2.544355,18.600266,16.954398,15.981637,14.438499,12.422363,10.860633,8.848295,7.615447,10.840137,,,4.084394,5.190840,2.647794,2.471078,20.496267,16.802750,15.597818,14.119466,11.815886,10.490484,8.905425,8.340918,9.854001,14.618197,,6.175948,5.353648,2.601110,2.455317,20.099375,17.721757,14.579845,14.058613,12.758482,10.705732,10.936464,10.438593,11.316430,13.724903,18.664640,5.395269,5.295350,2.348629,2.594765,17.718260,17.598147,15.938572,13.699835,13.070854,11.093949,8.979932,11.229518,12.412035,15.237955,18.830500,4.938820,5.997742,2.685203,2.424060,15.331390,16.402755,16.057745,14.217752,12.194987,10.554186,8.144461,7.416443,11.673242,14.781985,18.665636,4.513915,4.861826,2.553883,2.477024,18.188540,15.336976,15.944678,14.771830,12.493703,10.653623,8.243296,6.651839,8.743975,13.872199,18.030774,5.472317,4.748647,2.852360,2.735515,18.338692,16.919838,14.179390,14.221730,12.550648,10.511786,9.908301,8.696475,9.358651,12.844477,18.032627,5.144425,5.440562,2.747583,2.496767,,16.952857,15.525465,13.094909,12.369335,10.460212,9.607819,11.194133,12.064925,14.286424,18.218648,4.656033,4.755959,2.509629,2.462110,,,16.362706,14.580333,12.366048,10.721776,9.006696,9.986598,13.354711,15.927762,18.932755,4.405455,5.294097,2.654028,2.478639,,,,14.487681,12.359655,10.740006,9.016234,9.064122,11.982149,16.220646,19.692170,5.620489,4.863899,2.501779,2.617974,,,,,12.153000,10.343505,10.324528,9.737663,11.825833,15.545969,19.901388,,,,,,,,,,10.820535,8.408449,9.584719,10.041797,14.035187,18.448330,
4.571585,5.340054,,,20.249224,17.842738,16.889083,13.860650,12.387885,10.880501,,,,,,5.482609,4.777102,2.577827,2.703200,17.943411,17.444488,15.586424,14.693246,12.222765,10.489294,9.655140,,,,,5.123912,5.349155,2.611467,2.462330,17.916431,16.933954,16.361098,14.567983,12.834216,10.495759,7.935256,7.911347,,,,4.977274,4.935731,2.745865,2.445801,17.449258,16.058038,15.251012,14.374698,12.754560,10.627311,9.545308,7.878981,10.074215,,,4.354805,5.374481,2.621866,2.514917,18.661044,15.855004,14.984404,13.865661,12.384438,10.898571,8.751475,9.709442,9.913123,13.673562,,5.776538,4.403574,2.514733,2.625399,17.345891,15.822679,13.524127,13.141933,12.096745,10.645788,10.369348,9.548003,12.417864,13.765683,17.917607,5.441792,5.298544,2.339146,2.605110,19.712885,17.220555,15.960745,13.863789,12.902376,10.681527,8.417046,9.069984,10.077566,14.702989,17.504354,5.083846,5.400278,2.693138,2.473112,17.526996,18.153651,15.872155,14.260651,12.124769,10.808018,8.659936,7.606394,10.839621,13.783427,18.816435,4.845656,5.388581,2.529591,2.803739,18.876295,16.632757,17.128121,14.755614,12.541453,10.357380,9.005006,8.177027,9.359133,14.073603,17.807319,4.979518,4.672848,2.494693,2.713341,17.196745,16.042456,14.307506,14.671121,12.703694,10.707733,9.938971,10.268642,11.532402,13.788072,18.739089,4.398378,5.008579,2.503801,2.699048,,17.274777,15.908270,13.950543,12.963748,10.645202,8.325204,8.801604,10.860892,14.035069,17.180787,4.956606,5.408084,2.715846,2.258685,,,16.134236,14.364781,12.341012,10.494100,8.829986,7.764667,10.501377,14.021725,17.838909,4.469776,5.446314,2.736084,2.454746,,,,14.156154,12.124623,10.646322,8.689915,9.169078,10.335371,14.493035,18.635177,5.291790,5.302350,2.596948,2.705059,,,,,12.000903,10.236336,10.169469,9.384968,11.844327,14.166280,18.676024,,,,,,,,,,10.716751,8.440323,9.475223,10.099543,14.204793,17.630435,
5.297540,5.527443,,,18.117434,15.466827,14.572229,14.145658,13.131857,11.080139,,,,,,5.026583,5.064919,2.244295,2.565414,19.857473,18.724495,16.293934,14.786982,12.856800,10.645512,8.004085,,,,,4.889610,5.394579,2.841590,2.648666,18.453832,17.343130,16.327028,14.204264,12.586726,10.210667,8.530084,8.166870,,,,5.151014,4.792474,2.733906,2.593148,17.662344,16.056676,15.041037,13.986417,12.268350,10.779123,8.610617,8.618010,10.879880,,,5.115019,5.522506,2.707606,2.669835,20.526278,16.694051,15.429675,14.014224,12.357129,10.651998,9.143661,7.769914,9.960707,14.114844,,5.168002,4.655174,2.623418,2.666071,20.110353,18.498859,15.279788,14.310391,12.644417,10.802156,10.118536,9.845922,10.531152,14.087848,18.795566,4.944702,4.532637,2.343878,2.769518,20.839274,18.775367,17.249809,14.371278,13.130392,10.927439,8.935973,9.748720,11.260706,13.917726,18.243540,5.190303,4.790085,2.590004,2.550483,18.519254,17.104573,15.307300,13.740868,11.466502,10.678616,9.248013,9.011692,12.215183,15.067778,18.279458,4.384533,5.523364,2.570315,2.715588,20.088359,17.479607,16.571639,14.777415,12.570538,10.351886,9.045313,7.983867,9.297477,14.023716,17.933913,5.655317,4.482479,2.574851,2.648623,19.374395,17.642747,15.575564,14.937770,13.282766,10.970750,9.836891,9.372837,9.868919,12.517961,17.723844,5.070907,5.712916,2.802264,2.514313,,16.957324,15.314259,13.486030,12.416123,10.429633,8.178762,9.192473,10.667306,13.152400,16.868987,4.681682,4.827890,2.652166,2.595892,,,15.782620,13.956298,12.189289,10.495110,8.444414,7.242989,10.620534,13.600870,17.026492,4.869466,4.714093,2.623512,2.621650,,,,14.569761,12.334070,10.566311,8.521955,7.595195,8.611413,13.460264,17.268747,5.749614,4.530186,2.631829,2.831040,,,,,12.899212,11.043798,10.445489,9.532151,10.794612,13.026692,18.173388,,,,,,,,,,10.425652,9.302205,10.514418,11.573135,14.943551,17.952518,
4.615922,5.321440,,,18.205097,16.514735,14.225372,13.607329,12.320447,11.042397,,,,,,4.585641,5.363046,2.445399,2.513218,18.639606,17.774589,16.573397,14.237939,12.586254,10.628783,10.043695,,,,,5.196508,5.024910,2.651921,2.623060,18.080162,16.042080,15.537306,14.733688,12.744903,10.746540,9.478114,10.948935,,,,5.442852,5.720076,2.615004,2.498081,16.947474,16.505621,14.768985,13.952904,12.862276,10.824451,8.355214,8.445676,12.130857,,,4.767326,5.453809,2.436775,2.548448,18.967618,16.395509,16.109583,14.041353,12.217291,10.337879,8.515630,6.804072,9.582855,14.607445,,5.673532,5.025760,2.524855,2.730492,18.292802,16.206380,14.073823,14.057179,12.381185,10.705466,9.811291,10.179931,10.347699,14.099770,19.234987,5.176776,5.286575,2.310642,2.673827,19.581212,18.345336,16.516924,14.267538,13.399247,11.209784,8.907830,8.791885,11.565350,13.799554,18.494917,4.320336,5.009177,2.537829,2.458099,20.080122,17.884760,16.659777,14.620458,12.162155,10.765816,9.277630,8.483864,10.940172,15.323843,18.192580,5.374190,5.442625,2.619710,2.788362,18.088367,16.683159,15.106689,14.191388,12.574050,10.989080,10.365390,10.749310,11.644848,15.013833,19.529417,5.364782,4.922491,2.481233,2.776155,17.888849,15.802037,15.033272,14.058043,12.736790,10.955912,9.886642,9.753207,12.130108,14.763145,19.136605,5.213385,5.074319,2.459699,2.640037,,16.947524,15.381108,14.303943,12.953327,10.545447,8.394347,8.378503,9.782592,14.009792,17.838676,4.972145,5.330362,2.706132,2.434984,,,15.715669,14.127078,12.265098,10.442797,7.565404,6.707907,9.516940,12.848090,17.715887,5.442562,4.983073,2.568370,2.749565,,,,14.012607,12.817735,10.871199,9.744030,8.078914,9.576692,13.744368,17.605569,4.607114,4.562897,2.712145,2.565863,,,,,11.001799,10.543680,9.469097,10.468979,11.224132,14.245426,18.826504,,,,,,,,,,10.886311,10.497338,9.632983,11.635750,13.797261,17.673231,
5.912706,5.287002,,,17.614118,16.397888,15.715038,14.799154,13.170997,10.427418,,,,,,4.992681,4.526468,2.643082,2.554013,17.281006,16.381929,15.694995,14.691655,12.956889,10.853621,8.913161,,,,,5.511947,5.307647,2.516095,2.620202,18.585710,15.867147,15.409861,14.679676,13.223020,10.952554,9.061630,9.144441,,,,4.898922,4.999055,2.610756,2.626161,18.100479,17.801086,15.458048,14.519191,12.826276,10.485727,7.807806,7.217341,10.260393,,,4.826816,5.814092,2.567680,2.554529,18.797670,16.379819,16.426438,14.275198,12.871444,10.704246,8.440734,7.276401,9.195622,13.699307,,5.305047,5.108342,2.632025,2.629931,16.712023,15.582346,13.769636,13.792010,12.008986,10.661468,9.290843,8.814825,10.252381,13.364392,17.987886,5.506842,5.666518,2.434204,2.637563,18.250938,15.794076,15.257405,13.853490,12.784153,10.579063,8.514697,7.878080,9.646166,13.245896,17.106393,5.343747,5.573808,2.691422,2.401697,16.610800,16.494869,14.600444,13.851915,12.415454,10.170628,8.514459,7.698591,10.089043,13.703633,17.935836,5.057163,5.302291,2.703510,2.380992,17.976260,15.373005,15.533622,13.808422,12.424297,10.899237,7.921412,8.271468,9.934270,14.236518,18.357426,5.505352,4.920977,2.379147,2.643997,19.825759,17.096441,14.840634,14.672905,12.907708,10.914218,9.775030,7.565706,10.590477,13.879656,18.773240,4.374228,5.351209,2.563331,2.607838,,18.654838,16.052833,13.544090,12.146802,10.042041,7.834729,8.500005,9.378198,14.221134,18.116195,5.211307,5.133060,2.663620,2.446962,,,16.398521,14.215828,12.069775,10.415763,9.416910,8.645844,11.291700,13.468584,18.444826,4.972035,4.637469,2.599612,2.584081,,,,14.506765,12.400884,10.414032,8.189988,8.905312,10.316987,14.575643,17.808252,5.385430,5.033626,2.483305,2.775101,,,,,12.053525,10.911260,10.282326,9.259889,12.080436,14.713094,19.320305,,,,,,,,,,11.123600,10.031636,10.118262,9.964785,14.201257,17.998502,
5.746611,5.603535,,,19.429353,19.521879,18.009845,14.237611,13.145041,10.874436,,,,,,5.184203,5.643745,2.496389,2.417545,18.570930,15.857985,16.571841,15.259792,11.988588,10.589137,9.742451,,,,,5.348403,5.767198,2.462462,2.588732,19.833525,18.278978,15.605266,15.753421,13.731290,10.335187,7.753230,8.265566,,,,5.170433,5.063610,2.814611,2.463941,18.704871,18.235226,16.522912,13.720079,13.095027,10.830600,8.762790,7.388368,10.805465,,,4.745375,6.110034,2.640122,2.351168,19.309322,16.564690,16.505181,14.698331,12.145194,11.116702,9.529136,10.110688,10.783061,15.343202,,5.562166,5.179548,2.662393,2.702210,17.996281,16.101229,13.785234,13.940430,12.270240,10.618241,10.332453,10.595313,13.320366,15.201780,19.934912,5.377304,4.943847,2.494272,2.647225,18.993691,17.343962,15.558796,13.566509,13.028060,10.804456,9.778211,9.642930,11.834907,16.330160,19.519092,4.654191,5.241487,2.567048,2.386476,18.043709,18.111581,16.699263,14.428683,12.388057,10.920048,8.761448,9.531894,11.259900,15.072116,20.053642,3.822468,5.147266,2.734855,2.619726,18.550199,16.183757,16.481739,15.039081,12.386460,10.672865,9.140739,8.520792,11.466935,14.827127,19.070050,5.331407,5.055716,2.676950,2.768198,17.376907,16.155214,14.177964,14.543556,13.228824,10.670248,9.951086,9.347758,10.501730,14.448105,18.423096,4.809914,4.840311,2.676172,2.527474,,16.466972,15.034297,13.177888,12.546108,10.787758,8.155808,8.919600,10.027197,13.228897,17.947262,4.874536,5.840941,2.643896,2.433663,,,15.863742,13.872378,11.983418,10.339594,8.686877,7.403182,10.327904,13.125747,17.104017,4.502781,5.116981,2.530894,2.535236,,,,14.496407,11.948558,10.381701,8.516943,8.419304,9.727632,13.989583,17.587373,5.145826,5.025335,2.471350,2.687215,,,,,12.458122,10.318213,10.342152,10.038999,11.698854,14.000305,18.412547,,,,,,,,,,11.055894,8.551699,9.658691,10.797251,14.105982,17.549619,
5.433237,5.407567,,,18.087846,17.311248,14.364561,13.854428,11.701865,11.098458,,,,,,5.259792,5.777749,2.480425,2.822718,18.433061,16.484802,16.485049,14.068214,12.807486,10.690539,9.816318,,,,,5.200241,5.494789,2.514593,2.437813,16.997300,16.883247,15.452618,15.215056,12.931156,10.587324,8.964830,8.986016,,,,5.093177,5.110937,2.783579,2.450239,16.338828,14.964422,14.670087,13.254021,12.491848,10.757987,8.337400,9.126545,11.380516,,,4.245393,5.644304,2.537359,2.334361,18.671849,16.120282,15.251080,14.198123,12.256543,10.308639,9.140643,7.258157,10.612132,14.462320,,5.193716,5.601448,2.728503,2.618177,18.295174,16.851263,14.825240,14.243797,12.710263,10.974233,9.128090,9.786125,9.801547,14.302231,18.555570,5.106848,5.034656,2.489447,2.579832,18.264192,16.603907,15.195319,13.619900,12.921055,10.642378,9.488889,8.803465,11.805959,13.800075,18.866498,4.899351,5.281214,2.631854,2.357122,17.869338,17.987169,16.405925,14.207465,12.417527,10.790014,7.657988,7.681397,9.454623,13.948501,17.218873,5.028227,4.546196,2.608498,2.683550,19.093349,16.679125,16.902117,15.264205,12.475836,10.906865,9.198886,6.864219,9.566099,13.229211,17.974046,5.334058,5.015018,2.570666,2.686670,18.062511,16.582169,14.390100,14.582624,13.206889,10.528613,10.214028,9.997467,9.898787,14.036847,18.143037,5.352415,5.517210,2.507349,2.453913,,17.607994,16.372497,13.829738,12.898875,10.938494,8.173692,9.155429,10.758962,12.879993,17.930053,4.599912,5.094908,2.725735,2.478383,,,15.589180,14.529684,12.056746,10.571151,9.485351,8.740579,11.716816,14.924433,17.774911,4.607664,4.914682,2.584714,2.717388,,,,14.126857,12.857743,10.483771,8.653878,9.116675,10.616350,14.585147,18.605114,4.473330,5.195309,2.571519,2.491439,,,,,11.844482,11.114555,10.004876,9.380309,11.941229,14.622362,18.821153,,,,,,,,,,10.635166,11.574733,12.278936,13.009573,16.277171,18.965049,
5.558994,5.417648,,,18.762481,15.154190,15.355696,14.335782,12.759833,10.741722,,,,,,5.746435,5.850662,2.519803,2.513077,17.301621,16.138575,13.632058,13.850745,12.707307,10.667881,9.722962,,,,,5.502875,5.748713,2.320438,2.522544,17.732641,16.924736,16.123933,14.236753,13.158275,10.855000,7.909955,8.567551,,,,5.184993,5.422394,2.541287,2.491657,17.564191,15.260362,14.561909,13.680963,12.524286,10.823160,9.123923,8.349464,11.762657,,,4.837900,5.659142,2.488426,2.264789,18.088795,17.413863,15.634774,14.188407,12.312858,10.947901,8.104461,7.376631,9.575925,14.464077,,5.827669,4.823454,2.671574,2.618604,16.541601,15.859083,15.602589,14.401093,12.629397,10.564460,10.441562,8.497130,10.286309,13.992815,19.033096,5.038727,4.804438,2.544451,2.718024,18.014479,15.289680,14.837476,14.261842,13.136266,10.683424,8.533137,10.308665,10.611842,14.568141,19.060837,4.431298,5.640152,2.584860,2.370680,19.189389,17.705503,15.236791,14.087247,12.543341,11.142648,8.474606,7.429320,11.345462,13.719689,18.449925,4.153923,5.281968,2.689850,2.625089,18.659359,17.791315,16.714392,14.296755,12.449244,10.287763,9.451522,7.989699,9.221864,14.316314,17.479766,5.610038,5.387654,2.715205,2.668247,20.467788,16.540325,15.939541,15.039776,12.771508,10.560754,8.512539,9.368558,9.866485,12.535148,17.950077,5.034907,5.377704,2.741048,2.587891,,18.732984,15.027166,14.162467,12.819958,10.560517,8.004797,7.213500,10.837024,13.432768,17.009135,4.513441,5.826594,2.488210,2.497330,,,17.385032,13.931678,12.533887,10.742882,9.133715,7.677593,9.356281,14.362491,17.671306,5.432269,4.867656,2.689385,2.702411,,,,14.607087,11.838042,10.735888,10.029713,10.497446,10.992589,13.703361,18.837481,5.329185,5.003729,2.559695,2.531803,,,,,13.025524,11.003081,9.542332,9.629135,12.163933,14.511844,18.273757,,,,,,,,,,10.806720,9.694590,8.487570,10.412616,14.684790,18.300580,
4.976613,4.445929,,,16.803221,14.989329,13.787919,13.836515,11.805865,10.578193,,,,,,5.644084,5.644686,2.304836,2.771490,15.989204,15.832530,15.249946,14.210214,13.436942,11.005591,10.049576,,,,,4.985400,5.494598,2.393657,2.363658,15.883767,15.737915,15.621521,15.014196,13.223671,10.844513,8.130369,8.341017,,,,5.254060,4.683583,2.736018,2.603748,15.774606,15.457273,14.760556,13.985029,12.912276,10.677672,7.610798,6.833628,9.452444,,,5.048366,5.949010,2.372955,2.426638,19.128488,16.120834,15.774855,14.099050,12.282742,10.492537,8.164745,5.708898,8.655880,12.688654,,5.497773,4.650927,2.608421,2.721841,18.790928,16.592717,14.262066,14.402886,12.632532,11.017102,10.642811,10.072293,9.777217,13.661737,17.723442,5.125052,4.664416,2.588824,2.799309,17.578186,16.806573,15.091909,13.107708,12.803421,10.625638,9.295838,10.856636,12.408276,14.143031,18.522706,5.179783,5.704449,2.623649,2.316374,17.812262,16.803580,16.018421,14.205590,12.073828,10.704532,8.338664,8.032510,11.801718,14.912428,17.821400,5.249483,5.019881,2.579704,2.655679,19.332883,16.995418,16.411376,15.026547,12.824677,10.557821,8.368154,7.113917,9.101414,14.475281,18.216494,4.934493,4.879001,2.713009,2.761151,17.889416,17.097835,15.152993,14.771826,12.916642,10.903643,9.672932,8.645211,9.899114,13.352603,19.115168,5.085617,5.073628,2.670939,2.614699,,15.694628,15.021682,13.245377,12.796346,10.644009,9.454025,10.113909,11.153718,13.848611,17.760525,4.592714,5.369520,2.577821,2.370546,,,15.409411,14.193908,12.059295,10.778346,8.155054,8.230068,10.976285,13.999415,17.502781,5.160484,4.893752,2.685394,2.838063,,,,14.040961,12.449160,10.539513,9.452288,8.060833,10.297781,14.299212,18.143672,4.958332,4.799080,2.591380,2.596164,,,,,12.056450,10.673309,10.132740,10.613312,11.353310,14.791488,19.140809,,,,,,,,,,10.724535,8.969096,9.568636,11.428720,13.975112,18.194068,
5.065106,5.477683,,,17.122017,16.284315,14.782797,14.277686,12.004108,10.330638,,,,,,5.465008,5.272975,2.479633,2.579605,18.044175,15.031643,15.078191,14.052382,13.164708,10.727384,10.406361,,,,,4.972606,5.491603,2.454951,2.413060,18.856625,17.357564,14.842395,14.488883,13.026442,10.954899,8.379283,9.918039,,,,5.402416,5.230508,2.645587,2.550279,17.507748,17.729071,16.370307,13.796274,12.466785,10.685894,8.251326,7.409288,11.365154,,,4.701853,6.213631,2.783429,2.521342,18.242266,14.627013,15.504108,14.315072,12.136823,10.513852,9.718689,8.849727,10.806004,15.793599,,5.761135,5.533062,2.558960,2.635761,17.934964,15.775815,12.712881,13.667483,12.482776,10.880405,9.555900,10.416320,11.505341,14.777434,19.962801,4.918411,4.844923,2.425295,2.633095,19.913325,17.952681,16.098217,13.288115,12.799819,10.681513,9.134929,8.206050,11.203552,14.503404,18.684078,5.857428,5.809601,2.629381,2.334042,18.351475,17.581294,16.231338,14.534889,12.318627,11.185105,9.535488,9.997851,11.291970,15.374959,19.181796,4.752251,5.547249,2.749586,2.426550,17.212889,15.859737,15.831101,14.528494,12.508206,10.876369,9.023116,8.965171,12.145441,15.662317,20.283201,5.311658,5.011586,2.561978,2.688597,16.861927,15.428526,14.558979,14.701279,13.151448,10.907482,10.202725,8.728785,10.636329,15.198565,19.630635,5.594089,5.624935,2.662216,2.575968,,15.972718,14.866463,13.579007,12.995465,10.708513,8.399121,9.442221,9.972608,13.656040,18.786028,5.163401,5.248310,2.582361,2.425482,,,15.202177,14.019055,12.121440,10.847328,8.695188,8.087470,11.694290,14.273712,18.503225,4.807097,5.610980,2.580141,2.805304,,,,13.438362,12.425164,10.784646,10.088755,9.955303,11.590411,16.212960,19.318359,4.798740,5.239358,2.516567,2.609717,,,,,12.182576,10.639755,9.036642,9.222960,11.390485,14.594792,19.693688,,,,,,,,,,10.369929,9.552786,9.812135,11.871207,15.420011,18.947526,
5.564766,4.444597,,,18.201417,16.819578,13.709537,13.530599,12.160814,10.803769,,,,,,5.649145,5.426116,2.491624,2.350729,17.953139,16.971653,16.213737,13.630870,12.701248,10.803539,10.692303,,,,,4.846959,5.235978,2.497042,2.522384,17.420923,16.545445,15.875593,14.935214,12.678608,10.709253,8.836593,10.620534,,,,5.401543,4.930546,2.696890,2.443845,16.653010,16.929717,15.697849,14.558948,12.863565,10.806539,8.192977,7.606621,11.127994,,,4.660408,5.294565,2.610174,2.433472,18.796190,15.288673,15.869903,14.134515,12.567014,10.456462,9.664572,8.019684,10.193605,14.515794,,5.584280,4.906974,2.521495,2.672603,17.503529,16.396435,13.318263,13.946299,12.052108,10.714587,9.415026,10.733087,10.986507,14.405756,18.750897,4.967596,5.010316,2.110620,2.836839,18.663149,18.326335,17.211253,14.154979,13.444851,10.445700,8.438248,7.796520,11.229163,13.581360,18.150945,5.239056,5.630403,2.752282,2.248099,16.867798,16.340535,16.020096,14.538474,11.710566,10.539051,8.166404,8.143902,10.316972,14.687171,17.710211,5.187231,5.751195,2.603732,2.545096,18.121906,16.109824,15.491481,14.504871,12.171567,9.416689,7.533950,6.968572,9.630998,13.699804,18.205514,4.923666,4.681223,2.454262,2.519300,17.489654,15.677110,14.245926,13.828026,12.824122,10.540631,9.674937,9.008088,10.771887,14.420485,18.802391,6.114545,5.477630,2.603313,2.438166,,17.031714,15.622493,13.841363,12.371806,10.423116,8.007005,9.200288,10.468866,13.913632,18.165955,4.900096,5.740489,2.630143,2.599355,,,15.667119,14.538443,12.519693,10.344874,8.564393,8.185172,12.395049,15.526492,19.415331,5.069918,5.298440,2.540475,2.707078,,,,14.388052,13.163184,11.067670,8.997051,8.804658,10.703888,15.939811,19.789567,5.119371,5.411694,2.389483,2.572027,,,,,11.813635,11.109803,10.182942,10.084165,12.186372,15.103473,20.358958,,,,,,,,,,11.118833,9.371058,8.610126,9.986514,13.901831,17.701756,
4.681918,5.282774,,,20.693558,18.258986,17.043438,13.984727,13.228167,10.511684,,,,,,5.315114,5.025953,2.245952,2.210829,18.054893,16.527640,14.516692,13.395023,11.170176,11.012800,10.149228,,,,,5.113792,5.007478,2.398175,2.418632,18.874636,17.915277,16.485172,14.691146,12.529307,10.489243,8.979681,9.235864,,,,4.919569,4.725339,2.475509,2.368943,15.091184,16.601776,15.687473,14.289927,13.131043,10.795411,10.368777,9.497796,12.015619,,,5.165565,6.132651,2.512536,2.322007,17.010077,15.276241,16.359883,14.605672,12.375184,10.856243,8.169862,9.398196,9.827597,14.046129,,5.522155,4.943762,2.630705,2.799421,15.978234,15.288948,13.949221,14.741416,12.762117,10.700986,10.645118,9.369311,12.608527,14.237738,18.893550,4.704172,4.948873,2.382646,2.722445,18.268765,16.646634,15.745331,14.096106,13.499655,10.824614,8.854833,10.471444,11.237369,15.732890,18.551209,4.917425,5.580479,2.597507,2.234815,17.032994,17.547915,15.801888,14.278239,12.380645,10.924796,8.707429,8.564506,12.524274,14.653202,19.329634,4.995929,5.194224,2.599308,2.621120,18.742730,16.359644,16.712835,14.419030,11.907536,9.740484,7.793330,7.443982,9.970342,15.405228,18.101133,5.423004,5.438972,2.546288,2.650440,18.329981,16.384671,14.499197,14.938301,12.740647,10.221202,9.341575,8.718309,10.789378,14.429208,20.098919,4.835502,4.949350,2.532358,2.738941,,17.412816,15.786770,13.743502,13.049349,10.470292,7.865612,8.859494,10.529641,14.275237,18.420867,5.219123,5.767108,2.694453,2.254531,,,16.278116,14.457431,12.066999,10.270175,8.040069,7.181303,10.607923,14.073731,18.066859,4.659352,5.098466,2.552926,2.640712,,,,14.311421,12.651863,10.664910,8.744793,8.648095,10.546358,15.044998,19.067782,5.672622,5.226975,2.506295,2.670457,,,,,11.402772,10.358010,9.740773,9.449893,11.519759,14.639814,19.256320,,,,,,,,,,10.415759,8.783494,8.928201,9.898551,13.838536,18.225286,
4.966117,5.610869,,,18.392448,17.990843,15.353815,14.493403,11.615752,10.974257,,,,,,5.538150,4.882505,2.439945,2.637674,18.024770,15.896024,16.118017,14.198831,13.089832,10.802183,9.929725,,,,,5.697193,4.932669,2.535616,2.334938,18.825986,17.180289,15.283938,14.926298,12.954814,10.709991,8.902053,7.919951,,,,5.510245,5.309010,2.838856,2.419881,19.715600,17.109300,15.541151,13.557206,12.374608,10.873361,8.449120,8.943509,10.058463,,,4.646866,5.546382,2.469540,2.396627,19.295068,17.730513,16.020492,14.392755,12.419403,10.553910,10.288502,8.985768,11.811134,14.474914,,5.247169,5.319570,2.486865,2.663834,17.223115,15.956564,14.702041,13.561702,11.976334,10.627414,9.462959,11.335110,11.876827,15.586997,18.828376,4.991355,5.270633,2.280665,2.723111,16.884666,17.090208,15.971745,14.507899,13.214223,10.541505,8.779749,7.685790,11.406120,13.831109,18.232997,4.852295,5.181667,2.554481,2.401234,16.970498,16.762447,16.430789,14.618707,12.316208,10.587704,7.472233,7.048092,8.675403,13.705833,17.085217,4.843965,5.161645,2.581289,2.819725,16.026850,14.974081,15.297304,14.765928,12.907612,10.794254,10.079448,8.414678,10.257615,13.157683,18.357624,5.824147,4.744080,2.707109,2.755901,16.848232,15.625805,14.592106,14.457595,13.000755,10.683669,8.686728,9.319333,9.925916,13.552317,17.392731,5.200101,4.939631,2.505034,2.521307,,16.031369,15.062946,13.860867,13.062022,10.808474,8.871262,8.737834,11.718532,14.389132,18.756031,4.570055,5.699372,2.650192,2.414490,,,15.764070,14.214478,12.397826,10.680594,8.177610,7.894811,10.419057,14.845816,18.320959,5.430433,4.599076,2.505146,2.832471,,,,14.717866,12.838792,10.938831,9.333346,8.119859,10.114112,13.986928,18.762158,4.939271,5.362693,2.478310,2.696372,,,,,12.060407,10.710893,10.041761,10.559739,11.690980,14.831688,18.883328,,,,,,,,,,10.888812,8.940740,8.853433,10.856861,13.767935,17.705204,
5.492664,5.492640,,,19.139438,17.071047,14.714833,14.350803,12.915604,11.081418,,,,,,5.116868,5.840539,2.493933,2.428223,18.181144,17.085900,15.897902,14.022837,12.810816,10.839325,10.297600,,,,,5.397296,4.985737,2.553971,2.589435,17.203049,16.762597,15.934168,14.746665,12.870270,10.429536,7.973974,9.348685,,,,5.814510,4.520817,2.823140,2.336074,18.297858,15.921108,15.333869,14.088983,12.438755,10.657621,7.394818,6.364418,10.579013,,,4.576374,5.708234,2.484657,2.591197,20.645315,17.211348,15.459244,14.357256,12.514297,10.527970,9.542177,6.937447,9.170158,14.544483,,5.631362,5.249738,2.703798,2.705534,19.145136,17.752981,14.961429,13.648273,12.345292,10.739999,9.900083,10.705183,10.012941,13.541249,18.944999,5.454565,5.049487,2.370724,2.655332,18.513554,17.310698,16.414086,14.237527,12.830677,10.588132,8.898396,9.576106,12.316519,13.698714,18.296795,5.188638,5.300696,2.753794,2.478948,17.480068,17.120667,16.017715,14.590647,12.248969,10.304290,7.523440,7.284000,10.762326,14.753021,17.245684,5.388475,5.733487,2.614118,2.697203,18.375242,15.601682,15.646781,14.513011,12.648356,10.716900,9.187124,7.542101,9.833705,14.727446,18.969680,5.397046,5.054597,2.474505,2.611256,18.418396,17.789863,15.144958,14.781950,12.945260,10.244654,8.860155,8.643515,9.507443,13.617264,19.043185,5.009868,5.143695,2.620443,2.583852,,16.219815,15.417182,13.027381,12.431704,10.698865,8.650600,9.962095,12.094294,14.395668,18.782655,4.867991,4.864736,2.536594,2.509960,,,16.273135,14.497912,11.939810,10.340513,8.386277,7.514037,11.242014,15.010916,18.195425,4.524878,4.644424,2.617197,2.668007,,,,14.892051,12.360259,10.265279,8.648446,8.320852,9.974537,14.978608,19.256996,5.261333,5.507042,2.712345,2.384021,,,,,12.948329,10.474856,9.858489,9.606078,11.306665,14.091717,19.259861,,,,,,,,,,10.825183,9.676733,11.364460,12.961097,15.902991,18.974638,
5.901146,4.899919,,,17.597345,14.307616,14.419577,14.514652,12.911344,10.717800,,,,,,5.030258,5.648334,2.527326,2.431861,18.690569,16.395114,13.826399,13.950194,13.097328,10.803656,9.624011,,,,,5.322488,4.931389,2.555263,2.468543,18.052795,17.586570,15.853492,13.447230,12.857848,10.925665,8.423296,9.075952,,,,5.405663,4.960818,2.828660,2.449542,18.148563,16.160048,15.654979,14.177123,11.995803,10.822259,8.493436,7.819760,11.035592,,,4.911695,5.369066,2.504920,2.619291,20.282499,16.516047,15.606433,14.625372,13.147012,11.266284,9.583419,7.730751,9.862433,14.360801,,5.616276,5.464602,2.657462,2.632313,19.546294,17.535619,14.297693,13.902820,12.321989,11.114110,10.415457,9.706053,9.941659,13.832121,18.431443,5.173042,4.785485,2.326950,2.629483,19.455395,18.481961,16.897882,14.141716,13.355347,10.464388,8.915758,9.567605,10.353525,12.805194,17.749245,5.478612,5.817696,2.630140,2.156419,16.552839,16.382336,15.703830,14.067092,11.798590,11.051404,8.081062,8.489308,11.662923,14.159168,17.314478,4.525067,5.186256,2.500306,2.643275,18.540075,15.658390,16.047219,14.895397,12.430948,10.153903,8.540828,6.069647,8.988573,13.862134,17.602194,5.574466,5.111095,2.533916,2.610656,18.046231,15.828980,13.508301,14.350875,13.303770,11.046057,10.156862,9.685665,9.083029,13.060665,18.179520,5.077648,5.630193,2.684428,2.482762,,16.810185,14.808817,12.596370,12.633867,10.752471,8.548639,9.609792,11.150031,12.752013,17.635747,4.928127,5.485222,2.676381,2.354684,,,15.902483,13.862933,11.698990,10.809578,8.742615,8.045350,11.384908,14.677498,17.107750,5.067835,5.078433,2.653195,2.626696,,,,14.625186,12.494335,10.637381,9.277961,8.470354,10.244579,14.801973,18.989165,5.363700,4.740274,2.602164,2.817448,,,,,12.622671,10.584826,9.694983,9.050477,10.713983,14.119245,18.979976,,,,,,,,,,10.451406,8.324936,8.709939,9.661993,13.572031,17.770966,
5.083245,5.003657,,,17.817768,15.716456,14.172558,13.560889,13.170829,10.742653,,,,,,4.865727,4.983071,2.362202,2.345960,18.958157,18.217223,16.417530,14.497729,12.470560,11.188465,8.610003,,,,,5.411830,5.060835,2.469279,2.706973,19.462933,16.508400,16.171316,14.889121,13.230871,10.773466,10.110045,9.395133,,,,5.427479,4.904968,2.673598,2.495547,17.983040,18.357091,15.322972,14.453641,12.810061,10.828152,7.786416,8.190374,10.159245,,,5.422700,5.384296,2.373021,2.655862,19.017877,16.900693,17.438253,14.168997,12.402177,10.338549,8.530949,6.439587,9.183178,13.126651,,5.139447,4.745074,2.450403,2.658184,16.862847,15.232061,13.483398,14.329567,11.623148,10.143033,9.733078,10.207799,10.545643,14.301777,18.372930,4.877568,4.981889,2.471529,2.740619,17.914850,16.859830,15.400618,13.145531,12.926777,10.111731,7.942001,8.551351,10.915870,13.291149,17.838119,5.472357,5.240986,2.605340,2.050484,19.059482,17.643337,16.431471,14.602649,11.569518,10.207911,8.078579,6.833704,9.858350,13.759161,17.046527,4.743803,5.954830,2.537315,2.798862,17.737998,16.709116,16.049703,14.788561,13.019247,10.278832,8.870821,9.366879,10.377949,14.671208,18.946773,5.429705,4.807785,2.708513,2.647483,17.703512,16.239928,15.387120,14.589102,12.667611,10.716345,8.653275,8.259220,11.105822,13.697499,18.516092,4.446357,5.465256,2.706532,2.660954,,15.612884,14.343532,13.379293,12.404554,10.164595,8.969617,9.465767,11.193869,15.195068,18.427488,4.375690,5.734783,2.472520,2.443230,,,15.727815,14.170360,12.453804,10.740590,8.140102,8.016550,10.866732,14.038221,18.262672,5.189570,5.655277,2.690293,2.704857,,,,14.315253,12.451650,10.372059,8.963479,7.874976,9.945097,14.302611,18.035063,4.746125,4.756626,2.596407,2.768393,,,,,12.120532,10.520696,9.273511,9.858875,11.245940,14.529953,19.232091,,,,,,,,,,10.399013,8.614543,8.196201,10.777155,14.034696,17.991773,
4.932970,5.570513,,,16.874011,15.533413,14.701885,14.769880,12.538320,10.724613,,,,,,5.388737,5.498169,2.622086,2.804091,18.714722,15.920353,15.244736,14.353266,13.180076,10.860443,9.275454,,,,,5.133111,5.625146,2.482734,2.249483,18.779164,17.216153,15.191244,14.550546,13.241118,10.678728,8.994510,9.111341,,,,5.753705,5.393475,2.717356,2.372032,18.575418,17.294639,15.899868,14.012747,12.670619,10.828937,7.458664,7.931504,10.800062,,,5.129354,6.012467,2.625533,2.581363,19.871351,15.510586,15.332712,13.984339,12.460621,10.829094,9.479214,7.291683,10.944420,15.414193,,5.795300,5.402989,2.593310,2.607558,19.208680,16.614901,12.599209,12.973715,11.552530,10.728640,9.876355,10.385381,10.638233,15.343967,20.086325,5.465423,5.200181,2.209285,2.734163,19.160880,18.880629,16.937930,13.509889,13.395918,10.898233,9.768758,9.025393,11.279467,13.911348,19.160127,5.048698,5.753392,2.740684,2.261717,16.796999,16.496359,16.340601,14.495199,11.687389,11.188141,9.025484,9.827370,11.718638,15.548620,18.761519,5.197968,5.212138,2.664174,2.435614,18.368357,15.292811,15.480813,14.814283,12.688262,10.502463,9.318200,8.233326,11.115661,14.939567,19.464423,5.222234,4.941056,2.615634,2.567514,18.550487,15.892055,13.306898,13.689788,12.538433,10.669061,10.198913,9.789896,10.953544,15.168372,19.727710,5.353138,5.156510,2.482771,2.482712,,18.135593,15.810880,13.224805,12.678959,10.302331,8.446836,9.841980,10.709733,13.839786,18.824596,4.780271,5.524805,2.774589,2.338489,,,16.104026,14.076597,11.812504,10.882579,8.547920,8.776281,12.483359,14.999738,18.750359,4.105204,5.487626,2.498273,2.692580,,,,14.645675,12.755926,10.837692,9.691909,8.384854,10.792217,15.521542,19.044869,5.413192,4.753749,2.769016,2.812937,,,,,12.066895,10.706824,10.034994,10.100016,10.682006,14.137595,18.956649,,,,,,,,,,10.773290,9.743976,10.275377,11.287170,13.714032,18.044907,
5.336315,5.845838,,,16.773295,15.817344,14.561302,14.538447,12.960510,10.599715,,,,,,5.803619,4.538099,2.542056,2.665737,19.617600,16.264858,15.708326,14.293397,12.985301,11.047501,8.333191,,,,,5.178709,5.579675,2.517044,2.411015,19.207221,17.406406,14.754365,14.228640,12.835665,10.663425,9.510468,8.875761,,,,5.804802,4.607230,2.694542,2.540307,18.643369,18.070343,16.457246,13.954353,12.414745,10.685319,7.858274,8.227112,10.487851,,,5.012611,6.235844,2.502203,2.541374,18.249520,16.344126,16.651490,14.988282,12.769783,10.341330,9.065772,7.496191,10.408683,14.781622,,5.371824,5.211386,2.546774,2.548014,15.968410,15.046550,13.497427,14.064539,12.316564,10.816121,8.951614,9.557933,10.594856,14.468579,19.167564,5.173190,5.251761,2.308617,2.658847,16.772658,16.254136,15.435268,13.837388,13.543477,10.717210,9.145661,7.415392,9.857783,13.228666,17.576565,5.142400,5.257593,2.723483,2.261310,16.482066,16.343092,15.612238,14.128359,12.085104,10.790438,7.731362,7.882578,9.276246,13.203072,17.389888,5.496322,4.690085,2.669065,2.758852,17.085784,15.357231,15.568955,14.531560,12.538871,10.549339,8.934441,7.428518,10.249183,13.711551,17.950812,4.759238,4.635702,2.551117,2.677603,18.102179,14.802369,13.742664,14.045041,12.797386,10.788174,9.896905,9.518723,10.751379,14.918103,18.984787,4.868702,4.779232,2.671230,2.596888,,17.013973,14.316732,13.067223,12.543038,10.649341,8.641827,9.112662,10.502767,13.606141,18.290260,5.505366,5.065097,2.548593,2.450941,,,16.553105,14.133713,12.267886,10.580516,8.188754,7.081902,9.625423,12.901786,16.878776,5.261621,5.149007,2.591831,2.678509,,,,14.541862,12.751043,10.905601,9.018013,8.053117,9.632742,13.642232,17.792262,5.478005,5.676253,2.816941,2.598454,,,,,11.671260,10.752073,9.758987,9.175203,10.628151,13.738628,18.070888,,,,,,,,,,10.993041,10.540397,10.139624,10.706960,13.799925,17.774552,
5.622130,5.151672,,,18.772457,16.653668,16.299300,13.848970,11.550551,10.781406,,,,,,5.575026,4.967452,2.615284,2.723579,17.338168,16.199371,15.168233,14.782796,12.078860,10.643774,10.149167,,,,,5.777502,5.644654,2.318136,2.641661,16.922369,16.520124,15.787684,15.087996,13.884718,10.524707,9.848520,9.758047,,,,5.206098,4.713485,2.515309,2.386307,17.807496,17.123697,16.263624,14.651936,13.142078,10.764410,7.268897,8.470928,10.470252,,,4.608377,6.016202,2.491492,2.392283,18.911486,16.477735,16.108627,14.604566,12.334188,10.735166,8.263096,7.206301,10.868391,14.425130,,5.647562,5.495050,2.609053,2.793176,17.131715,15.693438,13.723877,13.831842,12.360212,10.611957,10.615843,9.621436,10.936787,15.176355,18.929044,4.947625,5.101932,2.338848,2.671804,19.555996,16.042558,15.317236,13.619531,13.322302,10.972062,9.083391,10.393249,11.189040,14.691952,19.427713,5.542570,5.393440,2.669038,2.328747,18.963469,18.523751,15.527208,14.379911,12.175231,10.972083,8.225006,7.647329,11.322621,13.856836,17.971752,4.856771,5.314941,2.604024,2.809196,20.153129,17.030168,16.815099,14.411071,12.717942,10.385266,8.887464,7.497377,9.959936,15.242449,18.500865,4.879683,5.194059,2.640574,2.586817,19.062365,17.898249,15.128898,14.611939,12.662154,10.574322,8.884125,8.514205,9.680765,13.785786,19.457020,5.160109,5.285547,2.866743,2.438602,,17.195533,15.978937,13.329655,11.948721,10.318458,8.086065,8.117514,9.967853,13.039520,17.702582,5.041236,4.879518,2.509324,2.374456,,,15.205848,14.123582,12.106997,10.181426,9.915152,8.788982,11.012497,14.168074,17.894341,4.798772,4.628062,2.765328,2.379063,,,,13.856910,12.073841,10.338979,7.723752,9.090667,10.007839,13.992640,18.151969,4.867729,5.008600,2.567715,2.489341,,,,,12.715489,10.870819,10.350056,8.418887,11.604349,13.907533,18.428434,,,,,,,,,,11.173693,9.058945,9.887705,9.486952,13.998519,17.465879,
5.179497,4.434824,,,16.168944,15.344034,14.858079,14.305824,12.288253,10.424191,,,,,,5.559281,5.245269,2.606923,2.736331,17.392367,14.878687,14.732009,13.954102,12.776306,10.676392,9.277930,,,,,5.231097,5.361191,2.410152,2.486181,18.244765,17.522915,15.419056,14.859236,12.988113,10.664997,8.677565,8.572739,,,,4.982484,5.581599,2.557030,2.641726,17.785480,17.432378,16.282339,14.300573,13.073852,10.653700,8.452389,8.680659,10.863540,,,4.793322,6.294656,2.511409,2.452660,19.549623,16.862011,16.324991,14.332735,12.279068,10.356958,8.190542,7.848700,10.801078,14.196000,,5.226884,4.557785,2.820816,2.682416,18.387175,16.581669,14.436460,14.149846,12.022918,10.932577,10.149011,9.996727,11.656483,15.377251,18.832753,4.330482,4.822911,2.209823,2.513520,17.578654,16.562612,15.323316,13.757490,13.164356,10.608602,10.530654,10.830651,12.608821,15.736295,19.986654,5.092887,5.474790,2.678380,2.321237,17.885132,17.364619,16.105904,14.173832,12.176186,10.452930,7.456126,8.352004,10.570146,14.099462,18.030962,4.736631,4.773681,2.686876,2.564773,18.401452,15.805649,16.142994,14.838060,12.630466,10.948905,8.830793,6.966931,9.913971,14.028959,18.428594,5.758721,5.458622,2.540736,2.713075,16.342821,15.576013,13.681623,14.429991,13.041802,10.928494,10.244811,9.095244,9.473691,13.447054,18.377938,4.848219,5.067691,2.527462,2.632853,,15.903207,15.137341,13.501765,13.248131,10.863840,8.341583,8.896433,9.717549,12.515873,17.025668,4.976440,5.952629,2.616120,2.290914,,,15.426847,14.025251,12.387312,11.235843,8.713862,7.596429,10.269160,13.063650,16.546300,5.052470,5.199426,2.705573,2.578583,,,,14.550752,12.176811,10.568040,8.929876,7.687826,9.479773,13.547045,17.312990,5.133887,5.448836,2.427887,2.576702,,,,,13.198182,10.289195,9.660608,9.068119,10.245194,13.751687,18.146503,,,,,,,,,,10.729654,8.843044,10.667693,12.432278,14.820906,18.420808,
5.468729,5.321657,,,18.913205,16.044967,15.806357,14.097895,11.416584,10.419011,,,,,,5.173318,5.448443,2.601656,2.497538,19.170403,16.771964,14.829773,14.559742,12.386131,10.816629,9.724165,,,,,5.159084,4.861924,2.432606,2.403173,19.456598,17.907772,16.172565,14.546151,13.382382,10.486859,10.030521,9.339225,,,,6.126370,5.591935,2.753365,2.352549,18.753965,17.014474,15.817620,14.198224,12.542838,10.593474,7.850790,9.758799,11.099221,,,4.759520,5.705654,2.519923,2.461191,18.926508,16.649043,15.705237,14.423518,12.493892,10.530131,7.752808,6.757627,11.354247,14.739100,,5.691770,5.302412,2.654118,2.745301,18.341296,15.652770,13.913032,13.411321,12.211445,10.710525,9.873042,8.553461,9.994617,15.252705,19.180552,4.560163,5.058169,2.248912,2.673364,19.501163,17.070355,15.207913,13.814616,13.063327,11.090172,9.381807,9.477756,10.151448,13.580518,19.004836,5.029213,5.103074,2.613177,2.497634,20.299129,18.829729,16.558258,14.511838,12.367239,10.774048,8.270217,7.425399,9.814931,12.668576,16.568936,5.560960,5.654334,2.724240,2.776747,20.855528,17.599156,16.922580,14.810707,12.795687,10.451595,8.886492,7.520101,9.351727,13.596754,17.271512,5.462705,4.960785,2.451365,2.716129,18.783304,16.988751,14.319442,14.279221,12.449547,10.914436,9.427473,9.352037,10.461427,14.035766,18.854324,5.218437,5.426051,2.647301,2.774448,,17.536061,15.968305,13.476715,12.563398,9.975175,8.284637,7.869692,9.880109,13.178064,17.714692,4.466193,6.018446,2.648470,2.359283,,,15.786381,14.242779,12.148543,10.748761,8.591425,8.451295,10.484627,13.945303,17.920705,4.850736,4.851805,2.568043,2.596081,,,,14.313675,12.378844,10.603689,8.995187,8.326478,10.231227,13.878611,17.933210,4.697391,5.427577,2.402394,2.598541,,,,,11.927405,10.550988,10.370802,10.333751,11.789842,14.727390,18.685001,,,,,,,,,,10.663995,8.593811,9.284950,10.359573,13.653730,17.589424,
5.190154,5.759036,,,17.344075,14.923373,15.061755,13.803158,12.104124,11.118017,,,,,,5.723287,4.920456,2.342938,2.369690,17.328496,16.035655,14.500226,14.712390,12.912195,10.763734,11.329876,,,,,5.543314,5.360837,2.414149,2.654319,18.852302,17.379301,16.034174,14.383100,13.458261,10.373897,7.613544,10.046836,,,,5.104757,4.756025,2.714468,2.378191,16.211359,16.724740,15.588714,14.017403,12.496497,10.991045,8.097688,7.283872,12.191337,,,5.000090,5.158945,2.491428,2.550869,17.809816,15.267728,15.842698,14.482109,12.343703,10.751732,8.780314,7.295759,9.240421,14.959586,,5.523512,4.757903,2.412301,2.803458,16.591882,15.067573,12.876935,13.359463,12.249895,10.451271,10.245716,9.574918,10.648711,13.807537,19.537475,5.020208,5.433237,2.195139,2.557468,20.028073,18.268550,16.383053,13.984241,12.845492,10.558573,8.167908,8.720792,9.536538,13.012403,17.182983,4.663391,5.449614,2.574367,2.428895,18.304524,18.352688,16.668411,14.468266,12.332398,10.603984,9.136232,8.653293,11.499768,13.777709,17.635402,5.339106,4.807909,2.623843,2.549488,19.389716,14.962258,15.437116,13.979258,11.922681,10.818575,9.836887,10.537909,11.938811,15.677429,18.201983,4.579956,4.620433,2.549619,2.703296,21.002067,18.078914,14.252761,14.670177,12.715053,10.203143,9.806353,9.129714,11.861448,14.913514,19.444662,5.209926,5.337220,2.621511,2.589389,,19.460594,16.810336,13.395220,13.179027,10.699638,8.217590,9.133852,10.024421,14.286583,18.020272,4.433598,4.708901,2.641472,2.328241,,,17.091931,14.557925,11.704124,10.649429,8.235651,7.269249,10.397243,13.313961,18.266052,5.581202,5.408433,2.569869,2.231100,,,,14.249730,12.288405,10.784504,9.897832,9.084246,10.107203,14.117325,17.609307,4.746558,4.886271,2.594503,2.776366,,,,,12.589778,10.725799,10.446041,9.032544,10.031656,12.951690,17.599853,,,,,,,,,,10.787525,9.991634,11.690308,11.161277,13.711910,17.251443,
5.412261,5.492855,,,17.007649,15.246752,13.270045,13.491709,12.614808,10.645521,,,,,,5.298929,5.313025,2.297239,2.515960,17.473189,16.900463,15.965605,14.123232,13.072531,10.909212,8.301037,,,,,5.530651,5.355298,2.534615,2.521148,16.387309,14.625580,14.602446,14.044541,12.604528,11.053269,9.215811,8.681679,,,,5.211420,5.317983,2.612369,2.487079,17.181838,16.115434,14.490625,14.062248,12.616906,10.806712,8.268224,7.359279,9.823873,,,4.546297,6.090485,2.537395,2.555109,19.584831,15.963541,15.677859,13.829647,12.808318,10.817546,9.623339,7.888642,9.610745,13.854905,,5.574258,4.860094,2.757636,2.590932,19.297130,17.082513,14.064294,14.105658,12.114018,10.903568,9.567876,10.262641,10.553055,13.647829,18.094472,5.408332,5.461754,2.384324,2.831328,18.157137,18.053171,16.112386,13.807214,13.501253,10.872749,9.055265,8.810362,11.781725,14.168140,18.222688,4.816990,5.192211,2.810630,2.318310,16.570423,16.623821,16.350578,14.041974,12.030490,11.043274,8.549103,7.739898,10.540458,15.055597,18.358832,5.002710,5.274253,2.531930,2.513674,18.967376,16.093278,16.193185,15.372905,12.599084,10.870731,9.269047,7.867257,8.952910,13.675220,18.619034,5.431756,4.801887,2.741059,2.743600,17.795585,16.555396,14.161654,14.242896,13.151277,10.670920,10.515346,9.968679,10.956343,13.404569,18.552678,5.366298,4.709080,2.453167,2.410371,,16.557102,15.466152,13.367590,12.683258,10.879696,8.942997,10.684545,11.665489,14.652789,18.036503,4.831700,5.139389,2.583446,2.503561,,,15.953189,14.204602,11.854242,9.863279,7.467197,7.207990,11.161970,14.078887,18.110776,4.850505,4.889281,2.768244,2.524553,,,,14.366435,12.503283,10.857074,8.862150,7.695665,9.959511,14.848057,18.482952,5.293252,4.659976,2.672882,2.627394,,,,,12.523991,10.826851,10.520561,9.601168,10.390005,13.931515,19.077229,,,,,,,,,,10.790679,10.375901,12.213461,13.076047,15.101805,18.874274,
5.013597,5.207022,,,19.869115,18.217558,16.187914,14.152643,11.918773,10.527512,,,,,,4.933191,5.021973,2.260753,2.474526,17.865570,15.989828,15.149927,13.847819,11.877117,11.057680,10.390382,,,,,5.886428,4.842011,2.282661,2.469503,18.063647,17.475690,16.030752,14.995274,13.586224,10.525640,9.881392,8.733259,,,,5.346224,4.374693,2.854935,2.324096,17.244521,16.114233,15.161464,13.621366,11.939802,10.767548,7.640629,9.132821,10.115589,,,4.686733,6.348740,2.290305,2.618876,20.132877,16.800498,16.259108,14.611587,12.734036,10.041573,9.166119,7.035925,10.423570,13.131202,,5.711997,4.573161,2.595590,2.696048,19.318999,16.908256,13.986499,13.924177,12.140568,10.863030,9.406002,10.366969,10.321595,14.582122,17.715925,4.746592,4.679288,2.444150,2.686489,19.413842,18.429472,16.232560,13.497038,13.004834,10.253333,9.055887,8.781496,11.534445,13.645410,18.521849,4.794932,5.198656,2.770460,2.232058,17.489928,18.301169,16.871568,14.503449,11.752088,10.866814,8.045179,8.209347,10.643989,14.437299,17.247160,4.623568,5.572460,2.633139,2.796269,18.472832,15.875905,16.723036,14.826136,12.494326,10.334622,9.758697,8.195385,10.339560,14.547944,18.635333,4.746460,4.624991,2.462754,2.843751,19.246532,15.451084,13.325060,14.359382,12.493248,10.991883,10.652835,11.474709,11.542276,14.562311,19.120725,5.085920,4.689266,2.588786,2.614380,,18.560587,15.357235,13.185500,13.054368,10.387376,9.108000,10.126472,11.959927,13.674589,17.533129,5.075789,5.647132,2.589171,2.179175,,,16.563440,14.112251,12.181652,11.151866,8.611730,9.040161,12.275487,15.364290,17.972520,4.510676,5.004800,2.713260,2.510719,,,,14.299339,12.333767,10.538595,8.725346,7.512349,10.210840,14.991487,19.044024,5.663080,5.473195,2.657360,2.664148,,,,,11.871066,10.982748,10.241644,9.031208,9.886538,13.675379,18.866482,,,,,,,,,,10.587546,10.356079,10.381514,9.854115,12.726991,17.205792,
5.753359,5.302573,,,18.780924,17.670577,14.763431,13.913350,12.093777,10.886099,,,,,,5.624508,4.900519,2.564189,2.510899,19.538749,16.843453,16.500371,13.942218,12.709401,11.000032,11.609836,,,,,5.123850,4.979518,2.508772,2.586602,18.899531,17.592495,15.472375,15.167842,12.765433,10.866346,9.615464,12.214016,,,,5.170385,4.656307,2.585754,2.676512,19.013347,18.202134,16.460773,14.301367,13.257564,10.832064,8.372809,8.292128,12.597495,,,4.347695,5.021271,2.639793,2.341322,20.821011,17.164200,16.513947,14.182055,12.082663,10.575301,9.072146,7.743886,10.117130,15.304401,,5.251863,5.032049,2.738258,2.657438,19.154594,17.744185,14.637274,14.359864,12.009208,10.811060,9.981260,10.298453,10.665268,14.018123,19.294181,5.128556,4.797366,2.311272,2.685282,18.013786,17.816395,16.437143,14.111107,13.645578,10.876083,10.394901,9.956752,12.066387,13.956402,18.119785,5.099957,5.540866,2.683476,2.255801,19.592418,17.322704,16.710806,14.581397,12.233377,10.855314,7.967782,8.891211,10.228757,13.909325,17.109199,4.432792,5.603733,2.350900,2.528120,18.744471,18.607860,16.532899,15.192736,12.264425,10.040053,8.130995,6.617088,9.861996,13.045383,17.266641,5.289783,4.367955,2.512926,2.550895,17.209856,15.574239,15.855377,14.610508,13.432347,10.771913,10.418122,9.942488,10.230548,14.119762,17.472058,5.485138,4.391843,2.663381,2.458853,,15.671049,14.295469,14.007959,12.905530,11.143799,8.572350,10.164989,11.351622,13.568797,18.178965,4.768218,5.730715,2.435935,2.392867,,,15.768971,14.031074,12.355836,10.913089,8.584238,7.040872,10.875821,13.962180,17.314943,5.154346,5.453608,2.583877,2.500159,,,,14.072839,12.494441,10.478554,10.342517,9.188938,9.805048,14.739975,18.486922,5.032636,5.085392,2.508021,2.579445,,,,,11.149471,10.296078,9.161349,11.526626,12.208847,14.047771,19.285287,,,,,,,,,,10.928490,9.640532,8.296193,12.015640,14.098864,17.034527,
5.910439,5.352649,,,20.446131,18.039070,14.619663,14.054310,12.817945,10.730592,,,,,,4.968210,5.411750,2.508152,2.537251,18.401712,17.706712,16.425569,13.763185,12.805772,10.787829,9.105393,,,,,5.235770,5.654990,2.595957,2.496832,15.376885,16.533375,15.972422,15.046566,12.643791,10.834307,8.346876,8.139665,,,,5.625751,5.438725,2.793754,2.491428,15.376465,14.450558,14.925516,13.787166,12.738505,10.692565,8.456242,7.079230,9.789968,,,4.657966,5.548625,2.516255,2.499848,18.894855,15.520232,14.714974,13.888255,11.776064,10.485476,9.484464,8.099032,9.439565,13.924758,,4.996469,5.177859,2.643686,2.741135,19.451456,17.012523,14.287849,13.783936,12.281086,10.319433,10.330493,11.456140,11.734554,14.000516,18.576807,4.564346,4.853597,2.297433,2.479346,19.700586,18.764533,16.244280,13.903249,12.978593,10.363196,8.542443,10.167099,13.371446,15.368266,18.439446,4.869247,5.240004,2.642768,2.297075,18.863232,18.616442,17.077880,14.114748,11.649572,10.141073,7.071308,6.920247,10.854502,15.214204,18.162458,4.745658,5.258392,2.731832,2.651801,18.792740,16.622770,16.806246,15.142988,12.323468,10.906358,9.972408,7.774134,9.979693,14.892987,19.584772,5.497288,4.243075,2.647298,2.854675,17.974965,16.890030,15.287238,15.334979,13.218509,10.600131,10.332835,10.286998,9.784168,13.509158,18.846284,5.045741,4.915759,2.726383,2.459350,,16.544759,14.922970,13.531382,12.886675,10.278944,8.499808,10.258099,12.019228,13.502809,18.009406,5.094299,5.320318,2.620879,2.326933,,,16.272324,13.782410,12.179848,10.503193,7.706733,7.639327,11.313056,14.606143,17.244279,4.781582,5.307927,2.515689,2.516809,,,,14.943287,11.859657,10.666356,8.962783,7.859311,10.157007,14.922157,18.999221,5.185030,4.725027,2.300454,2.656204,,,,,13.503762,10.922236,11.499130,11.254513,11.847049,14.718703,19.616157,,,,,,,,,,11.003114,8.481679,10.377982,11.792209,14.272159,17.719188,
5.719742,5.110223,,,16.401963,14.531383,14.194793,13.746284,12.636542,10.932490,,,,,,5.540941,4.875535,2.549414,2.425322,15.836503,15.160679,14.445625,14.188748,12.507652,10.865965,10.358132,,,,,5.761755,5.618477,2.178424,2.597883,15.619600,15.540989,15.385316,14.908670,13.984714,10.773101,8.636173,9.825347,,,,5.477160,4.557622,2.797561,2.358560,18.450483,15.316906,14.674484,13.624578,12.426641,10.640998,6.680558,6.140718,10.150823,,,4.643949,5.405885,2.560249,2.533531,18.238981,17.410538,15.208419,14.056744,12.396007,11.059886,9.182648,6.514720,8.935180,13.938975,,5.632628,5.251432,2.625108,2.727742,18.512266,17.285884,16.458601,14.623092,12.735819,10.519546,9.525327,8.656974,8.798618,12.652752,17.625368,4.320801,4.718022,2.375536,2.720942,19.434789,16.039657,15.335205,14.232284,13.005035,10.701098,8.958723,9.993555,11.340685,13.582835,17.749585,4.919121,5.948637,2.612597,2.309472,20.038518,19.072382,15.685636,14.432460,12.257926,10.608004,7.843843,7.006436,10.100287,12.980424,16.034412,4.835115,5.101971,2.599316,2.610515,21.586768,17.654741,17.261035,14.203322,12.760038,10.004357,9.324642,7.656440,9.349641,13.844866,17.330650,5.553962,5.106068,2.775409,2.452803,21.717043,17.873018,14.321497,14.267039,11.775076,10.642654,8.423901,10.192712,10.567480,13.684649,18.479179,5.482373,5.376808,2.540677,2.698044,,19.086396,16.040420,13.123445,12.903755,10.900067,9.561553,8.110443,11.878088,14.031522,18.187061,5.416994,5.193749,2.654446,2.310723,,,17.083418,14.694610,11.974023,10.843785,9.515218,8.777313,9.603267,14.854211,18.060005,4.966548,5.624514,2.595470,2.558299,,,,14.306198,12.710840,10.720154,9.368754,10.099051,11.211559,13.860601,19.581665,4.589486,4.931837,2.828338,2.658314,,,,,11.219856,10.212760,9.254664,8.598052,11.634926,14.409806,17.894940,,,,,,,,,,10.857230,11.049455,11.338580,11.090958,14.996569,18.326410,
5.381971,5.327057,,,19.738514,17.143653,15.908943,13.544968,12.705799,11.015775,,,,,,5.753612,5.706448,2.625049,2.455771,17.873600,16.602692,15.006966,14.092901,11.897181,10.657190,10.042276,,,,,5.262095,5.410349,2.472075,2.723830,18.163118,16.284291,15.603882,14.581613,13.181859,10.627835,8.431468,9.287926,,,,5.843651,5.061552,2.617298,2.536486,17.328810,16.437189,14.896692,13.934950,12.884468,11.018345,8.959120,7.781804,11.090269,,,4.678056,5.775097,2.419305,2.486168,19.366282,16.619404,16.365412,14.506507,12.412687,10.659759,8.298059,7.934471,9.546034,14.457941,,5.076348,5.308159,2.479601,2.735502,17.612215,16.398784,14.320994,14.460555,12.753332,10.615611,9.904175,9.116122,11.120585,13.994293,19.016576,4.922643,5.069331,2.492239,2.652443,19.226206,17.295866,15.909382,13.849241,13.164680,10.743339,7.916712,8.234115,9.692483,13.686764,17.725301,4.821109,5.475584,2.722388,2.383069,18.654497,18.398225,16.469517,14.425300,12.089619,10.591948,8.209542,6.552536,9.672401,13.020245,17.513000,5.174269,5.797930,2.618873,2.662459,19.276625,16.791894,16.865390,15.060369,12.651684,10.783010,9.411884,8.590051,9.363539,13.827214,17.648476,5.571804,4.888987,2.390864,2.711415,17.787373,15.783997,13.790734,14.036925,12.670646,10.564335,10.507948,10.800628,12.118256,14.231565,18.931319,5.147870,4.839049,2.383417,2.590035,,18.095225,16.293379,14.184103,12.865647,10.775289,8.039415,9.097381,10.961743,14.281980,17.795163,5.266437,6.148242,2.686462,2.417522,,,16.818788,14.837439,12.619369,10.239550,8.594748,7.423626,11.090910,14.643337,18.568504,4.946360,5.127876,2.783297,2.558986,,,,14.780503,12.752069,10.945347,8.540641,8.911641,10.337358,15.334290,19.522542,4.970376,5.087900,2.642685,2.776226,,,,,13.068261,10.934359,9.818077,8.429093,10.942739,13.966902,19.445788,,,,,,,,,,10.753622,9.310797,10.025270,11.013712,14.768120,18.293596,
5.872874,5.333561,,,17.441773,14.426294,15.034804,14.567534,12.907919,10.850747,,,,,,5.199939,4.530789,2.476683,2.418053,18.390019,16.966139,14.727286,14.561285,13.107610,10.630974,9.622662,,,,,5.271546,5.435113,2.289437,2.483569,18.906124,18.283724,16.874003,14.624808,13.186741,10.595954,7.728352,8.636027,,,,4.962952,4.847919,2.780691,2.552439,16.684873,16.115946,15.351278,14.024736,12.464508,10.704319,8.861919,7.978485,11.586890,,,4.602192,5.902842,2.680905,2.328505,17.834648,15.544375,15.318629,13.900989,12.155755,10.950101,8.762790,8.224924,9.676884,14.532225,,5.400163,5.188361,2.602766,2.708907,16.620276,15.503334,13.829756,13.900028,12.153572,10.678620,10.921139,9.616528,11.050937,13.666795,18.686011,5.182531,4.756112,2.273470,2.723196,16.633619,16.317657,15.917373,14.345960,13.628406,10.841941,9.017409,10.506907,10.600745,13.994016,17.530566,5.310427,5.681167,2.769965,2.280468,15.706964,15.066199,14.761890,14.128963,12.324073,11.087352,8.369116,8.327574,12.300590,14.162931,18.281601,4.926953,5.647333,2.561273,2.726193,17.687809,15.235564,15.182422,14.257341,12.809954,10.528243,8.745862,7.183289,9.756010,15.195115,18.111730,5.100085,5.502714,2.519789,2.541225,20.181763,16.811060,14.911493,14.716519,12.868871,10.658867,8.662436,7.975429,9.041874,13.261169,19.021137,4.790407,5.248381,2.660370,2.680016,,17.690705,14.778931,13.226768,12.828142,10.529760,8.737821,9.063157,10.942331,13.433411,17.922240,5.123870,5.110613,2.703334,2.360400,,,16.447242,13.798404,11.963329,10.789784,8.063132,7.466679,10.453937,14.177176,17.174204,4.863212,5.617990,2.649404,2.679467,,,,14.454673,12.319702,10.643759,9.353659,7.814884,9.854267,14.435331,18.831950,5.430709,4.632668,2.504734,2.737129,,,,,11.805963,10.683843,10.197356,10.105458,10.743464,14.194380,19.045424,,,,,,,,,,10.657860,9.889082,9.613232,10.316144,13.016605,17.689809,
5.307481,5.746054,,,16.910193,15.917812,14.404228,14.361315,13.028105,10.587483,,,,,,5.766013,5.626267,2.437139,2.451200,19.974546,16.882716,16.218783,14.203656,12.564840,10.779685,7.919620,,,,,4.941296,5.552933,2.347956,2.382963,18.096317,16.873342,14.704326,14.689706,12.965707,10.745892,10.540493,9.870919,,,,5.143986,4.879554,2.682912,2.568509,19.405086,17.364079,16.018031,13.730501,12.910819,10.730333,7.718983,9.138770,11.034760,,,4.776711,5.724064,2.604242,2.416329,19.478546,17.709710,16.261438,14.560077,12.224303,10.781053,8.956685,6.867890,10.831774,14.650218,,5.248547,5.723730,2.736714,2.712712,17.885019,16.232879,14.989554,14.123698,12.390508,10.851462,10.078951,10.008928,10.110877,15.025647,19.208361,4.684754,4.880307,2.588874,2.693238,18.985980,16.096098,14.604387,13.447454,12.708125,10.503477,9.708880,9.824575,11.770210,13.899186,19.302977,4.278630,5.205273,2.638449,2.380084,17.818556,18.420415,15.969655,13.987380,12.097821,10.914043,8.326879,8.769158,10.586198,14.072978,17.367401,5.702295,5.846958,2.435417,2.791083,19.321433,17.029085,17.776661,15.486973,12.870464,10.251668,8.957128,7.073748,9.722134,13.212194,17.301074,5.272783,4.961609,2.296631,2.855904,18.479583,15.373431,13.703026,14.688402,13.238623,10.894673,9.424391,10.215468,10.767920,14.920237,18.877821,5.019544,5.030941,2.493283,2.468057,,18.364791,15.583315,13.608882,13.067287,11.227086,8.244874,7.321252,9.985973,12.709045,17.887837,4.041748,5.574408,2.643989,2.240503,,,16.747601,14.267488,12.203503,10.531754,9.406660,7.694398,9.517021,13.641527,17.100870,4.836394,5.029674,2.621468,2.506143,,,,14.833924,12.531668,10.521699,8.314194,8.706695,9.081733,12.655382,17.238802,5.373966,5.087942,2.565564,2.767959,,,,,11.740842,10.428085,9.706018,8.593400,11.291023,13.226609,17.328123,,,,,,,,,,10.815218,9.896241,9.718237,9.185957,13.383756,16.729004,
5.480667,4.938330,,,19.390194,16.627974,16.194144,14.316556,11.948115,10.035502,,,,,,5.895214,5.518813,2.595605,2.591254,17.429184,16.072804,14.387761,14.141671,12.018450,10.965581,11.272422,,,,,5.199738,5.089436,2.281872,2.484905,19.172474,15.940103,15.523440,14.324389,13.336113,10.269481,10.157918,12.464048,,,,5.907715,4.528563,2.762979,2.386780,19.000750,17.970015,15.089141,14.270032,12.391333,10.452780,7.071541,8.820174,12.862683,,,4.423494,6.476557,2.474531,2.466910,20.141735,16.316387,16.352254,14.081480,12.904937,10.952337,8.719884,7.158971,11.406381,16.239461,,5.220624,5.325089,2.664875,2.585073,18.728952,16.798055,13.464238,13.804174,12.008386,10.857236,10.035782,9.044308,9.880277,14.969820,19.740841,5.201473,5.087798,2.532067,2.566885,18.617620,17.251424,15.677950,13.091572,12.886426,11.094425,9.074186,9.084499,9.723393,12.775041,18.272064,4.806967,5.707374,2.660737,2.332505,17.188137,17.123050,16.049480,14.273497,12.123249,10.920047,9.572929,7.953156,10.530608,12.979118,16.836653,4.449128,5.536734,2.650081,2.395866,17.795060,14.740101,15.087410,14.157808,12.312144,11.122200,9.821882,10.133766,10.282384,14.531024,17.521964,5.224587,4.666795,2.603698,2.658057,19.191637,17.193334,14.363604,14.260432,12.888307,10.550242,9.981230,8.714862,10.798876,12.721662,18.014985,4.983715,4.615426,2.679285,2.585437,,17.483426,15.756636,13.127169,12.241622,10.646355,8.587075,10.066838,10.562418,14.303576,17.328612,4.641815,5.870401,2.774032,2.490148,,,16.046626,14.239712,11.766246,9.952675,8.601822,8.016874,11.746768,14.063409,18.419916,4.285401,4.778704,2.635021,2.546869,,,,14.348227,12.684883,10.916338,9.082202,9.070994,10.473469,15.276227,18.401596,4.957176,4.967136,2.524819,2.636128,,,,,11.917685,10.619640,10.088955,9.481205,11.197184,13.833852,18.970384,,,,,,,,,,10.424766,8.513384,8.851465,9.340716,12.630010,16.377811,
5.164108,5.292332,,,16.352102,15.939821,14.253429,14.278023,13.500390,11.023422,,,,,,4.998909,4.924806,2.477961,2.381810,18.654787,16.344902,15.771790,13.578018,11.908597,10.437282,8.591770,,,,,5.083370,5.615399,2.155945,2.511547,17.433489,16.309881,14.762661,14.659309,12.908664,10.677679,10.057718,10.508349,,,,5.009636,4.644823,2.478089,2.501006,19.422764,17.562675,16.152815,14.185670,12.824007,10.521521,7.086967,7.375782,10.334504,,,5.052999,5.667700,2.600817,2.422317,20.866278,16.897650,15.823409,14.352109,12.575959,10.935964,9.488928,7.100590,9.769490,14.123899,,5.418019,4.954113,2.691873,2.684233,18.741854,16.944352,13.443985,12.972859,11.541034,10.499794,9.739801,10.330142,10.390647,14.215227,18.663943,4.786723,4.746184,2.181280,2.751089,17.024428,16.765116,15.769733,13.186055,12.981008,10.975531,10.084399,9.490019,11.718247,13.713201,18.249180,5.287590,5.283910,2.743679,2.329326,17.296912,16.487047,16.122021,14.603124,11.979686,10.857385,8.191576,7.898017,9.141532,12.917224,16.366066,4.392772,5.216177,2.554308,2.601359,18.653535,15.904228,15.759570,15.041478,12.995422,10.872592,9.342248,7.285239,9.054362,12.429324,16.818503,5.157732,5.208462,2.652382,2.492232,18.282032,16.704592,14.158629,14.118320,12.983198,10.784836,9.859257,9.292376,9.183695,12.442433,16.560069,5.188233,4.874329,2.553592,2.558333,,17.926071,16.384851,13.696564,12.819548,10.559104,7.861311,8.623885,9.753302,11.869026,16.163488,4.661983,5.508305,2.698200,2.393668,,,16.427210,14.761956,12.147005,10.779858,8.262287,7.111265,10.588956,13.532645,16.478813,5.098496,4.771701,2.675560,2.774028,,,,14.374241,12.822275,10.869975,9.975341,8.630090,9.884974,14.410378,17.965420,5.320488,4.613571,2.777687,2.625869,,,,,11.454372,10.567955,10.270517,11.083933,11.712955,14.405359,19.103806,,,,,,,,,,10.567710,9.967395,11.108394,12.887673,14.943930,18.672407,
5.104180,4.831602,,,20.515823,18.423361,16.262607,15.283818,13.182784,10.969252,,,,,,5.160970,5.563750,2.597733,2.364567,17.827821,17.091488,15.703344,13.859438,12.802439,10.768961,10.176311,,,,,5.409122,5.763064,2.562170,2.519985,17.013457,16.471311,16.008046,14.786171,12.806377,10.630092,8.080844,9.216505,,,,5.150245,4.152161,2.758511,2.646190,17.239504,15.343973,14.688717,13.915245,12.639808,10.814664,8.303932,7.300450,10.889184,,,5.151145,5.757552,2.439209,2.528178,19.536879,16.908691,15.555760,14.160091,12.521922,10.812362,9.319903,7.353415,9.040416,13.702737,,4.520174,5.235887,2.624849,2.666763,18.708646,16.668577,14.725172,13.874495,12.168773,10.610963,10.216541,10.494666,10.865965,13.939517,18.658682,5.513704,5.521359,2.506463,2.710111,18.079479,17.873530,15.891115,14.196994,13.015438,10.429377,8.630075,9.550776,11.430471,13.712041,17.639643,4.797385,5.707847,2.718292,2.398823,16.563687,16.564677,16.271420,13.804482,12.138779,10.629508,7.941538,7.815825,11.502372,14.688019,18.129374,5.471088,5.025019,2.658411,2.710382,18.110387,16.047660,16.283178,15.397326,12.201257,10.360855,8.656062,7.072566,9.384666,14.498556,18.027772,5.547610,5.469087,2.289844,2.832286,18.111379,16.003953,14.590614,15.117310,13.898379,10.804377,10.095148,9.985764,10.796924,14.362209,19.777971,4.616650,4.682517,2.583987,2.406880,,17.554975,15.585706,13.618662,12.847597,10.560823,7.507030,8.418571,10.916092,14.034358,18.366068,4.720937,5.704164,2.806613,2.374694,,,16.065315,14.194105,11.990995,10.526157,8.102670,7.106727,10.296546,14.378902,18.031838,4.931980,5.062758,2.732038,2.756997,,,,14.289479,12.700887,10.699712,9.197979,7.850990,9.742470,14.044275,18.706156,4.947604,4.868851,2.695872,2.687288,,,,,12.198339,10.928071,9.591378,9.033914,9.784654,13.507126,18.221983,,,,,,,,,,10.646259,9.335915,8.788931,9.673935,12.317406,16.915763,
5.411986,5.045076,,,17.796699,16.207804,15.656152,13.368530,12.377156,10.756165,,,,,,5.466869,5.085616,2.495482,2.606169,16.849828,16.799456,15.485867,14.351725,12.445053,10.745509,9.096617,,,,,5.146875,5.418498,2.422146,2.505890,18.974790,16.884548,16.312220,14.480098,12.179410,10.436123,8.333775,7.970997,,,,5.433744,4.972896,2.472907,2.412927,15.914705,16.528426,14.900344,14.228410,12.804747,10.592964,10.819391,10.323730,11.898470,,,5.140042,5.207365,2.309261,2.551624,17.793776,15.802641,16.348284,14.301459,12.454783,10.561659,8.118454,10.295817,11.744654,15.066183,,5.107772,4.934065,2.504852,2.587848,17.095435,14.634259,13.208731,13.743641,12.094110,10.321542,9.936165,9.563050,13.662224,16.269344,19.848870,5.177272,5.288963,2.347032,2.611598,19.579327,17.387197,15.307856,13.846633,13.157702,10.924055,8.364297,8.924648,10.478435,15.639494,19.330143,4.737601,5.253771,2.601115,2.320206,18.904535,18.514246,16.477311,14.209174,12.384080,10.551941,8.732143,7.390254,10.476218,13.831461,19.141388,4.781786,5.428268,2.673515,2.524852,20.347133,17.092067,17.229826,14.987107,12.389652,10.339639,7.935484,7.942663,9.133097,13.636131,17.514986,5.478586,5.337088,2.622404,2.868751,17.739288,17.012457,14.409572,15.001448,12.847395,10.589234,9.470897,8.095622,10.638592,13.290304,18.073167,4.839656,5.267909,2.683041,2.744142,,16.174572,15.160709,12.985537,13.108295,10.454725,8.373908,8.634131,9.417451,13.838776,17.452833,5.122160,5.112463,2.640560,2.208132,,,15.465863,13.712652,11.683740,11.040658,8.379797,7.694319,10.141557,12.803073,17.690758,4.760713,5.500639,2.712497,2.536894,,,,13.923158,11.887971,11.089631,10.720296,9.732709,11.227556,14.771865,17.884320,4.835780,4.792935,2.444791,2.479939,,,,,12.919821,10.374282,10.651395,10.668376,11.600422,14.660281,18.928872,,,,,,,,,,10.596938,8.610981,11.070704,12.669986,15.147849,18.776903,
5.346677,5.440857,,,17.567130,15.817242,15.221674,14.966592,13.003106,11.305955,,,,,,5.638216,5.302050,2.503189,2.733652,16.387180,15.672380,14.866292,14.418912,13.369181,10.986137,9.902068,,,,,5.220034,5.836476,2.551343,2.434880,16.367504,15.596013,15.182904,14.349545,13.091565,10.592093,7.941568,8.495621,,,,5.095220,5.298673,2.633998,2.481247,16.633186,15.751990,14.980953,14.217605,12.908024,10.913538,7.697566,6.721187,10.120574,,,4.759710,5.648457,2.599780,2.561180,18.680122,15.988391,15.599874,14.221714,12.759768,10.891918,8.647083,6.459291,8.801986,13.703087,,5.335533,4.632172,2.795095,2.714567,18.977251,16.879906,14.730869,14.488277,12.580767,10.792327,9.359861,8.516100,9.153833,12.983266,18.073081,5.338939,5.354260,2.482745,2.734842,18.720377,17.317902,15.934342,14.096276,13.572199,10.991186,9.066130,8.978434,10.500017,13.415203,17.726024,4.883407,5.207508,2.634704,2.358671,17.646563,16.953985,15.713083,14.351683,12.278250,11.235230,8.645456,7.976365,10.637993,14.119567,17.824362,5.112565,5.937616,2.531725,2.775800,19.439947,16.872814,16.682532,14.962260,13.023848,10.321338,8.653220,7.019751,8.614546,13.217109,17.494472,6.136359,5.276789,2.743509,2.645179,17.856759,16.905115,14.855045,14.848647,12.824901,10.910782,9.040633,8.610711,9.746267,12.878640,17.949168,5.000875,5.186572,2.682391,2.772664,,15.929403,14.922727,13.315517,12.786060,10.355291,8.979770,9.507037,11.408328,14.645405,18.389236,5.008514,6.228070,2.477626,2.304819,,,15.824923,14.185362,12.612241,11.044730,8.520107,8.430850,11.420165,14.827686,18.755176,4.653415,4.529312,2.529706,2.585528,,,,15.089856,12.409547,10.660905,8.295899,7.147934,9.703946,14.520206,18.682039,4.912935,4.985882,2.602048,2.588376,,,,,13.471198,10.576809,9.822128,8.790172,10.069655,13.858551,18.949583,,,,,,,,,,10.803759,8.227725,9.262837,10.798529,13.773596,18.037945,
5.203651,5.042647,,,20.280471,17.885797,14.311359,14.144882,12.909660,10.815279,,,,,,5.109003,5.532683,2.379163,2.478935,21.267071,19.343346,17.124760,13.661263,12.344215,10.591584,8.077333,,,,,5.364665,4.985416,2.543393,2.545977,18.147531,17.568250,16.121828,14.602195,12.055556,10.823705,10.531613,9.709323,,,,5.075726,4.754118,2.749583,2.335780,19.473721,16.562280,15.721279,14.034314,12.430175,10.690216,8.895117,9.967044,11.190681,,,4.791847,5.600884,2.583188,2.481170,20.439548,18.325340,15.948933,14.391462,12.153745,10.369586,9.869497,8.364546,11.239384,14.188611,,5.359846,5.316143,2.642095,2.799822,18.236301,17.329216,15.880039,14.224432,12.388597,10.510638,9.998869,11.525117,11.436731,15.351530,18.797801,4.985846,4.961018,2.592483,2.669223,16.282509,15.971792,15.165815,13.943780,12.634612,10.017582,8.500982,9.787504,13.206999,14.769324,19.539887,5.438227,5.170292,2.632796,2.262000,15.834186,16.113135,15.850555,14.358122,12.553290,10.969860,7.538958,6.887238,10.270090,14.715380,17.605657,6.019462,5.387924,2.657104,2.744289,17.440217,15.096377,15.666905,15.069294,12.725534,10.517326,9.420828,6.885901,9.049467,13.962285,18.536644,5.480578,5.048986,2.572489,2.732553,17.381490,15.917855,14.020162,14.510522,13.584699,10.868681,9.480940,10.469768,10.521862,14.357025,19.660822,4.663972,4.187561,2.562399,2.476802,,16.392981,14.794699,12.979768,12.713482,11.393615,8.979593,9.560739,12.722538,14.552772,18.997272,5.173217,5.123095,2.522839,2.493891,,,16.225004,13.932865,11.833177,10.421092,8.773549,7.482449,10.338400,14.797647,17.449545,5.102824,4.322110,2.744965,2.625313,,,,14.535868,12.097554,10.626046,9.246096,8.849699,10.220991,14.528269,19.318413,5.162939,5.065314,2.623875,2.704396,,,,,13.191625,10.516494,9.848884,9.008984,10.303358,13.555426,18.487668,,,,,,,,,,11.129140,8.794451,9.646914,10.512824,13.320853,17.371244,
5.698482,5.247238,,,19.223416,17.710982,14.411719,13.909696,12.707803,10.700293,,,,,,4.858772,5.819697,2.378064,2.530704,20.313005,17.922763,17.358659,14.297249,12.875709,10.704139,8.283721,,,,,4.848459,5.753075,2.544082,2.573719,17.845520,16.781387,14.916757,14.885838,12.372741,10.941091,9.566022,8.999674,,,,5.480074,5.177695,2.697990,2.591953,17.544399,16.683976,15.481266,13.713466,13.129700,10.633422,8.433222,7.975030,9.755358,,,4.453975,5.907093,2.504675,2.280604,18.830161,16.944288,16.160979,14.262726,12.319963,10.773571,8.876681,7.105765,9.372552,13.264800,,5.635898,4.905265,2.843881,2.694870,18.146408,16.465266,15.037588,14.287878,12.181435,10.839551,9.844931,9.947755,10.098725,13.554738,17.688994,5.427766,5.210784,2.545753,2.667450,18.155046,16.568722,15.110103,14.013957,12.850003,10.284006,9.851084,9.948368,12.461350,14.533322,18.838896,4.968230,5.026231,2.570735,2.484521,17.845260,17.319211,16.070911,14.086490,12.640989,10.676040,8.031551,9.201698,11.446188,15.524859,18.844899,4.942919,5.060569,2.625649,2.603282,19.496519,16.291960,16.286210,14.841236,12.232273,10.563143,8.495084,7.502326,10.802880,14.832904,19.239565,4.911338,5.102224,2.547538,2.886416,19.082828,16.428856,13.705669,14.252218,13.086695,10.704468,10.067868,9.501636,10.870804,15.061250,19.597403,5.750554,5.591945,2.663683,2.476952,,17.567303,15.440885,12.863992,12.809645,11.057784,8.655901,9.086320,10.417747,13.690170,18.380633,4.576943,5.576199,2.589303,2.396820,,,16.206709,14.337327,11.858705,10.704411,8.732036,7.849038,10.540250,13.890508,18.067937,4.901743,4.740729,2.698990,2.596746,,,,14.077979,12.596606,10.786813,9.662429,9.175003,10.515001,14.317070,18.159986,5.778597,5.275242,2.693307,2.637346,,,,,12.642598,11.062287,9.860009,8.752588,10.259379,13.458562,17.993366,,,,,,,,,,10.784362,9.444476,9.822370,10.186544,13.872406,18.015879,
5.191838,5.505232,,,18.821388,17.882832,15.463740,14.877723,12.650212,10.814513,,,,,,5.320788,4.821792,2.375058,2.614275,18.639339,18.094694,17.365149,14.802106,13.210714,10.671879,7.794487,,,,,5.358174,5.435294,2.411081,2.426470,18.268676,15.117575,14.934357,14.529353,12.442888,10.949381,9.761330,8.427604,,,,5.064031,4.756821,2.536179,2.675625,18.943867,18.441228,15.413555,14.580236,13.082642,10.608135,8.031912,7.987034,8.726979,,,5.269516,5.738671,2.475797,2.403883,18.144409,17.516688,17.168977,14.376849,13.060699,11.136480,9.473112,7.861544,10.212008,12.861848,,5.443467,5.044472,2.552857,2.661532,17.836806,14.471079,14.263257,13.981584,11.853436,10.820362,10.059976,10.653989,11.402117,14.864539,17.920814,4.833604,4.948676,2.435940,2.630175,19.702909,17.689834,14.546819,13.987912,12.754317,10.723924,8.936493,8.787744,11.434333,14.177536,18.435743,5.383965,4.802219,2.653240,2.340173,17.767830,19.219923,17.264118,14.051448,12.476096,10.234960,8.713007,7.478196,9.639793,13.683092,17.551011,4.718389,5.651308,2.488143,2.533017,17.151298,16.075570,17.505346,15.777998,12.986955,10.971963,8.615278,9.316970,10.173301,14.060705,18.439489,4.975304,4.628195,2.716728,2.614565,18.783065,14.825566,13.628341,14.473639,12.935712,10.892558,9.455247,8.576074,11.499343,13.909647,18.329326,5.068656,4.760632,2.414544,2.573215,,19.048041,15.189716,13.413529,12.614914,10.727710,9.383197,8.310986,9.231973,13.615143,17.223787,5.045343,5.790267,2.680885,2.198258,,,17.086817,13.758932,12.123235,10.639779,9.984724,10.786040,11.656519,13.827639,18.437179,5.042427,4.637074,2.594326,2.607623,,,,14.773563,12.189191,10.628490,8.681873,9.910552,12.662893,15.263496,18.214299,5.363274,4.305237,2.517413,2.415330,,,,,11.969562,10.785253,10.474539,9.918414,12.983640,16.537777,19.845939,,,,,,,,,,10.529828,10.799617,10.815778,10.860238,15.050110,19.246811,
5.774294,5.886914,,,21.067771,17.187232,15.730796,13.282382,12.238483,10.556199,,,,,,5.909043,5.574927,2.330330,2.493434,19.332244,17.411109,14.744751,13.836917,11.907503,10.874847,9.062421,,,,,5.652952,5.570201,2.268918,2.744290,19.191487,18.286582,17.214873,15.320514,13.647560,10.884474,8.496052,6.522975,,,,4.509056,4.882630,2.560694,2.599215,18.086329,17.114621,16.200326,14.962548,13.296828,10.970126,8.470125,7.232670,8.798519,,,4.923262,5.914467,2.648261,2.373417,20.922374,16.841119,16.131562,14.555269,12.564026,10.779599,8.153441,7.072212,8.487487,12.245077,,6.186938,5.714647,2.615457,2.674154,18.826871,17.884991,14.504504,14.492593,12.808547,10.983673,10.535445,8.951108,10.231719,12.961928,17.145659,5.137739,5.028952,2.369474,2.747480,17.911531,16.705744,15.971739,13.352163,13.133633,10.694129,8.844670,10.397686,11.017065,14.601124,18.493764,5.295162,5.596308,2.649402,2.269077,16.892871,17.701909,16.160768,14.633063,11.941452,10.592102,7.590604,6.906683,10.970866,13.556318,18.002019,5.206224,5.502920,2.480594,2.546346,19.123138,16.643830,17.335982,15.093801,12.619873,10.136500,8.078383,6.208921,8.805894,14.356328,17.754801,4.615287,4.656319,2.544599,2.426574,19.032328,16.633945,14.619359,15.297654,13.060877,10.570983,10.035495,9.535294,10.090091,13.877739,19.534377,5.139858,5.454644,2.740498,2.655213,,18.064206,15.590074,13.394263,13.094499,10.451390,8.019521,9.565964,11.013580,13.299527,17.754499,4.702717,5.667054,2.448870,2.242056,,,16.901879,14.189709,11.817274,10.358689,8.010630,7.123383,11.263544,14.546620,17.595325,5.785245,5.092210,2.730893,2.576460,,,,14.260526,12.104774,10.763431,9.855633,9.688259,10.747531,15.572349,19.169782,5.884566,5.451783,2.480665,2.849860,,,,,12.140723,10.337254,10.172575,9.948575,12.310224,15.020941,20.215878,,,,,,,,,,10.969887,8.632400,9.137147,9.989434,14.390526,18.180226,
4.803699,5.286515,,,18.271851,16.933291,15.447465,14.387917,11.900884,11.029105,,,,,,5.556088,5.748240,2.623986,2.800948,17.125501,16.320426,15.780465,14.477493,13.018540,10.758116,11.060726,,,,,5.091728,5.119382,2.455253,2.526739,18.395279,15.784627,15.474899,15.095668,13.426217,11.061332,9.201230,11.065125,,,,5.232813,4.810572,2.658675,2.625321,17.898855,17.375135,14.665447,14.005486,13.084356,10.998501,8.269153,8.290221,12.107128,,,5.040422,5.539926,2.499057,2.479746,19.575926,16.980342,16.461824,13.387169,12.008731,10.430465,8.447896,6.833845,10.019769,14.998167,,4.944713,4.703132,2.645625,2.734707,17.083760,16.368778,14.410499,14.150413,11.541062,10.508640,9.993003,9.858731,10.460250,14.776983,19.894358,5.244386,5.291613,2.285711,2.893499,16.435118,16.335531,15.839258,14.314948,13.485281,10.907133,9.583592,9.684367,11.233009,13.603380,18.688113,4.581044,5.293357,2.677632,2.308866,17.156260,16.353473,15.802267,14.455887,12.553686,10.529585,8.249881,7.675338,10.081197,13.501841,16.978141,4.805340,4.914648,2.656521,2.531333,19.064811,16.231254,15.728616,14.661812,12.647835,10.810036,8.366530,7.925684,9.250576,13.278038,17.267945,5.419743,4.713120,2.573245,2.599855,17.272823,16.718806,14.325592,14.223414,12.919836,10.811031,10.114083,8.825081,10.886016,13.451669,17.946889,5.105914,4.452878,2.558682,2.635759,,16.618036,15.798794,13.376659,12.737370,10.602478,8.204572,9.025093,9.869739,13.917289,17.510015,4.442047,5.116887,2.749643,2.382139,,,15.278598,13.865146,11.507465,10.582241,8.454261,7.486520,10.641414,13.470183,17.968454,5.058484,4.953735,2.579257,2.821110,,,,13.957003,12.446429,10.958651,10.675375,9.594582,10.377340,14.407911,17.775430,4.589378,4.709194,2.530884,2.480828,,,,,12.859873,10.642001,9.899011,10.227351,10.741392,13.307794,17.957311,,,,,,,,,,10.823223,8.631442,9.610640,11.515681,13.543079,16.888727,
6.059285,5.986700,,,19.385111,17.911930,15.010667,14.611902,12.637235,10.958120,,,,,,5.252430,5.214003,2.621441,2.769937,19.328533,16.598891,16.010957,13.826815,12.571421,10.545778,10.113506,,,,,5.059307,5.541858,2.663673,2.460359,19.750559,17.287949,15.044017,14.437051,12.581259,10.343936,8.793636,10.413549,,,,5.563525,5.752133,2.600506,2.340100,19.039541,18.377302,16.252054,14.088603,12.720523,11.049033,8.158152,8.178875,12.103127,,,4.368903,6.391622,2.654957,2.470132,19.704577,16.536014,16.465145,14.383716,12.198654,10.132888,9.700379,8.131629,10.915341,16.233451,,5.433932,5.176053,2.510477,2.670137,17.189730,16.524747,13.924936,14.135868,12.286032,10.636077,9.190189,10.849921,11.130131,14.860943,20.379313,4.999777,5.159148,2.227510,2.783513,18.292690,16.686278,16.214424,14.141386,13.507244,10.961646,9.005133,7.575769,11.331996,13.823421,18.432703,4.719775,5.493368,2.685550,2.349027,18.639824,17.965905,16.056629,14.761402,12.370226,10.471344,7.670210,6.932096,8.661765,13.967230,17.422887,5.330240,5.484362,2.715934,2.459969,19.835309,16.889623,16.789116,14.795940,13.001502,11.087414,8.817953,7.462337,9.209040,12.814018,18.379862,5.125713,4.578311,2.723709,2.503317,20.593218,17.532645,14.942269,15.072661,12.909389,10.703654,10.054428,8.748468,10.114394,13.601524,17.986335,5.288402,5.510021,2.518970,2.654474,,18.073378,15.596856,13.170920,13.107152,10.913873,8.820913,10.253039,10.947321,14.051232,18.157853,5.208335,5.469814,2.572456,2.327472,,,16.966819,14.676037,11.752502,10.433983,7.985231,6.713790,10.545673,13.468300,17.479360,5.133833,5.111467,2.538932,2.761117,,,,14.639482,13.081672,10.722454,9.463130,8.891483,9.789022,14.732261,18.407125,5.385417,4.710547,2.532467,2.615136,,,,,11.042268,10.479492,9.590244,9.870379,11.851031,14.115671,19.318646,,,,,,,,,,10.586951,10.306839,10.042963,10.557294,14.177921,17.558826,
5.483472,5.440512,,,18.810480,16.777494,15.412115,13.442923,11.642309,11.067876,,,,,,5.612871,5.421118,2.429908,2.298202,18.384105,16.066631,15.213243,14.498678,12.882086,10.578361,11.692093,,,,,5.305916,5.662905,2.455428,2.511907,18.150572,16.957566,15.114607,14.425257,13.246109,11.229771,8.431450,11.245144,,,,5.267006,5.391098,2.661770,2.587697,18.632314,17.110441,15.942060,13.974398,12.568054,10.633450,8.723190,7.228421,11.910319,,,4.841628,5.793901,2.549541,2.583905,18.582624,17.032874,16.005057,14.535668,12.384863,10.322075,8.292327,8.191338,9.627679,15.014673,,5.404936,4.466650,2.521597,2.812579,16.708259,15.471291,14.191648,13.676629,12.289843,10.708653,9.514185,9.289870,11.556423,14.209503,19.646537,5.349606,4.532484,2.436947,2.674740,19.142897,16.750041,15.574815,13.864307,12.988917,10.789453,9.168575,8.325552,10.074953,14.335968,18.151949,4.722516,4.808012,2.736237,2.454016,18.979711,17.952580,15.933218,14.256626,11.928714,10.819564,8.646812,8.500993,10.177391,13.870511,18.786843,4.569374,5.114946,2.669736,2.944547,19.787440,16.976232,16.584694,14.855484,12.802865,10.312752,9.627882,8.656289,10.467323,13.859453,18.162079,5.308955,4.981826,2.633120,2.682477,19.275416,16.956676,14.617584,14.531413,13.070059,10.915492,9.038380,9.712548,10.633501,13.729583,17.918138,5.258786,5.172468,2.658388,2.535690,,17.039374,15.263635,13.126944,12.438803,10.728546,8.330065,7.797568,10.355891,13.170757,17.059601,4.700823,5.454156,2.555499,2.497075,,,16.085116,14.387977,12.092649,10.185392,8.229746,6.569063,8.687915,12.758286,16.503566,4.610111,4.737777,2.643865,2.606880,,,,14.060112,12.472907,10.496147,8.390988,7.965462,8.779034,12.521326,17.005164,4.914280,5.010335,2.488287,2.661095,,,,,11.613922,10.923665,10.328447,9.571878,11.141483,13.135005,17.097200,,,,,,,,,,10.661324,9.869369,10.040977,10.156292,13.326127,16.578230,
5.385942,5.499222,,,18.265902,16.545623,14.257685,14.398369,12.924159,11.124120,,,,,,5.901532,5.448341,2.558800,2.659025,19.481845,17.514361,16.433388,14.136185,13.115508,10.514888,8.353122,,,,,5.056141,5.418778,2.484765,2.437872,18.352476,17.286110,16.109705,15.262004,12.986027,10.829181,7.958484,7.630750,,,,5.385858,4.976602,2.760628,2.559669,17.069192,15.528476,14.580483,13.678920,12.775143,10.875365,8.635873,7.649555,10.292469,,,5.305695,5.469666,2.495105,2.494064,16.979052,15.825733,15.148175,13.826590,12.674155,10.988957,9.322489,7.263473,9.023621,13.597431,,5.577602,4.886048,2.607340,2.627083,16.989660,14.375769,13.584530,13.381754,11.708632,10.774584,9.532839,9.812698,10.056929,13.611968,18.545453,4.690256,4.998263,2.287149,2.810583,17.589803,17.471983,15.161435,13.898112,13.176340,10.387516,8.961777,8.141625,10.597306,13.139103,17.733366,5.218140,5.161256,2.704450,2.313614,15.259524,17.282848,16.677771,14.181896,12.063244,10.887195,8.009463,7.816719,9.518160,13.479663,16.892876,4.117711,5.498229,2.620788,2.850423,16.551352,14.527417,16.251471,15.052592,12.696240,10.227923,9.509163,8.248716,10.373681,13.847873,18.181930,4.396021,4.544288,2.665421,2.750861,18.827233,16.234145,14.099022,14.834930,12.955779,10.848362,8.660674,9.214380,10.027481,13.426971,17.451325,5.080085,5.393286,2.581669,2.359074,,18.274719,15.799899,13.270163,12.529185,9.987930,8.618061,7.949506,10.541185,13.011130,16.973080,5.112946,6.633853,2.724473,2.269957,,,16.155951,14.207664,11.975074,10.447771,8.630641,9.598594,11.374174,15.077758,17.910708,5.171298,5.137721,2.659202,2.549362,,,,14.441012,12.807168,10.821204,8.574196,8.586118,11.660728,15.133805,19.450569,4.965436,4.887159,2.313070,2.709862,,,,,11.980093,11.053185,10.222186,9.137510,11.612492,15.510097,19.582873,,,,,,,,,,10.592691,9.005661,8.363321,8.518395,12.899639,17.010648,
5.117067,5.992535,,,18.480951,16.567217,15.263052,14.393951,13.102144,10.319481,,,,,,4.683107,5.798632,2.593567,2.454297,20.227208,17.540502,16.317665,14.961634,12.982263,10.697540,7.722512,,,,,5.254761,5.709933,2.509946,2.667002,19.742288,18.029741,15.918027,15.070492,13.658915,10.996322,8.677252,7.574792,,,,5.230819,5.066476,2.832467,2.471932,17.724089,17.731295,15.797807,13.820241,12.629603,10.850852,7.782485,7.038774,9.597258,,,4.780796,5.584745,2.609306,2.574879,19.126349,16.269595,16.392228,14.027936,12.127394,10.517969,8.736750,6.637510,8.978205,13.631150,,5.118789,4.845401,2.547018,2.717242,17.848240,16.146751,13.870756,14.120219,11.807626,10.782481,10.110548,9.854250,9.977721,13.529156,18.390978,4.705038,4.804465,2.356480,2.793537,18.541388,17.634856,16.216732,14.137718,13.510353,10.574295,9.714246,9.352416,10.583537,12.917603,17.597701,5.133242,4.851830,2.798733,2.254480,16.765851,16.706915,15.913162,14.300714,12.347927,11.169794,8.652954,9.393388,11.068250,13.910370,17.108011,5.389590,5.583299,2.761584,2.538281,18.478921,15.485466,15.649415,14.539721,12.418581,10.584266,8.889033,7.868630,10.674810,14.200288,17.990734,4.695564,5.223650,2.537466,2.716566,17.823761,16.273361,14.050072,14.277691,13.035212,10.989203,10.415413,9.454460,10.817745,14.796945,19.111609,5.366215,5.185331,2.631703,2.585373,,16.863625,15.685252,13.614034,12.925110,11.021265,9.012500,9.930401,10.458345,13.490166,18.036474,4.995118,5.448501,2.626830,2.478542,,,15.829935,14.676249,12.572391,10.675059,8.478832,7.924536,11.339978,13.721365,17.469449,5.178589,5.196065,2.469364,2.494262,,,,14.410956,13.059538,11.064744,8.491911,7.441922,9.590479,14.493178,17.777952,5.520086,4.418033,2.440130,2.676930,,,,,11.525475,10.709914,10.246081,9.146385,10.662177,14.199359,19.315846,,,,,,,,,,10.627314,9.156974,9.296938,9.331133,12.851105,17.479983,
5.661240,5.483082,,,18.600569,15.069051,15.653413,13.853753,11.528408,10.640187,,,,,,5.161520,4.776172,2.298735,2.648952,17.647312,15.798713,13.090146,13.871968,12.231154,10.679451,12.021057,,,,,5.057026,5.490453,2.114981,2.619020,19.590648,18.350569,16.911160,14.145255,13.576931,10.760052,9.015780,11.452621,,,,5.748805,5.081887,2.890614,2.302753,17.305140,17.108493,15.861833,14.474678,11.903873,10.625342,8.381099,8.751851,13.160252,,,4.570326,5.549858,2.446316,2.446775,18.344770,15.608667,16.106531,14.553971,12.948463,10.633820,8.292882,7.683789,10.609442,15.986726,,5.395189,4.933913,2.761803,2.605210,17.253710,15.722461,13.322492,13.793636,11.977247,10.559180,9.545888,8.118724,10.176950,14.140358,19.589889,5.327446,4.759681,2.387804,2.819631,17.251272,16.943685,15.677445,13.582297,13.189877,10.531458,8.786976,9.216678,9.127297,13.283336,17.812134,4.587347,5.516719,2.716596,2.250941,18.188119,16.045195,15.800460,14.142404,12.072836,10.805317,8.241836,8.011753,11.190986,13.095198,17.843071,5.495549,5.374333,2.735518,2.589752,20.812822,17.112393,15.515197,14.822514,12.622223,10.641230,8.865503,7.520362,9.498561,14.149645,16.986033,5.381841,4.903861,2.529186,2.682344,19.805742,18.722884,15.624147,14.559125,13.262563,10.794650,9.859657,8.924676,10.140342,13.769071,18.897338,5.259270,5.318764,2.623519,2.471981,,17.098594,16.127330,13.462373,12.500519,10.599905,8.628631,9.929143,11.268129,14.126990,18.286883,4.481610,5.395371,2.673793,2.410891,,,15.906634,14.312041,11.754248,10.239089,7.623531,7.076696,10.813085,14.184528,17.698103,4.404796,4.889140,2.637639,2.713855,,,,14.228335,12.492946,10.812788,9.930913,8.217422,9.751351,14.441578,18.413809,5.401319,5.028408,2.599587,2.436351,,,,,11.706781,10.227395,10.111512,10.828773,10.919555,13.647177,18.589696,,,,,,,,,,10.368883,10.746692,12.870311,15.194292,16.188988,18.965857,
4.811908,5.416293,,,17.509369,14.097972,13.845928,13.738103,13.319668,10.966362,,,,,,4.580532,5.568954,2.519335,2.190910,18.249146,16.758862,14.069245,13.588474,12.517942,10.971519,9.218066,,,,,5.686021,5.634162,2.314355,2.595197,18.622924,18.411505,16.992009,14.401979,13.046884,10.544992,7.732737,7.219271,,,,5.539272,4.528302,2.670683,2.588745,16.536772,16.003734,15.801499,14.338257,12.383399,10.773451,8.244257,6.815733,9.981855,,,5.095044,5.691420,2.611619,2.492533,18.278887,15.082115,15.223290,14.335518,12.154480,10.522322,8.651396,7.198864,8.822607,13.633619,,5.372282,5.347199,2.501741,2.622086,17.483683,15.493056,12.873391,13.598615,12.345524,10.328909,10.421070,9.810389,10.658623,13.649557,18.544687,5.258643,4.308118,2.303108,2.598733,18.225839,17.536591,15.904000,13.457032,13.418648,10.994173,8.335822,9.686962,10.518406,13.563560,17.770030,5.113003,5.438501,2.673773,2.170718,17.702613,17.091244,16.446041,14.373333,11.876550,10.988697,8.127595,6.942025,10.928716,13.552477,17.605676,4.652863,5.019141,2.777727,2.661590,18.969315,15.694269,15.638056,14.719154,12.277974,10.258404,9.239408,7.361873,9.229995,14.516669,17.820754,5.403237,5.630592,2.581924,2.615705,18.772709,16.713265,13.942425,14.146191,12.917352,10.500391,9.699946,9.565190,9.536834,13.064304,18.615853,5.278151,5.366841,2.537121,2.503192,,17.929566,15.922600,13.390133,12.802521,10.456163,7.910346,8.930811,10.527721,12.503177,16.995659,4.835924,5.269150,2.716273,2.385028,,,16.438725,14.134676,11.849765,10.505455,7.876657,7.401031,10.932758,14.293253,16.923155,4.507208,4.821011,2.657896,2.537899,,,,14.470031,12.256406,10.906377,9.790948,8.536284,10.635841,15.044982,18.946289,5.416157,5.069685,2.595169,2.688909,,,,,13.110995,10.581339,9.951067,9.098628,9.700587,13.581395,18.359667,,,,,,,,,,10.586849,8.600504,9.951984,10.907331,13.623207,18.233074,
5.318049,5.452926,,,18.739150,17.202566,16.281222,14.192108,11.267188,10.515811,,,,,,5.239007,5.389309,2.487416,2.490498,16.562478,15.886597,15.134324,14.458879,12.441273,10.544132,9.583994,,,,,5.371180,5.953456,2.315506,2.527153,18.552466,16.216488,15.911032,15.009858,13.518739,10.598511,9.345828,8.149045,,,,4.715894,5.164866,2.702533,2.532525,18.963021,17.743310,15.384120,14.366251,12.639174,10.277675,7.378367,8.563383,9.689686,,,5.117903,5.591124,2.578743,2.565985,20.374243,17.419276,16.561832,14.163728,12.554057,10.482658,8.127093,7.271963,10.963834,13.621910,,5.578903,5.370993,2.575842,2.639855,18.606685,16.657394,14.363500,13.966085,12.076945,10.743067,9.853493,9.366438,11.249118,15.723338,18.685178,4.531528,5.370642,2.580251,2.718062,20.338621,17.027847,15.542978,13.690957,12.746376,10.612948,8.786843,9.070583,10.817221,14.898446,19.815938,5.100382,5.352953,2.621920,2.472503,18.289517,18.058519,15.252980,13.814290,12.285370,11.091223,9.644540,8.896864,11.191592,14.336302,18.937353,4.859052,5.348099,2.501889,2.597766,19.912820,16.843617,17.316036,14.678958,12.527450,10.717689,8.788264,8.491556,9.738062,13.916122,17.994350,4.811905,5.322556,2.525598,2.740959,19.396863,16.858733,14.091920,14.948325,12.738125,10.570365,9.768242,8.993538,11.042687,13.840937,18.515412,5.142158,5.491159,2.602749,2.608638,,18.634819,16.163035,13.147860,13.290977,10.777284,8.058296,8.229596,9.261227,13.231729,17.179940,4.874854,5.159926,2.692918,2.210462,,,16.665981,14.261152,11.335228,11.025866,9.419024,8.036954,10.536409,13.297213,17.898943,5.159534,5.314324,2.660733,2.687609,,,,14.219948,12.480916,10.676538,10.908325,11.314132,11.685193,15.086317,18.154600,4.855546,5.149920,2.692721,2.724700,,,,,11.589237,10.332678,9.937974,10.869752,13.409481,15.448504,19.588764,,,,,,,,,,10.350789,8.976791,9.632266,10.930327,15.026837,18.338023,
6.082966,5.382480,,,18.252425,16.371218,13.767318,13.487791,11.053974,10.623224,,,,,,5.426762,4.837269,2.275514,2.701557,16.370816,16.463116,15.713095,13.630202,12.977375,10.669968,11.673647,,,,,5.667129,5.163633,2.525937,2.313352,15.459215,15.907336,16.062780,15.076694,12.690441,10.773100,8.612537,10.905720,,,,5.113619,4.635396,2.676354,2.658308,15.703632,15.089345,15.050491,14.556370,13.056229,10.720097,8.202330,8.002020,12.194412,,,4.423311,5.360505,2.485823,2.474536,18.242942,15.246721,14.942108,14.028594,12.697961,10.894691,9.361996,7.781194,10.184528,15.263524,,5.968849,5.157110,2.675378,2.588064,17.228779,15.935379,13.420003,13.377536,12.057217,10.771582,10.044067,10.382788,10.719996,14.072050,19.339226,4.604509,4.748137,2.259876,2.719744,19.126295,16.956984,16.157425,13.875686,13.087752,10.493077,8.571695,9.228464,11.879172,14.332337,18.452307,4.613130,5.639634,2.713689,2.309681,17.602946,17.531072,15.548460,14.430275,12.028571,10.811524,8.155014,7.707223,10.789133,14.469590,17.684006,5.158813,5.818726,2.468412,2.760673,19.056031,17.120977,17.086682,14.908728,12.993362,10.140961,8.300043,6.342294,8.378892,13.064330,16.992512,5.372512,4.868870,2.732325,2.581039,18.772905,16.366354,14.780709,14.626504,12.615640,10.532059,8.895352,8.688665,9.285824,12.941929,17.888417,5.032681,4.987672,2.552689,2.661076,,17.860704,15.794316,14.173297,13.043419,10.836286,8.385714,8.537298,10.425010,13.004717,17.448625,4.333295,5.575841,2.575608,2.389429,,,16.253230,14.224772,12.507592,10.659566,9.177133,8.041824,10.987441,14.502369,17.586078,5.291433,4.857132,2.505324,2.624179,,,,14.580936,12.196731,10.236675,8.003639,8.078425,9.145520,13.731065,17.999972,4.927289,5.304645,2.602615,2.812870,,,,,11.896967,10.417130,9.831533,9.257376,11.665049,14.038474,18.902118,,,,,,,,,,10.900487,9.595527,9.775254,10.455536,14.297064,17.700491,
5.596258,4.794827,,,17.142568,15.232758,14.720864,14.427499,11.871667,10.851150,,,,,,5.670632,5.759346,2.421802,2.377106,17.301519,16.781780,15.609973,14.868049,13.451364,10.699945,11.342110,,,,,6.015273,5.591566,2.557274,2.322632,16.990054,16.228530,15.846732,14.644397,13.242069,10.771920,8.972297,11.792022,,,,4.763279,4.988906,2.620361,2.571710,15.111345,15.001510,14.412417,13.777435,12.493672,10.828239,8.499123,9.805764,14.189865,,,4.413227,5.650507,2.504925,2.604362,16.927423,15.026791,15.164405,13.909140,12.493089,10.577091,8.626452,7.316462,11.186992,15.854767,,5.439315,4.221355,2.558225,2.698386,16.045393,15.004699,13.535573,13.887974,12.467215,10.961246,9.830751,9.235116,10.145882,14.992109,19.490842,5.367716,5.418715,2.427481,2.672630,17.686659,16.291485,15.125772,13.494401,13.014243,10.533293,8.531998,8.492422,10.089138,13.397558,18.674467,5.082291,4.789072,2.592773,2.387680,17.516922,17.632662,16.063151,14.069241,11.987237,10.550165,7.795504,6.837703,9.782674,13.363348,17.525881,4.770757,4.607082,2.725605,2.791481,17.266717,15.999717,16.450491,14.719336,12.261221,10.440685,9.076553,8.145774,9.462544,13.990882,17.997476,5.000046,5.248551,2.550578,2.685005,16.897002,15.179621,14.351722,14.813709,13.033055,10.589762,9.810179,9.607193,11.019431,13.506817,18.413026,5.549022,5.246542,2.615465,2.630665,,16.319402,15.038959,13.754335,13.133066,10.697860,8.145220,8.748138,10.257910,13.715355,16.934574,4.842700,5.574155,2.657112,2.347992,,,15.463520,14.248105,12.322233,10.582002,8.337259,7.657198,10.633210,13.878373,18.143770,5.588158,5.384522,2.377409,2.708609,,,,14.328767,13.006459,10.757542,8.649682,8.131126,10.108931,14.149496,18.030468,5.508528,5.408289,2.575211,2.552546,,,,,10.867758,10.186573,9.283068,9.353762,11.658359,14.919092,19.019402,,,,,,,,,,10.849421,9.576049,9.079875,10.409192,14.479209,18.747654,
4.210759,5.537495,,,21.924484,19.106535,16.323569,14.654502,11.600397,11.050138,,,,,,5.578186,5.314091,2.417792,2.470330,19.899300,18.729300,16.665829,14.429884,12.844291,10.780829,10.436799,,,,,5.510588,5.673254,2.487686,2.389379,18.389583,17.472869,16.701784,15.383180,13.334211,10.507194,9.077745,8.245759,,,,5.500294,4.397859,2.876191,2.395688,16.616754,15.829258,14.753963,13.671684,12.683869,10.926153,7.555297,8.354946,9.241884,,,4.434523,5.461811,2.476868,2.533792,18.532845,15.842375,15.826367,14.332365,12.502272,11.474700,10.013321,6.695396,9.709519,12.090908,,5.637020,4.941964,2.652925,2.727094,17.448570,16.115382,14.077031,14.333501,12.603659,10.624997,10.530425,10.444063,9.156272,13.386399,16.415230,5.059177,4.301431,2.411827,2.802204,17.090593,16.551144,15.503914,13.727913,13.264581,10.772151,8.250730,9.261905,11.095985,12.468831,17.515692,5.302804,5.544633,2.652246,2.258792,17.183598,16.728865,16.098230,14.488009,12.221713,10.692785,7.915592,6.285394,9.633652,13.065590,15.903346,5.175812,5.896041,2.699748,2.657393,17.600023,15.663410,15.666789,14.756981,12.738163,10.673402,9.028832,7.597213,8.803663,13.582086,17.493294,5.282469,4.805660,2.593189,2.717896,17.998579,15.723600,14.215907,14.240550,12.955336,10.864296,9.975808,9.648276,10.372908,13.237178,18.400812,5.161828,5.410681,2.615165,2.538945,,17.124629,15.238176,13.594470,12.687795,10.508042,8.464003,9.484531,11.321274,13.685716,17.356076,4.982042,5.503025,2.573718,2.474765,,,16.035722,14.197590,12.328317,10.540541,8.209016,7.774897,11.473940,15.037091,17.857601,4.667956,4.511557,2.459188,2.725687,,,,14.079045,12.161832,10.328517,8.450496,7.801540,9.975786,15.093658,19.287390,4.930698,5.363830,2.283836,2.711580,,,,,11.679350,10.961824,10.526800,10.340258,11.614931,14.508923,19.668274,,,,,,,,,,10.748069,9.776223,9.802473,10.548916,13.597695,17.484633,
5.242009,5.348850,,,18.002780,14.542947,14.376466,14.390845,11.901354,10.866945,,,,,,5.480782,4.865674,2.493491,2.628928,19.997467,17.854648,15.111192,14.532418,13.206598,10.810784,8.871403,,,,,5.710202,5.594040,2.554598,2.127725,19.052843,18.362515,16.701264,14.442292,13.207493,10.700594,9.390706,8.334288,,,,5.582715,4.906206,2.685610,2.521611,17.976572,17.135558,16.115224,14.595014,12.693748,10.874224,7.945946,9.148457,10.643607,,,4.567321,5.850379,2.451914,2.478892,19.416307,16.931511,16.367719,14.465672,12.684779,10.946075,8.743387,6.838166,10.631518,14.155240,,5.868388,4.699017,2.749837,2.792870,18.203125,16.548161,14.407153,14.061702,11.818594,10.573952,10.428715,9.621560,10.052390,14.488178,18.434689,5.271022,4.732465,2.396132,2.655146,18.229764,17.659968,15.923767,14.137498,13.377811,10.212150,9.222684,10.690705,11.497483,14.116588,18.828533,4.406108,5.161270,2.681974,2.215198,17.461156,17.479448,16.614603,14.209319,12.381376,11.042669,7.798418,8.296339,12.097201,14.663213,18.295479,4.311069,4.644993,2.479919,2.724842,19.011451,16.574002,16.357649,15.063356,12.190137,10.633072,9.407449,7.435800,9.905908,14.964565,18.249781,5.074855,4.902214,2.429592,2.713920,17.401257,16.293277,14.130051,14.084146,13.065237,10.719364,10.619270,10.871692,10.614012,13.912822,19.170027,4.840659,4.969687,2.440552,2.479731,,17.666467,16.307319,13.820936,12.663514,10.812245,8.424156,9.548154,11.188974,12.920911,17.101010,4.634192,5.258211,2.810705,2.576983,,,16.134603,14.440063,11.937213,10.275118,8.799083,8.287024,11.367620,14.520860,16.990231,5.704995,4.852748,2.684851,2.743484,,,,14.434778,12.605058,10.618138,9.213079,9.207138,10.868242,14.868729,18.684339,5.527520,4.643071,2.487993,2.631049,,,,,13.060118,10.640420,9.274427,8.518871,10.646626,14.212358,18.717586,,,,,,,,,,10.523873,8.462729,9.223300,10.799780,14.557002,18.610533,
5.417745,5.455757,,,18.015119,16.506303,14.143956,13.883849,12.670784,10.659863,,,,,,5.292514,6.020321,2.411780,2.513744,18.965330,17.943029,16.999138,14.722257,12.910064,10.943723,9.214021,,,,,5.311746,5.583485,2.338648,2.482384,15.979520,16.415142,15.913196,15.313074,13.456761,10.811345,9.776868,10.351521,,,,5.543079,4.962662,2.595827,2.348266,17.694385,16.121163,16.054342,14.691587,13.069547,10.857812,7.086337,7.513479,10.785834,,,4.800489,5.765651,2.497751,2.515922,19.848792,16.441353,15.430184,14.566752,12.467640,10.369912,9.038677,6.337399,10.110571,14.857739,,5.081340,5.734175,2.544935,2.703971,18.028783,16.700569,13.829167,13.422608,12.318441,10.658369,9.841051,10.675448,10.144928,14.796195,19.559525,5.798768,5.169965,2.302705,2.564135,17.656203,17.382158,16.628341,14.160645,13.444931,11.074463,8.903806,8.942720,11.705273,13.308605,18.777827,6.069224,5.521489,2.668029,2.305943,16.956739,16.021804,15.728127,14.704668,12.283057,10.989748,7.970893,7.564753,10.730912,14.993253,17.725211,4.404030,5.211249,2.567575,2.745997,19.722307,16.277497,15.687130,14.604962,12.765258,10.383011,8.633810,6.538392,9.648790,14.755389,19.264509,4.892190,4.857488,2.735756,2.515539,21.182077,18.005699,15.024454,14.445850,12.839733,10.793206,9.437434,8.936864,9.106402,13.536832,18.864535,4.880649,4.976225,2.576889,2.648287,,18.761766,16.009667,13.507221,12.680986,10.552422,8.782190,9.510782,11.129178,13.097127,17.990270,4.449668,5.176712,2.527848,2.445944,,,16.921278,14.182733,11.788531,10.174644,7.580894,6.968428,10.217889,13.788260,16.709496,5.423747,5.014815,2.892615,2.524809,,,,14.094467,12.007810,10.726972,9.730152,8.376073,9.780547,14.064864,18.110588,4.589643,5.115642,2.602622,2.899354,,,,,11.695629,10.522822,10.758836,10.554126,10.906288,13.841978,18.684705,,,,,,,,,,10.908234,9.864583,10.761958,10.975017,12.707007,16.605108,
5.288911,5.397198,,,19.789600,17.376486,14.583566,13.842230,11.375146,10.791396,,,,,,4.655218,5.815342,2.679358,2.618696,18.317933,17.555812,16.423295,13.881330,12.408249,10.528587,9.600834,,,,,5.874355,5.138436,2.444947,2.363874,16.278676,16.072985,15.399515,15.208063,12.880988,10.801926,10.087080,9.819691,,,,5.171471,4.967830,2.589695,2.572037,16.532421,16.114206,15.268674,13.552284,13.287073,10.663073,7.546514,8.742365,10.421567,,,4.591751,5.888731,2.555662,2.237936,18.581339,15.826943,15.440381,13.728238,11.106328,11.041186,9.223142,7.087399,11.002000,14.287857,,5.506731,4.815497,2.379760,2.635142,17.344064,16.112095,14.188400,14.394716,12.734791,10.364296,11.829150,11.670583,10.907387,15.441485,18.842570,4.938745,5.052374,2.479497,2.583988,19.857007,16.660425,15.624434,13.836487,13.272637,10.719616,8.282775,10.976106,12.917880,14.170203,19.510070,5.070862,5.339829,2.718765,2.344043,19.229409,18.014856,15.278200,13.995341,12.168289,11.012831,8.519137,7.741586,12.230531,15.583124,17.844501,5.210281,5.297563,2.538955,2.668920,18.682988,17.704912,17.021817,14.544707,12.626393,10.499814,8.630081,7.147815,9.016107,14.516211,18.489310,5.058340,4.375975,2.518976,2.736678,14.918494,15.206296,14.753311,14.450673,12.599504,10.630985,9.545353,8.878951,10.011488,13.399195,19.172270,5.517127,5.060136,2.642469,2.507762,,14.481620,14.653617,13.842663,12.679220,10.761894,8.323397,8.182415,9.259181,12.539215,16.673516,5.337707,5.948357,2.488075,2.432387,,,14.881605,14.165344,12.474800,10.187579,8.800424,7.166531,9.514254,12.731801,16.907117,4.544872,5.326401,2.619319,2.637290,,,,13.752075,12.383307,10.662819,9.000294,9.995859,10.481489,14.251012,17.975360,5.218153,4.965517,2.803893,2.594542,,,,,12.179482,10.224231,9.008528,9.181618,12.184519,13.932667,18.195972,,,,,,,,,,10.689635,8.230479,8.410664,11.177573,15.457633,17.967719,
5.926163,4.493534,,,18.302643,16.003392,14.412473,14.478298,12.975991,11.024059,,,,,,5.354895,5.039355,2.624912,2.570946,19.050148,17.028882,15.558865,13.647590,12.421941,10.851047,8.784376,,,,,5.346392,5.732911,2.460850,2.408180,16.844395,16.239709,15.065735,14.337439,12.515479,10.754133,10.356707,9.739669,,,,5.258608,4.831599,2.496073,2.705474,16.147287,15.872032,15.403501,14.226006,12.940449,10.631367,8.042327,9.205274,10.658918,,,4.798570,6.406498,2.608613,2.433425,17.810260,15.338096,15.234450,14.037892,12.307988,10.293995,8.189128,6.768025,10.422276,13.565867,,5.441909,5.196918,2.733286,2.698896,17.246093,15.667934,13.703284,13.682187,12.121326,10.628190,9.456439,9.153595,10.067893,14.570556,18.058809,4.814852,5.184729,2.157583,2.665058,18.866968,17.205130,16.007184,14.173189,13.474447,10.925872,9.333777,9.227490,11.080349,14.052836,18.951398,5.036311,4.969683,2.632044,2.410060,18.895495,18.385131,16.633271,14.701499,12.129807,10.515079,7.638212,7.504722,10.444234,13.779050,17.491742,4.193725,5.882770,2.592328,2.738412,20.531610,16.599380,16.700598,14.980382,12.645063,10.173725,8.597861,7.330664,9.958195,14.697250,18.302949,5.136612,5.219566,2.663912,2.713908,20.277453,17.444385,13.731628,14.174093,12.689520,10.591316,9.419287,9.249491,10.111392,13.761504,18.711201,5.635593,5.051745,2.661778,2.613145,,18.416715,16.023853,12.573751,12.497887,10.584903,8.250456,8.630745,10.214551,13.174584,17.642815,4.861849,5.542938,2.746066,2.346878,,,16.477816,14.275847,11.274167,10.284765,8.485147,7.531997,10.783268,14.070621,17.947588,4.328819,4.930991,2.552765,2.413603,,,,14.552395,12.568545,10.468768,9.163683,8.716879,10.027366,14.682550,18.551154,5.659354,5.283534,2.538430,2.575435,,,,,11.667365,10.252071,9.700252,9.486542,11.027434,13.705429,18.707760,,,,,,,,,,10.789816,8.985386,9.778145,9.833488,13.117368,17.206778,
5.593901,5.732292,,,14.172612,14.100340,15.536041,14.755289,13.472163,10.927532,,,,,,6.142974,4.856406,2.419501,2.522209,16.222028,16.304925,15.283366,15.116501,12.946161,10.748829,7.224930,,,,,4.349162,5.275092,2.424117,2.672027,17.790282,16.933425,16.465384,14.958924,13.210603,10.664223,9.284776,7.938091,,,,5.023618,4.380737,2.669133,2.176280,19.135548,16.927827,15.887054,14.879583,13.258523,10.737630,9.013371,9.549266,10.681513,,,4.612710,5.749803,2.521534,2.203672,19.323298,17.565764,15.640501,14.023312,12.240196,10.683483,7.742851,8.292797,11.207175,14.193500,,5.817689,4.734990,2.621932,2.622290,19.223495,15.902947,14.709874,13.485061,12.145179,10.619664,10.713177,8.786951,11.560949,15.233457,18.346174,4.787632,5.276245,2.307282,2.663519,19.497046,17.658931,14.998748,14.095550,13.226072,11.304076,9.404526,10.862319,10.433521,14.915679,19.252902,5.193613,4.984515,2.591730,2.488651,18.126353,18.857535,16.888411,14.246636,12.461886,11.233086,8.880909,7.577291,11.023327,12.404037,17.377022,4.211006,5.728635,2.599124,2.738869,17.741740,15.576373,16.705183,14.788636,12.663704,10.808131,10.416105,9.375170,10.116599,14.919952,17.091635,5.513301,4.578111,2.867989,2.630903,16.693505,16.229134,14.140482,14.875689,12.593787,10.773077,8.949983,9.700995,10.497789,12.792599,18.158299,5.204956,5.124797,2.653790,2.645851,,15.891644,15.397846,13.201208,12.890596,10.106176,9.084910,8.190246,10.831856,13.728103,17.127576,4.559242,5.132263,2.673838,2.200561,,,15.048418,14.095459,11.876910,10.629514,8.333804,9.285808,10.691269,14.592910,18.342065,4.462226,5.331601,2.676076,2.583211,,,,14.117785,12.474814,10.411340,8.695354,8.107802,10.992806,14.101737,18.512387,4.595221,5.331496,2.672965,2.472489,,,,,12.596930,10.738637,9.818958,8.939662,10.622950,14.436597,18.215249,,,,,,,,,,10.620869,8.617512,9.437410,10.216095,13.567226,17.730311,
5.607125,5.252324,,,19.763269,17.270746,14.075430,13.974814,12.693619,10.933500,,,,,,5.741055,5.035798,2.517416,2.620612,19.225782,18.609878,16.944813,14.124227,12.742947,10.730404,9.264062,,,,,5.818614,5.710493,2.432469,2.516702,15.985899,16.081971,15.915719,15.016316,12.941343,10.837065,9.400261,10.145564,,,,4.875989,5.236680,2.665114,2.356602,16.069540,16.029563,15.050625,14.059638,12.893624,10.965081,7.821437,7.705249,11.066433,,,4.633929,5.180622,2.138774,2.571196,20.304279,16.520487,16.283901,14.063895,12.086207,10.694714,9.516659,7.026038,9.316540,14.031093,,5.097523,5.213845,2.620929,2.658580,18.607531,17.048169,13.902563,14.054424,11.776070,10.553886,10.954622,11.903532,11.129668,13.934562,18.563638,5.191277,5.347310,2.315178,2.760746,16.668902,17.808319,16.146430,13.685602,13.478514,10.412800,9.334703,11.190330,13.982685,14.867896,18.461811,5.359343,4.693085,2.675242,2.223894,18.218242,16.147881,16.609391,14.182800,11.773957,10.710065,7.356709,7.765875,11.670988,15.871462,18.158963,4.240180,5.603011,2.805661,2.475445,18.128887,16.294808,14.886655,14.780958,12.053964,10.851698,9.896027,8.264681,10.926503,15.743321,20.334690,5.209604,4.387405,2.581761,2.539408,18.715603,17.043009,15.488566,14.390510,13.474903,10.581569,10.553921,10.036692,10.316143,14.106323,19.185278,4.558814,5.127239,2.640651,2.181450,,16.816612,15.295026,13.598397,12.639428,10.768153,8.358708,10.580234,11.601254,13.921143,18.426433,4.809695,5.128228,2.573225,2.274825,,,16.148450,14.162365,11.823044,10.630085,7.936984,6.801924,11.047242,13.528226,16.893645,5.009629,5.445673,2.624778,2.884179,,,,14.392932,12.651725,10.770851,10.691041,8.664790,9.748391,14.918694,18.004526,5.145165,5.490499,2.750064,2.696182,,,,,12.382894,10.548444,9.344962,10.773895,10.490964,13.168688,18.700504,,,,,,,,,,10.734894,8.696336,8.694311,11.723032,13.343066,16.780336,
5.826031,5.184945,,,17.250365,14.566182,14.675845,14.634484,12.962964,10.778414,,,,,,5.593242,4.932122,2.515460,2.680171,19.898517,16.440042,14.759488,14.494095,13.134536,10.884176,8.837132,,,,,5.568632,5.679533,2.595009,2.438666,19.683807,18.291386,15.309523,14.076860,13.102424,10.618724,8.709779,8.645828,,,,4.875723,4.789641,2.665149,2.500466,17.601451,17.281853,16.178850,13.617819,12.597350,11.045823,8.324965,8.475148,11.212381,,,4.595452,5.969755,2.657105,2.447530,17.845985,15.947344,15.877235,14.573559,12.216377,11.021117,9.100031,7.356800,9.968393,14.206522,,5.328551,4.768515,2.645278,2.816442,16.943332,15.068330,13.693391,13.679361,12.339015,10.721707,10.369403,9.359750,9.893127,13.725675,18.275823,5.163412,4.528890,2.334153,2.548465,17.620795,16.439542,15.041607,13.787713,12.847803,10.748802,9.585799,9.614430,9.890926,12.772399,17.348929,5.642316,5.277387,2.528306,2.468262,17.810938,17.601551,16.331618,14.358332,12.344782,10.107485,7.563697,7.854953,10.088249,12.452482,16.571779,4.621956,5.489575,2.669347,2.571119,18.538561,15.641267,16.072475,14.637227,12.414973,10.491455,8.214191,7.423832,10.490281,14.624745,17.727331,5.619451,5.368056,2.643358,2.785250,19.460458,16.034121,13.463020,14.136946,12.641659,10.710168,9.864650,9.070556,10.339150,14.338381,18.995377,5.608974,5.176453,2.570472,2.652473,,18.265441,15.611717,12.973076,12.814927,10.506391,8.605676,9.251367,10.726593,13.802123,18.262790,4.545058,5.230720,2.506829,2.311103,,,16.788965,14.730240,11.922902,10.706345,8.313357,8.216446,11.393307,14.752667,18.362885,5.410359,5.271929,2.746102,2.709809,,,,14.129608,12.748447,10.500532,9.437694,8.749977,10.990554,15.257286,18.959842,5.722070,5.017073,2.546304,2.547350,,,,,10.470367,10.291466,9.651314,9.917851,11.718050,15.439077,20.098103,,,,,,,,,,10.622437,10.782744,10.703697,10.948057,14.232902,18.986850,
