4.780407,5.748723,,,19.554113,18.590567,17.192308,14.245774,11.828350,10.560829,,,,,,4.967352,4.683224,2.541450,2.986371,19.682724,16.226403,16.130099,14.953982,12.768828,10.773391,10.710794,,,,,5.539283,5.112024,2.846998,2.671277,20.369317,17.044232,13.949553,14.135552,12.510312,10.736752,9.042285,10.234963,,,,4.953525,4.486768,2.482910,2.566985,19.693072,16.926270,13.947299,11.671865,12.431407,10.814184,10.540701,10.293440,13.090073,,,4.068967,5.182613,2.780260,2.215661,21.519064,18.525534,16.013039,12.831024,11.012159,10.942486,8.812341,9.621161,10.798137,14.858083,,4.561977,4.238245,2.637281,2.375732,20.335783,19.749536,17.158935,14.931421,11.861609,10.813115,10.439600,8.734376,10.967073,13.298730,17.969107,5.082629,5.045886,2.634133,2.771261,18.038930,18.901954,18.028143,15.553071,13.325075,10.316132,10.140009,9.631361,9.251481,12.990146,16.364990,5.112538,4.901623,2.895934,2.652971,15.126510,16.128290,16.622052,15.104065,12.741420,10.788922,8.736407,10.231958,10.817079,12.290437,16.881731,5.391760,5.199777,2.695043,2.839444,15.277593,14.521216,14.894188,14.648574,12.344931,10.372725,9.302803,9.262791,12.241768,13.987983,16.515622,5.348013,5.181074,2.728452,2.465727,16.418679,14.160444,13.443530,13.293911,12.736119,10.485159,10.360507,11.343933,13.268910,16.883586,19.178744,4.795826,5.353841,2.626848,2.370214,,16.351085,14.137461,12.992430,11.822243,10.760509,9.199705,11.369612,14.157180,17.339272,21.298854,5.282423,5.004305,2.613458,2.664545,,,15.365422,13.386858,12.172674,10.703204,10.305130,10.672248,14.424500,18.030884,21.501232,4.550724,4.418435,2.749545,2.735154,,,,13.396574,11.760176,10.753845,9.793496,11.201083,13.684993,18.137774,22.015696,5.817171,4.500558,3.006179,2.868113,,,,,11.482841,10.447640,10.113071,10.401774,13.437950,16.959814,21.436082,,,,,,,,,,10.783445,11.032020,11.858260,13.620907,17.780756,21.870114,
5.178462,4.801057,,,18.283423,16.976716,15.427997,14.175041,12.299478,10.977695,,,,,,5.383789,5.264850,2.471727,2.618679,17.541424,15.605550,15.042072,13.761842,12.366785,10.580596,10.596088,,,,,5.582495,5.438256,2.322612,2.630964,18.285611,17.216053,15.880719,15.236799,13.296072,10.661241,8.227080,9.323402,,,,5.583794,4.815481,2.724695,2.673491,17.242414,16.700568,15.442716,14.063001,12.962337,10.628713,7.825995,7.210916,10.716988,,,4.160380,4.937375,2.732035,2.506112,18.866341,15.750786,15.519983,13.705048,12.109695,10.598277,8.562670,7.408526,9.879215,14.456814,,5.315285,5.184725,2.781566,2.716442,18.464557,16.849351,14.247004,14.217146,12.219250,10.982212,9.933990,9.250463,10.106855,13.650476,18.355056,5.520801,4.978418,2.340556,2.803601,18.214094,17.246384,16.050796,13.947582,13.579208,11.027509,10.027788,9.706349,10.957018,13.809963,18.168672,5.121975,4.672831,2.762658,2.344690,16.114519,17.014384,16.276450,14.485065,12.193563,10.895723,8.084539,8.375428,10.243833,13.518078,17.510684,5.397782,5.215216,2.532927,2.619168,17.463289,15.703716,16.555137,15.614218,13.104448,10.766543,8.751139,6.899342,9.396175,13.022163,17.098935,5.856164,5.127016,2.584856,2.649052,18.344860,15.995085,14.292177,14.605702,13.472772,10.775057,9.617754,8.556178,9.542933,13.651984,17.883918,5.344483,5.426850,2.472316,2.431808,,18.247782,15.836755,13.471430,12.289785,10.397324,7.821262,8.904243,10.059085,13.310636,18.145720,5.468141,5.007180,2.827393,2.480130,,,16.247804,14.092802,11.834022,10.107059,9.286035,9.099581,12.486820,14.861467,18.344429,5.140987,5.112236,2.666317,2.670691,,,,14.569791,12.714233,10.845887,9.031740,10.176968,12.369810,16.807309,19.799596,5.070709,4.906172,2.427065,2.786025,,,,,12.574800,11.074392,10.091006,9.269317,12.480888,16.033093,20.743536,,,,,,,,,,11.218306,9.128220,8.442711,8.799695,13.485477,17.877258,
5.073906,4.856514,,,17.832711,15.066072,15.866563,14.682017,12.336083,10.767661,,,,,,5.852507,5.385943,2.498189,2.654252,18.265260,17.232420,14.937206,15.152631,13.542844,10.440575,9.304080,,,,,5.096356,5.009705,2.340102,2.499728,18.347970,17.981360,16.951177,14.402015,13.164345,10.864177,7.494788,8.118792,,,,5.686591,5.373987,2.674118,2.420298,15.972593,15.654126,15.342144,14.329211,12.202040,10.644207,9.396382,8.366988,11.335089,,,4.728080,6.057520,2.453531,2.496139,18.147402,15.537511,15.399889,14.328720,12.635846,10.333733,7.918999,8.301787,10.344110,14.712453,,5.379237,4.520608,2.696324,2.637651,17.814326,15.763746,13.647617,13.556761,12.203388,10.677011,9.914083,8.884977,11.376016,14.604079,19.093343,4.907386,5.094681,2.468759,2.645119,18.534497,17.861827,15.674906,13.633161,12.739633,10.387964,8.739308,9.799794,10.715773,14.745169,18.771051,4.419546,4.992416,2.677576,2.463283,18.569235,17.312692,16.579633,14.097785,12.191377,10.960423,8.819225,8.692489,12.279318,14.749976,19.095045,5.165367,5.841332,2.714532,2.678616,20.314806,17.336422,16.367478,15.142583,12.266678,10.471781,9.250947,8.348467,10.173917,15.174965,18.391408,5.567086,4.734184,2.591673,2.894803,18.921617,17.493020,15.090921,14.667514,13.279964,10.710337,10.396256,10.439583,11.573173,14.573703,19.973192,5.104977,5.120244,2.580691,2.436732,,16.802473,15.731099,13.637132,12.966819,10.821907,8.740770,10.270216,12.061691,15.050154,18.770695,4.966157,5.090066,2.708909,2.415317,,,15.664593,14.236312,12.089398,10.716814,8.018652,7.430776,11.177490,14.561700,18.459105,5.058697,4.565945,2.742515,2.712874,,,,13.976838,12.464423,10.901444,9.729000,8.054971,9.904557,14.882488,18.917087,4.957870,5.085302,2.656075,2.587425,,,,,12.418066,10.646338,9.958854,9.575076,9.936825,13.403140,18.962929,,,,,,,,,,10.929527,9.988368,11.098763,12.317628,14.163972,18.022494,
5.237727,5.529758,,,19.428917,17.895993,15.025613,14.013258,11.998696,10.909595,,,,,,4.637232,5.030348,2.662473,2.418985,17.467648,16.422933,15.678108,13.531228,12.411856,10.648463,11.637014,,,,,5.030485,6.088564,2.437950,2.507851,17.276019,15.815779,15.271475,14.729850,12.902084,11.011729,9.384040,12.044600,,,,5.418908,5.047618,2.603421,2.487326,16.018348,16.709067,15.282648,14.273220,12.945456,10.951819,8.124406,7.516310,12.038535,,,3.847167,5.375402,2.249109,2.515456,18.335624,15.531111,16.260626,14.337463,12.458767,10.198511,8.626094,6.609422,8.928739,14.419151,,5.879676,5.007157,2.557754,2.704252,17.839525,15.845404,13.029735,13.880793,12.254704,10.797916,9.470770,9.782983,9.742968,12.729597,18.225593,5.448189,5.233195,2.362094,2.746367,19.639107,17.836407,16.425284,13.445954,13.203768,11.036447,9.179640,8.538672,11.145840,13.558911,17.603002,5.136150,5.772908,2.673950,2.280896,17.722086,18.023547,16.551194,15.141296,12.065549,10.722849,9.079298,8.763441,10.732819,14.852139,18.330951,4.869368,4.533928,2.664394,2.634769,17.504831,15.701803,16.426251,14.927373,13.366529,10.558413,8.559772,8.732764,10.752197,14.456899,18.945321,5.727221,4.923364,2.687145,2.416654,15.663546,15.322466,13.901927,14.480792,12.733427,11.102983,9.192483,7.837984,10.503266,14.083699,18.436593,5.331243,5.356918,2.522775,2.752804,,15.652572,15.178785,13.690763,13.144055,10.488555,8.471937,8.225726,8.718358,13.324623,17.808749,4.492591,4.892032,2.569298,2.334398,,,15.204233,14.053519,12.405125,10.850135,8.276826,7.679579,10.058558,12.792505,17.799392,5.186168,4.619496,2.578379,2.576926,,,,13.834283,12.089861,10.654142,8.919068,8.055361,9.784489,13.294705,16.871177,5.628998,5.004372,2.791608,2.580615,,,,,11.777453,10.376915,10.498659,10.160234,11.723064,14.596659,18.161011,,,,,,,,,,10.684745,9.532838,11.251231,12.402076,15.733906,19.390147,
5.558679,5.374963,,,20.107944,16.740470,15.900427,13.977589,13.021760,10.759155,,,,,,5.625843,4.919922,2.537641,2.499593,18.880263,16.963599,14.454309,13.987031,12.205470,10.792112,9.164877,,,,,5.065447,5.538928,2.496119,2.631531,18.171304,17.508345,16.246617,14.130862,12.812824,10.364909,8.016491,7.605786,,,,5.344669,5.746017,2.592254,2.481392,17.176425,16.426246,15.773701,14.598812,12.616720,10.608123,8.517079,7.086422,9.569652,,,4.202107,5.531231,2.388204,2.535632,18.075307,16.381230,15.807704,14.334115,12.595664,10.410330,7.791521,7.449641,8.700165,13.164418,,5.387301,5.041342,2.591707,2.660373,16.454957,15.290756,13.893265,13.617657,12.095546,10.907539,10.125953,9.050923,10.760941,12.828684,17.339027,5.043344,5.200379,2.225970,2.710471,17.577098,16.499677,15.522682,14.171247,13.377810,10.838007,9.456530,9.873195,10.482183,14.136839,17.315854,4.595605,5.472565,2.692032,2.384316,18.129377,17.165388,15.955108,14.258166,12.205306,10.575865,7.720261,7.728164,10.751638,13.620346,17.958052,5.190939,5.121437,2.700633,2.820434,19.386008,16.606234,16.067199,14.786225,12.677193,10.535921,9.035893,7.498167,9.792117,14.224792,17.843847,5.515280,4.523135,2.796110,2.787616,19.331553,17.005095,14.604154,14.232634,12.857666,10.614384,9.237806,9.293979,10.318523,14.066999,18.923549,5.298989,5.198496,2.599206,2.537129,,17.121070,15.245616,13.202809,12.585052,11.072011,9.171707,9.514343,11.701507,14.565649,18.902679,5.066993,5.451466,2.560675,2.538084,,,16.433457,14.379711,12.302713,10.711733,8.966817,8.139456,10.642326,14.593132,18.393862,4.894740,4.371706,2.772120,2.676836,,,,14.478976,12.462546,10.919012,9.464456,9.224214,10.559088,14.486555,19.082631,5.490960,5.250194,2.814844,2.729608,,,,,12.574074,10.637482,9.986973,9.445154,11.196758,13.988621,18.516258,,,,,,,,,,10.777590,9.416037,10.335199,11.509245,14.920894,18.459542,
5.307429,5.623158,,,19.427078,16.404002,14.814937,13.753111,12.073245,10.799651,,,,,,5.047522,5.727283,2.510184,2.750905,18.037676,17.605414,15.619341,14.266040,12.890630,10.881389,9.889073,,,,,5.392424,5.129448,2.620353,2.644300,16.776488,16.543110,16.098828,14.526602,12.861466,10.952834,9.072666,9.510708,,,,5.302441,5.104480,2.620045,2.697610,18.800900,16.332006,15.845770,14.601728,12.933921,10.750066,8.548615,8.111537,11.027891,,,4.382881,5.876738,2.489010,2.542763,18.668112,17.501252,15.592961,14.445125,12.278544,10.859241,9.099078,8.325876,10.690189,15.136150,,5.253300,5.334943,2.516345,2.561371,18.485797,15.597888,14.852191,13.712003,12.586302,10.646045,10.929642,10.863418,11.746059,14.963004,19.483805,5.139414,4.924218,2.388255,2.603689,19.593742,17.830951,15.332013,14.268476,13.184824,11.058732,8.528266,10.223812,11.987231,14.649676,18.970505,4.759645,5.638623,2.615685,2.342165,18.484442,18.844293,17.201681,14.491591,12.282678,10.870882,8.174612,6.666091,10.846991,14.409241,18.070918,5.635497,5.870867,2.627677,2.676151,18.586208,15.853739,16.921004,15.527495,13.070923,10.568701,10.125103,8.471489,9.398894,14.668901,18.743110,5.193360,4.897905,2.624974,2.679568,17.646986,15.572418,13.356251,14.425717,12.855882,10.728838,8.411311,10.061079,10.775601,13.809552,19.500498,5.401169,5.337577,2.567818,2.574449,,17.045732,15.336838,13.178276,13.068776,10.606690,8.567989,6.926075,10.607754,13.326953,17.427793,4.622516,5.548896,2.655138,2.262661,,,15.743050,14.112128,12.092620,10.840423,8.442869,8.291417,9.592512,14.581120,18.072224,5.157400,5.006548,2.384533,2.481391,,,,14.259458,12.516938,10.806912,8.964063,8.005741,10.201641,13.379521,18.737760,5.719275,5.222468,2.511750,2.700399,,,,,11.002120,10.307901,10.487981,10.239709,11.703603,14.874935,18.193568,,,,,,,,,,11.083760,10.428522,11.566965,11.728846,14.879538,18.999455,
4.819418,5.184104,,,19.535375,18.051366,15.611854,14.187662,11.950017,10.708392,,,,,,5.344267,5.048891,2.624193,2.553672,19.149700,17.761722,16.786189,14.771030,12.786928,10.429303,10.551379,,,,,5.382403,5.957102,2.355656,2.556390,16.550848,15.593017,14.796850,14.236422,12.936798,10.998604,9.739280,12.113461,,,,5.450701,4.800438,2.611413,2.470091,17.632695,16.470650,15.379386,14.213213,12.570567,10.924543,7.984572,7.798387,11.947395,,,4.141738,5.584574,2.477307,2.587208,19.576391,16.476455,15.795152,14.337023,12.811645,10.473512,9.434521,7.607629,10.017955,15.078392,,5.425787,4.799806,2.775885,2.638415,18.459095,17.060653,14.304430,13.818282,12.276383,11.013646,9.333849,9.997823,10.353069,13.762222,18.903686,5.044056,4.696327,2.414041,2.816233,17.471047,17.172052,16.270856,13.898426,13.024718,10.864607,9.507498,8.679660,11.281930,13.915131,18.161835,5.382476,5.342744,2.676840,2.456672,16.070166,16.281939,15.933659,14.686934,12.238408,10.677035,8.388945,8.105082,9.826122,13.893163,17.716564,5.273071,5.219062,2.796853,2.704839,17.970417,14.668037,15.099606,14.250132,12.418789,10.176246,8.483408,7.557975,9.684175,13.566604,18.078907,5.362096,5.034337,2.683324,2.549480,18.308112,16.425996,13.667127,13.991006,12.674304,10.631867,9.585243,9.108736,10.377155,13.869994,18.435539,4.914083,4.582030,2.572490,2.627260,,17.277385,15.753849,13.283466,12.761453,10.837136,8.974603,9.959068,11.486857,14.351529,18.478972,4.835462,5.701824,2.731118,2.401577,,,15.839951,14.304565,12.089043,10.866393,9.094782,8.841327,12.050060,15.137944,18.507671,4.953992,5.378708,2.466715,2.563990,,,,14.436686,12.674427,10.837725,9.231746,8.566589,10.565603,15.041098,18.961584,5.570107,4.915807,2.559684,2.674806,,,,,11.402018,10.010181,9.814071,9.784871,11.213845,14.571470,19.196100,,,,,,,,,,10.651279,8.608292,9.349869,10.289866,13.405908,17.823796,
5.198518,5.709417,,,19.539025,18.181448,17.167564,14.137650,12.932787,10.865394,,,,,,4.778685,5.439543,2.339019,2.448988,19.106644,15.417667,14.776684,14.066357,11.830178,10.903671,10.642276,,,,,5.158992,5.505671,2.550103,2.573620,19.789454,18.273870,15.142483,14.487858,13.098610,10.548652,8.441016,9.070747,,,,4.936694,4.314966,2.551961,2.534117,18.991600,17.486989,16.180614,13.655465,12.908043,11.117258,9.371115,7.734344,10.788851,,,4.354118,5.459124,2.491522,2.454148,19.925737,17.398006,16.072945,14.255523,11.930274,10.529484,8.426737,8.317276,8.767231,13.603691,,5.600483,5.171192,2.582793,2.552157,18.371545,16.340721,14.437645,13.571312,11.963648,10.848065,10.301786,9.279979,11.274856,12.849272,17.917154,4.837364,5.105737,2.297142,2.536798,18.068318,17.146406,15.093225,14.074192,13.018561,10.754642,10.559920,10.138181,10.300351,14.168528,17.161070,5.631133,5.536212,2.586557,2.472750,18.344348,17.877204,16.591541,13.946404,12.559881,10.652490,7.983093,9.210904,10.406565,12.330475,17.160194,4.663368,5.787414,2.551760,2.514804,18.810350,16.723805,16.425115,14.631957,11.571708,10.315811,8.650448,7.691670,11.415330,14.476817,17.261358,5.104399,3.969158,2.476432,2.775150,15.764963,15.610751,14.293399,14.634817,13.152835,10.596545,10.993915,10.952580,11.600108,15.872287,19.134506,5.132981,4.612092,2.634800,2.426899,,14.449251,14.091319,12.954270,12.831362,10.982231,8.958033,10.658044,12.424602,14.820181,19.648363,4.523240,5.272214,2.576727,2.373769,,,15.021654,13.652131,12.017209,10.711041,8.427661,7.583387,10.796709,14.384369,17.955095,5.133374,5.048942,2.562873,2.669732,,,,14.488739,12.322946,10.714201,9.161394,7.925377,9.148530,13.657831,18.079966,5.329229,5.034463,2.675470,2.585621,,,,,12.740012,10.340235,9.972628,9.851641,10.802870,13.239734,18.370163,,,,,,,,,,10.895523,8.348989,9.619776,11.423672,14.113205,17.055516,
5.617239,4.834101,,,17.881989,16.357858,13.698143,13.730627,12.328622,10.816592,,,,,,5.536348,5.743959,2.401932,2.627516,19.393852,17.697154,16.808033,14.244276,12.943092,10.485217,8.921647,,,,,5.528676,5.631330,2.529923,2.472331,18.497042,16.976235,15.875879,15.172521,12.883430,10.754211,8.801598,9.243685,,,,5.733163,5.129209,2.654029,2.522143,17.401448,16.824367,15.562343,14.339572,12.963564,10.705026,7.867610,7.821727,10.807707,,,5.006553,5.448316,2.581822,2.467996,18.924468,15.891875,15.761569,14.219883,12.484164,10.218217,8.617935,6.806270,10.117360,14.488565,,5.115527,4.782479,2.687347,2.675541,17.971397,16.102843,13.698186,13.743526,12.173898,10.582519,8.775531,9.436891,10.123558,14.668310,19.155417,5.193418,5.080413,2.419132,2.729195,19.212898,17.156115,15.728811,13.724984,13.134013,10.914225,9.066313,7.858786,10.711316,13.487294,18.715082,4.845030,4.944714,2.655733,2.434167,18.435557,18.029003,16.153903,14.446952,12.357396,10.837039,8.462300,7.709243,9.188329,13.661951,17.507483,4.949839,5.338219,2.723483,2.562701,19.377095,16.593292,16.407557,14.557054,12.556581,10.736805,8.930952,7.893722,9.448951,12.884126,17.677361,5.527038,4.960589,2.582845,2.736452,17.058734,16.204611,14.097296,14.125148,12.639305,10.976676,10.517038,9.708259,10.825880,13.713066,17.678772,5.090003,4.542332,2.619261,2.750622,,15.878832,15.343154,13.517317,12.485079,10.769055,9.028484,9.975958,10.668349,13.816474,17.706651,5.128581,5.930905,2.611559,2.430430,,,15.197987,14.335070,12.514995,10.404527,9.018215,8.461955,11.464238,13.818274,17.835257,5.148800,5.401080,2.718097,2.486142,,,,13.976692,12.491116,10.888970,8.484066,8.739829,10.506660,14.936140,18.188203,5.612700,5.166717,2.525437,2.561624,,,,,12.528658,10.971063,10.669169,9.661170,11.833629,14.907118,19.726518,,,,,,,,,,10.761972,8.682450,9.879959,11.174147,14.838367,18.826566,
6.527027,5.763414,,,20.146046,15.738406,15.083809,14.053178,12.779091,10.656001,,,,,,5.951565,4.915139,2.437479,2.479914,18.655067,17.531782,13.971809,13.556076,12.729535,10.813419,9.980784,,,,,4.959313,5.403590,2.318618,2.443564,18.517224,18.544257,17.318191,14.212765,12.815327,11.074028,8.292723,9.084885,,,,5.292588,4.733865,2.779128,2.700626,17.757970,16.160129,16.149826,14.699496,12.325179,10.752289,9.716900,8.401947,11.796359,,,4.540794,5.368295,2.568224,2.411488,19.723044,16.767083,15.418290,14.696293,12.544474,10.925456,9.049350,9.120655,10.020392,15.031007,,5.278787,4.799238,2.835981,2.382924,19.117614,17.119081,14.718454,13.646216,12.627990,10.556926,10.689111,9.941633,11.820713,13.979203,19.270749,5.123001,5.373835,2.312519,2.477860,18.875124,17.804426,16.057354,14.387068,13.192239,11.289620,9.221713,11.302795,11.817805,15.137729,18.307745,4.794931,5.536310,2.576561,2.523010,19.302148,17.964072,16.679548,14.349822,12.742432,10.766116,8.129736,7.184166,11.395025,13.714819,18.159113,4.976716,4.527835,2.733959,2.531932,21.155586,17.139173,16.170115,14.442094,11.664509,10.451604,8.645725,7.065253,8.820136,14.018713,17.279437,5.605589,4.753225,2.408514,2.707646,19.233431,17.765950,14.497372,14.420199,12.944831,10.581313,10.819281,10.381133,10.429195,13.318182,18.648269,5.451493,5.359015,2.501560,2.523681,,17.442083,16.118881,13.352082,13.023631,10.714258,8.451932,9.944227,11.298749,13.525357,17.435756,4.159098,5.192424,2.543562,2.333116,,,15.917088,14.028738,11.443039,10.470970,7.886386,7.310241,10.628966,14.093812,17.613645,5.706510,5.432965,2.651807,2.610193,,,,13.779227,12.035325,10.625418,10.360127,9.116062,10.335083,14.212887,18.134426,4.252866,4.937206,2.555449,2.538549,,,,,12.557252,10.277213,10.107261,10.256333,10.968459,14.017081,18.370047,,,,,,,,,,10.845739,8.518011,9.919897,11.261115,13.624032,17.318374,
5.691481,5.428687,,,18.982123,16.919481,14.122991,14.447920,13.095707,10.828590,,,,,,5.298762,5.194371,2.518183,2.495378,19.559429,17.973145,16.695925,14.015602,13.066478,10.841854,9.109473,,,,,5.597497,5.715690,2.482225,2.438831,19.268054,16.997700,15.929909,15.075506,12.708189,10.880013,8.910409,9.489921,,,,5.445939,4.859677,2.705759,2.477728,18.272978,17.881957,15.779298,14.322683,12.850363,10.461915,7.517894,6.918332,10.490018,,,4.233703,5.761265,2.555362,2.446849,18.064948,15.923508,16.065311,14.143616,12.432257,10.850378,9.559473,7.433971,9.656564,14.587936,,5.710396,5.110027,2.556539,2.783113,16.824574,14.806863,13.114510,13.466027,11.914646,10.600735,10.102524,10.660430,10.407132,13.634688,18.629407,5.065438,4.792647,2.268938,2.745063,16.185056,15.798227,14.542974,13.313373,12.800450,10.899232,9.010662,8.995037,11.575016,13.487047,17.836899,4.848392,5.465200,2.582395,2.367766,17.835662,16.711436,15.957003,14.169037,12.208594,10.210437,8.101702,6.902038,9.324213,13.470764,16.857803,4.769199,5.519694,2.542770,2.542691,19.795696,16.622259,16.269059,14.963004,12.827905,10.758592,8.224488,7.659667,8.943860,13.137398,17.606730,5.704892,5.303667,2.758663,2.759863,19.737861,17.324890,14.376718,14.453794,12.684298,10.744887,9.732031,8.554500,10.367946,13.160182,17.741077,4.886379,5.096609,2.436134,2.627647,,18.223856,16.222945,13.413435,13.179910,10.427027,8.697210,9.424282,10.571721,14.163243,17.910864,5.026517,5.936474,2.585893,2.171030,,,17.006736,14.725682,11.746784,10.652546,7.458310,7.270083,10.521205,13.671376,17.650285,5.519492,4.665122,2.522945,2.723882,,,,14.665121,12.750913,10.589563,10.070997,8.287971,10.553832,14.952332,18.589671,4.843430,5.119068,2.340637,2.624732,,,,,12.299296,10.115975,8.836536,9.026194,9.796492,13.985977,19.066237,,,,,,,,,,10.481236,9.925021,10.812875,12.737605,14.479057,18.772400,
5.523618,5.308371,,,20.170277,16.469933,15.679967,14.262966,10.775790,10.733763,,,,,,5.714442,5.696437,2.373991,2.682226,18.566857,16.751046,14.157429,14.157318,12.674339,10.496601,10.955805,,,,,5.459136,5.171362,2.371214,2.334458,18.699620,17.115276,15.992697,13.990169,13.368983,10.693945,9.371376,9.795942,,,,5.256500,5.115234,2.737236,2.331590,18.301344,16.511111,15.119796,13.832394,11.993525,10.725897,7.797155,9.084457,11.228176,,,4.636246,5.708921,2.453454,2.532616,19.721991,17.071309,15.854091,14.181436,12.207129,10.304269,8.386457,6.421679,10.562516,14.169777,,5.278852,5.356203,2.655812,2.655024,17.498649,16.335732,14.249991,13.594420,12.146243,10.558752,10.234430,9.580431,9.793684,14.797088,18.747641,5.202972,4.956590,2.237135,2.724224,17.847996,16.104486,15.272214,13.709695,13.013869,11.106428,9.291219,10.327090,11.034643,13.285427,18.795493,5.206859,5.300578,2.716296,2.482425,17.870733,17.640276,15.851668,14.113014,11.929198,10.251833,7.865721,6.986713,10.539002,13.347774,16.625835,5.577085,5.239342,2.539042,2.759128,18.722081,16.779529,16.834437,15.105033,12.742815,10.625285,8.918632,7.694179,9.313433,14.303733,17.975085,5.365263,4.873044,2.537225,2.674448,16.129271,15.725984,14.344072,14.418469,13.045092,10.765677,10.141615,10.309649,11.429959,14.505278,19.744032,5.213669,5.553222,2.648216,2.511974,,15.927349,15.257415,13.797633,12.706115,10.816380,8.405019,9.366544,11.548031,14.516539,18.565289,4.637406,5.347676,2.618002,2.486733,,,15.389114,14.144793,12.695616,10.720516,9.306802,8.413507,11.599168,15.290443,18.930786,5.600922,4.464898,2.550679,2.544388,,,,14.425847,12.415604,11.060181,8.796896,9.027232,10.354685,14.771967,19.094614,5.432959,5.416642,2.891595,2.590519,,,,,12.038696,9.897738,9.852024,9.312815,12.254639,15.028142,19.740922,,,,,,,,,,10.676116,8.885412,10.510097,11.965829,16.330088,19.696165,
6.064560,4.885068,,,18.163907,17.657940,14.741472,14.221233,13.126693,10.565981,,,,,,5.405859,5.513829,2.577016,2.339079,17.115411,16.546604,16.535520,14.127835,12.695934,10.761790,9.031759,,,,,5.676323,5.568204,2.518043,2.619246,17.976201,15.700836,15.323575,15.000946,12.906569,10.669349,8.680947,9.109258,,,,5.271316,5.544202,2.677070,2.467117,16.151353,17.816297,15.472286,14.362633,12.766384,10.671258,7.826417,7.282318,10.528082,,,5.344500,5.577629,2.423586,2.360721,17.361158,15.433655,17.090359,14.732847,13.023085,10.585586,9.618230,8.135028,10.257798,14.593739,,5.694544,4.722712,2.655267,2.688849,16.174579,14.805572,12.962772,14.224740,12.234184,10.677647,9.048478,10.854781,11.882016,15.218687,19.452262,4.927862,4.796664,2.396162,2.756348,17.171026,16.880351,15.631371,13.404525,12.979157,10.859767,8.890805,8.098502,12.240661,15.332382,19.632749,5.021262,5.510300,2.628260,2.028815,17.353584,15.890296,15.834640,14.431127,12.113789,10.590629,9.519670,8.989035,10.704897,15.811850,19.503359,5.252971,4.830509,2.680823,2.561465,19.764965,16.176451,15.080440,14.568190,12.631474,10.260599,7.817519,8.722325,10.407848,14.075035,19.329241,4.977855,5.093076,2.751208,2.596676,19.390698,17.433213,14.430609,13.614351,12.687473,10.743491,9.426741,7.800946,11.127225,14.332046,18.663219,4.887257,5.190959,2.622058,2.504134,,17.721323,16.080604,13.561532,12.565362,10.948324,9.256137,9.602525,9.837983,14.252446,18.139857,4.436964,5.219234,2.681199,2.555084,,,15.353879,13.831893,11.934202,11.059944,9.579753,9.515932,11.923186,13.855935,18.396878,5.196388,5.120012,2.561052,2.656451,,,,14.484257,12.550539,10.856481,9.638174,8.389809,10.095884,13.877172,17.050138,4.846270,4.867511,2.659909,2.676563,,,,,12.531633,10.022392,8.972799,8.432453,9.183908,12.910520,17.318890,,,,,,,,,,10.739496,8.756865,9.703151,10.893199,13.168590,17.437618,
4.992489,5.182396,,,18.433848,14.740851,14.642152,14.146478,12.155366,10.818762,,,,,,5.182644,5.361753,2.643216,2.614200,19.438031,17.721992,14.732855,14.262948,12.817956,10.714603,10.591661,,,,,5.510943,5.306857,2.492744,2.438112,20.713759,17.802620,16.747939,14.397284,13.231073,10.868069,9.372775,11.218459,,,,4.946615,5.068778,2.691461,2.536163,18.810436,18.242479,15.595216,14.557721,12.701646,10.773831,8.144978,8.868184,12.874792,,,4.813114,5.371252,2.363348,2.338047,20.824976,17.301593,17.124495,14.456092,12.800045,11.159706,8.516398,6.534621,9.827342,14.817056,,5.534603,5.641420,2.461407,2.562158,18.725796,16.831691,13.661689,13.976069,11.889440,10.902763,11.063871,9.712514,9.975346,14.282607,19.324322,5.289974,4.709993,2.368680,2.771592,18.515113,17.615110,16.186098,13.337608,13.095243,10.983489,9.284888,10.591917,10.391558,12.781036,17.899159,4.666361,5.494072,2.777073,2.268762,18.303384,17.455613,16.506203,14.780219,11.720428,10.409044,8.743427,7.907993,11.378808,13.243194,16.868422,4.620265,5.616676,2.527598,2.653517,18.674805,16.672154,16.423347,15.295485,13.361410,10.581282,8.799782,8.661469,9.775256,14.420015,17.251214,5.384902,4.586834,2.639852,2.630239,17.520062,15.879945,14.175322,14.056520,12.685740,10.827396,9.275395,8.646649,10.713366,13.556269,18.562779,4.719836,4.655572,2.406246,2.663970,,17.257749,15.549987,13.799737,12.769414,10.339343,8.008780,7.965763,9.043023,12.929098,17.217083,4.695527,5.636371,2.576181,2.380354,,,16.151976,13.909179,11.888993,10.071127,7.368320,6.227721,9.250538,12.371641,16.611589,5.416749,4.500608,2.585470,2.721918,,,,14.170465,12.082580,10.755756,9.595298,8.222794,9.268885,13.561952,17.057160,4.881400,4.872009,2.540260,2.813876,,,,,12.549339,10.066423,9.242079,8.932254,9.744079,12.729602,17.807142,,,,,,,,,,10.733748,9.182235,10.122571,11.786917,13.930131,17.332068,
5.778126,4.893077,,,18.959809,15.615022,13.808113,13.300336,11.594386,10.778176,,,,,,5.763850,5.537901,2.225221,2.464146,17.919997,17.472393,15.432094,14.209997,13.153961,10.557560,10.671530,,,,,5.567964,5.321663,2.413174,2.459964,17.777172,17.035976,16.769785,15.034311,13.157163,10.726650,7.403818,9.012319,,,,5.306932,5.223565,2.698582,2.575782,15.439899,15.493321,14.852296,14.115019,12.719035,10.820216,8.343444,7.164799,11.118368,,,4.542630,5.522176,2.492544,2.559987,16.291957,15.353579,15.725158,14.497365,12.423847,10.815857,8.767113,7.014801,9.027161,13.848386,,5.966553,5.985254,2.630717,2.510791,15.578422,14.455180,14.016491,14.411511,12.933876,10.458943,9.996487,9.544965,9.913219,13.266772,18.151336,5.511873,5.114470,2.371829,2.591265,16.926732,15.788108,14.851683,13.998829,13.273290,10.841930,7.667604,9.172528,11.315705,14.022456,18.214909,4.834479,5.516620,2.593827,2.385560,16.548782,16.836175,15.712081,14.061666,12.202105,10.381016,7.959282,6.903006,11.209423,15.028683,18.380986,5.772187,5.774558,2.678844,2.680289,17.683349,15.136629,15.822308,14.610586,12.555834,10.459324,8.781051,8.246033,10.226994,15.329227,19.360470,4.953282,5.123873,2.553251,2.766450,18.535030,16.168030,13.982536,14.398176,12.813661,10.445265,8.918626,9.029463,11.340047,15.169546,20.347242,4.698169,5.157073,2.646492,2.596980,,18.052529,15.431855,13.099875,12.499896,10.399655,8.212471,8.519527,11.075197,14.775422,18.967718,4.834235,5.355522,2.690277,2.387328,,,16.850152,13.934196,11.656380,10.326388,8.646298,8.240627,11.067943,14.962198,18.860885,5.202251,4.831639,2.758282,2.617228,,,,14.778183,11.934130,10.403745,9.300764,9.490615,11.325657,15.389795,19.582761,5.343275,5.583856,2.630349,2.818458,,,,,13.305964,10.327133,9.634183,9.020045,11.319814,14.812699,19.636835,,,,,,,,,,11.119111,8.796525,9.883915,11.027178,14.922053,19.078513,
4.823039,5.066521,,,19.881084,18.185463,14.579558,13.686595,11.297127,10.855036,,,,,,5.130050,5.013164,2.474336,2.669110,19.885891,17.715380,16.655274,13.528254,12.702465,10.906532,12.055924,,,,,5.167178,5.712840,2.554826,2.423438,18.860597,18.341481,16.620666,15.307644,12.390416,10.719125,9.462654,12.095271,,,,5.518899,4.703295,2.572860,2.562386,16.125812,15.615132,15.443084,14.099539,12.779707,10.803593,9.579793,10.371842,14.486961,,,5.038710,5.669493,2.519562,2.322898,19.225665,14.791343,15.207484,14.535746,12.658304,10.273092,9.152809,8.278974,11.174626,16.098956,,6.021272,5.511117,2.666132,2.593313,18.676235,16.504048,12.788293,13.546219,12.417094,10.661547,8.610512,9.706567,10.883707,14.994460,20.058727,4.947632,5.094708,2.206149,2.565435,19.652411,18.145901,16.263241,13.283723,13.146072,10.674242,8.624577,7.561813,11.071534,14.376431,19.153500,5.406278,5.779465,2.804250,2.250699,19.159913,18.333317,16.634439,14.353799,11.460025,10.323352,7.578517,7.454087,9.575584,13.937731,18.147624,4.786507,6.151277,2.655653,2.448837,19.299531,16.470975,16.559855,14.828098,12.480333,10.690581,9.322356,7.901269,10.577633,14.365104,18.785319,5.278884,4.401133,2.734968,2.737060,18.179141,16.556106,14.183313,14.542018,12.558192,10.349928,10.231368,9.845582,10.572591,14.611824,18.796171,4.945516,5.809437,2.494474,2.567059,,16.997072,15.560278,13.569867,13.288405,10.466950,8.402287,10.186188,11.254004,13.918620,18.718662,5.000802,6.128292,2.645594,2.243515,,,16.170583,14.251616,12.261026,10.848406,7.711088,7.027567,11.308329,14.259768,17.745381,4.812656,4.462741,2.651311,2.530585,,,,14.385987,12.293484,10.945026,9.468146,8.063777,9.750261,15.270258,18.983443,5.570439,4.895603,2.488281,2.663296,,,,,13.133252,10.468021,9.588540,8.274923,9.451732,12.701003,18.723815,,,,,,,,,,10.304457,7.985818,9.021988,10.257073,13.764539,17.404350,
6.649372,5.443959,,,22.359413,19.308628,17.279293,15.472156,12.382495,10.679468,,,,,,5.470255,5.052621,2.525189,2.622910,19.671384,17.878814,15.926844,14.545997,12.743632,10.471131,11.496506,,,,,5.831320,5.300051,2.566216,2.532080,19.305024,17.483843,16.372171,14.912572,13.228474,10.631772,8.912169,11.758529,,,,5.128894,5.261523,2.554649,2.548787,20.036553,16.062863,14.901999,13.939099,12.751226,10.957430,8.483335,9.058453,13.738599,,,4.779006,5.648242,2.607891,2.547867,20.337383,18.583456,15.472986,14.070975,12.250281,10.505330,8.387835,6.904250,9.969723,15.354064,,5.797108,5.581593,2.707162,2.702724,18.971884,17.336475,16.132862,13.932992,12.484951,10.473324,9.415722,8.709981,9.620035,13.867233,19.295025,5.165136,5.639640,2.369780,2.587376,18.435701,16.431528,15.313727,14.211057,12.861064,10.820748,8.594596,9.062877,10.819259,13.902404,18.651209,4.606864,5.701533,2.664837,2.330697,19.191164,17.869882,16.077380,14.329523,12.127308,10.658377,7.915831,6.667214,9.813136,13.578401,17.468548,4.675413,5.589426,2.602058,2.608304,19.508787,17.252500,16.618940,14.989566,12.839417,10.106776,9.559286,7.843901,9.047054,13.550476,17.827392,5.636991,5.217824,2.613341,2.669508,17.387872,16.082423,14.286544,14.153924,12.857876,10.850723,8.766725,10.465170,10.879247,13.454398,18.181806,5.003276,5.012061,2.678810,2.574717,,15.926300,14.944302,13.190856,12.546912,10.835715,8.454379,7.436122,11.473606,14.194066,17.998816,4.984195,5.848532,2.450889,2.475941,,,15.637739,14.364265,12.273912,10.869127,9.143069,7.647414,9.164240,14.435361,18.233310,5.353762,5.548154,2.878727,2.792450,,,,13.551096,12.179419,10.607466,9.981834,10.041776,10.823992,13.812138,19.276218,5.614883,5.295237,2.345960,2.633281,,,,,12.929075,11.108125,10.072673,10.354207,12.246701,14.759247,18.648070,,,,,,,,,,10.454473,8.310247,8.976808,11.650545,15.286368,18.734780,
5.061608,4.966286,,,19.387327,17.583105,14.032739,14.341161,11.733487,10.338755,,,,,,5.192638,5.588755,2.264368,2.413201,19.989629,17.707635,16.860318,13.997398,13.807440,10.742320,10.627920,,,,,5.224287,5.228676,2.682911,2.212422,19.237173,18.021934,16.205602,15.205120,12.395959,10.955405,7.681822,9.382383,,,,5.298425,5.396050,2.763215,2.335567,17.253976,16.387775,15.401260,13.995748,12.890568,10.787801,8.716951,7.267071,11.188655,,,4.986097,5.553067,2.446779,2.424082,17.429264,15.805370,15.574471,14.345969,12.942983,11.135174,9.803165,7.411583,8.864867,13.726518,,5.612931,4.995051,2.786289,2.599839,17.361868,14.821933,13.394123,13.204626,11.691785,10.711942,9.413950,10.341740,9.787408,13.131503,18.093734,4.878904,4.913936,2.192970,2.743838,18.422360,17.337293,15.435271,14.066148,13.320472,10.950465,9.897194,8.828508,11.813941,12.990335,17.541045,5.300597,5.341961,2.621825,2.410861,16.425278,17.770565,16.673160,14.499312,12.336673,10.780693,8.264470,8.521879,9.869981,14.394604,16.750700,5.580248,5.640808,2.618827,2.808369,14.972140,13.943465,15.872889,14.827635,12.780565,10.603594,9.382683,8.557186,11.144914,14.285701,19.140318,5.781934,4.863654,2.575958,2.775066,16.385448,14.302872,13.403116,14.718093,13.057312,10.801237,8.623807,8.467800,10.249269,14.448595,18.636338,4.778493,4.787198,2.494380,2.615846,,16.894031,15.153985,13.526023,13.125166,10.561605,8.380245,7.603772,9.957930,13.728743,18.477305,4.900555,5.779318,2.591409,2.202731,,,16.283941,14.609183,12.419767,10.763792,8.315168,7.890972,9.922356,13.792910,17.853740,5.450654,5.015912,2.635091,2.725555,,,,14.436689,13.034184,10.860071,8.884608,8.233738,10.376803,14.042657,18.298971,4.878260,4.853617,2.376854,2.598869,,,,,11.501975,10.705721,9.472992,8.898871,10.912732,14.459511,18.595102,,,,,,,,,,10.582954,11.740616,12.395543,13.275427,15.739249,19.151724,
5.335854,5.329660,,,17.191963,16.624367,14.758794,14.750430,13.615571,10.563204,,,,,,5.260385,5.308088,2.522496,2.384090,18.642255,16.653845,15.841286,13.516328,12.075434,10.728399,8.137883,,,,,5.670652,5.215341,2.339133,2.394878,17.105868,15.847220,14.707509,14.235056,12.500309,10.672074,10.792017,10.408080,,,,5.359758,5.203397,2.700212,2.499398,17.634659,16.533443,15.407102,14.135527,12.540294,10.432475,7.636907,9.301284,11.596880,,,4.864685,5.336970,2.351609,2.508736,19.601184,16.419123,15.936665,14.697769,13.323947,10.962126,9.439060,7.434480,11.169894,15.142974,,5.588647,4.926543,2.730077,2.543943,17.952417,16.242850,13.527684,13.221386,12.027543,11.211859,9.586596,10.287341,10.581612,15.261914,19.324824,5.427224,5.182709,2.354731,2.764659,19.108581,16.833499,15.633002,13.612877,12.858438,10.980573,10.161747,9.104624,11.832668,14.091200,19.287624,5.120544,5.252260,2.506300,2.517793,18.028314,17.955878,15.966586,14.418953,12.388513,10.678247,8.503870,8.795423,10.145594,14.547910,17.933381,5.006591,5.333222,2.663688,2.565740,19.568645,16.487588,16.624682,14.363771,12.174292,10.131569,8.015923,7.212164,9.875779,13.330744,18.139826,4.660004,4.513487,2.382854,2.714684,18.521868,16.748765,14.096001,14.515010,12.529637,10.427887,9.741912,8.910821,10.386706,14.161313,18.143185,5.499326,5.356643,2.577723,2.656913,,18.247889,16.394164,13.606622,12.993227,10.318591,7.783096,8.175994,9.152291,12.596037,17.093894,5.417557,5.275458,2.672453,2.319362,,,16.478938,14.587102,12.093335,10.762596,8.668899,7.582088,10.605489,13.464402,17.632800,4.393589,4.649306,2.723537,2.547675,,,,14.247019,12.251823,10.449798,8.990032,9.031016,10.336232,14.793055,18.431169,4.974937,4.968036,2.619087,2.624254,,,,,12.265224,10.841259,10.473573,10.067396,12.013046,14.283684,19.007483,,,,,,,,,,10.816264,9.453443,10.419214,10.980014,14.600415,17.815416,
5.108717,5.541149,,,16.956626,13.991023,13.389442,13.230812,11.496829,10.978160,,,,,,5.171041,5.090995,2.361392,2.795183,17.559463,16.731689,14.914923,14.128092,12.903607,10.909771,11.006269,,,,,5.450509,5.873127,2.392844,2.383519,17.478112,16.882662,16.251722,14.918308,13.262022,10.664087,8.884164,10.538172,,,,5.324562,4.852329,2.713714,2.638157,15.915842,15.677932,14.846501,13.781659,12.810906,10.597072,7.747537,8.289662,12.383028,,,4.805402,5.315458,2.547449,2.287108,19.018598,15.415849,15.505580,13.781707,11.672175,10.721994,8.110590,6.353016,9.785790,15.087692,,5.540334,5.332852,2.668816,2.634724,18.645064,16.667526,13.698448,14.199027,12.253087,10.200623,10.673718,9.372162,9.949372,14.237598,19.667928,4.900105,5.242229,2.430056,2.706060,18.234952,17.319788,15.649030,13.220722,13.227683,10.606393,8.639230,10.800791,11.514530,14.276910,18.971967,4.853646,5.364578,2.738303,2.230125,18.571313,17.190448,16.374425,14.265014,11.871920,10.891068,8.077991,7.574293,11.636530,14.099577,17.852490,4.854242,5.164473,2.724169,2.512002,20.188809,16.448880,15.809456,14.957204,12.546531,10.698292,9.296678,7.810551,9.848161,14.848009,18.054555,5.515860,5.000707,2.674415,2.667539,19.210192,17.702449,14.658085,14.350843,13.196202,10.580358,9.775547,8.843425,9.772777,13.518018,18.787216,5.153394,4.785904,2.654210,2.487267,,16.903437,15.482119,13.162738,12.526324,10.766791,8.317300,9.466081,10.273379,13.428142,17.977077,5.357806,5.717675,2.620442,2.440723,,,16.140470,14.215971,12.291243,10.686987,8.315556,6.980927,10.316423,13.017657,17.149170,5.461137,5.102593,2.557646,2.416644,,,,14.694699,12.138627,10.887897,8.966500,7.499657,9.082342,13.800252,17.598469,5.300796,4.904073,2.597974,2.527786,,,,,12.678006,10.577220,11.371035,11.056278,11.477202,14.276233,19.170044,,,,,,,,,,10.724491,8.967216,11.501165,12.855000,14.914190,18.538428,
5.405076,5.755240,,,18.351426,15.903066,15.476207,13.998275,11.534409,10.799165,,,,,,4.804843,4.839424,2.500101,2.388741,16.536041,16.072901,14.604607,14.461658,12.624525,10.492891,12.076829,,,,,5.599303,5.291555,2.525021,2.540771,17.419911,16.076266,15.589921,14.127222,13.270533,10.621610,8.820041,12.226243,,,,4.820723,5.395373,2.528812,2.393145,16.803176,17.293348,15.841173,14.587622,12.508288,10.604856,7.617134,7.707797,12.993144,,,4.556957,6.045374,2.404437,2.633101,17.823355,15.835635,16.450366,14.563435,12.535776,10.211528,8.232032,6.957060,9.730268,15.470095,,5.508270,4.589302,2.373769,2.659698,14.668527,14.389328,13.018653,14.027789,12.501407,10.744152,10.093078,9.901138,10.704566,14.124822,19.815095,5.122918,5.033493,2.329017,2.665115,16.509001,15.440102,14.853218,13.479676,13.426668,11.069731,8.546926,8.875680,10.500909,13.568035,17.772655,5.088663,5.303986,2.704353,2.266762,17.425978,16.758140,15.577189,13.907969,11.943446,10.781168,8.463053,6.937958,10.215217,13.808011,17.562449,5.063500,5.911415,2.478533,2.645273,19.795914,16.414891,16.586741,15.183677,12.609364,10.646015,9.095300,8.419437,9.264777,14.232754,18.462491,5.524790,4.850055,2.586630,2.582311,19.895106,16.940162,14.047186,14.677377,13.207766,10.352227,9.833447,9.778774,11.491823,13.659354,18.904621,5.140366,5.871588,2.611701,2.382529,,18.517713,15.920508,13.239871,13.167420,10.786730,7.578206,8.926603,10.987768,14.534467,17.535845,4.573114,5.604673,2.493043,2.305537,,,17.640957,15.062298,12.383545,11.143610,8.198133,6.096690,10.087753,13.940374,18.002397,4.702407,4.912920,2.464039,2.552402,,,,15.224543,12.849152,10.731277,9.402222,7.991081,8.551279,13.813027,18.148300,5.000526,4.907488,2.630946,2.840576,,,,,11.519563,10.111621,9.735831,10.146775,11.233712,12.860477,18.225051,,,,,,,,,,10.705525,10.457615,11.573950,12.410912,14.779336,17.309124,
5.001963,4.283447,,,18.140154,17.092172,14.690446,14.155370,13.040183,11.087365,,,,,,5.270761,4.943549,2.531636,2.559324,18.539221,17.481855,16.391020,13.865691,11.977116,10.742074,9.252664,,,,,4.959737,5.400594,2.332585,2.429223,17.137392,15.603804,15.248044,14.701801,12.852029,10.638864,10.812230,11.095929,,,,5.236223,4.345214,2.778882,2.448733,16.159307,16.009456,14.611024,13.805963,12.390870,10.641758,7.797478,9.339702,11.422875,,,5.266947,5.990459,2.706405,2.414188,18.043469,14.704042,15.075156,13.667297,12.266058,10.075851,9.129557,7.102012,10.604889,14.072061,,5.662607,4.857685,2.534862,2.632903,17.270141,15.682352,13.182576,13.705333,12.445551,10.862140,9.037961,10.002495,10.230445,14.655325,18.518286,4.681451,4.611666,2.363955,2.685184,20.355500,17.042678,15.898240,13.677484,12.896309,11.085137,8.910408,8.022800,11.005776,13.586522,18.474205,5.480688,5.926664,2.628228,2.388728,18.921205,18.579172,15.701175,14.344760,12.256015,10.658556,9.307766,8.365840,10.239735,14.122828,17.421490,4.574490,5.595765,2.539244,2.493169,19.830743,17.282795,16.955559,14.301753,12.118144,10.036045,7.748984,8.078033,9.773524,13.999239,18.017913,5.144314,5.415419,2.444364,2.613525,17.209468,16.621451,14.533938,14.442452,12.574013,10.709460,10.183835,9.218604,11.285903,14.008517,18.513294,5.308313,5.020633,2.738201,2.513498,,16.404239,15.649317,13.437569,12.353557,10.611825,8.297859,9.272010,10.303753,13.913571,17.593071,4.543763,5.066803,2.635148,2.344944,,,15.518850,14.359473,12.197683,10.271852,9.540435,8.328521,11.531100,14.369222,18.491694,3.667864,4.951992,2.473646,2.592243,,,,13.953671,12.495228,10.863827,9.058048,10.232272,10.980532,15.304947,18.758783,5.306608,5.047403,2.633701,2.518662,,,,,11.580501,10.515518,10.185329,9.742055,12.423371,14.197490,18.690063,,,,,,,,,,10.534465,9.096673,10.133406,10.930670,15.051955,18.157961,
5.509753,4.825569,,,17.033965,15.517124,12.646726,13.175859,12.834964,10.696552,,,,,,5.210020,5.702801,2.469815,2.302913,18.293893,17.038258,15.904085,13.283137,12.444453,10.924842,8.986317,,,,,4.753330,5.315938,2.431095,2.558394,18.725943,17.949814,16.697701,15.230377,12.765428,10.502918,8.362556,8.095138,,,,5.046622,4.568810,2.845701,2.348527,16.032605,16.690550,15.959826,14.499229,12.885448,11.144465,8.668698,8.151045,10.373833,,,4.145940,5.479242,2.520605,2.438927,15.958960,15.214320,15.647122,14.578390,12.586235,10.657257,10.041789,8.098698,9.990131,13.739658,,5.251997,5.258012,2.678407,2.761534,15.401776,14.140979,13.393859,13.458469,12.318351,10.523355,9.512734,10.672950,10.437250,13.668508,17.554586,5.020837,5.035991,2.357757,2.614474,17.299778,16.464502,15.287888,13.915660,12.663967,10.589673,8.375067,8.281214,11.368683,13.066009,17.559713,5.556664,4.919982,2.621499,2.519088,16.983326,15.986481,15.373822,14.157519,12.562326,10.795360,9.337376,9.035873,11.332847,15.291048,17.778793,5.606182,5.637905,2.562142,2.626354,18.339683,16.495534,15.831063,14.673818,12.839601,10.614826,8.424674,8.596411,11.013541,15.123916,19.279906,5.655544,4.876499,2.556176,2.732206,17.935833,17.009637,15.505346,14.717996,12.872984,10.731201,8.962643,8.223855,11.061729,15.102117,19.713301,4.974110,5.108376,2.684544,2.657596,,16.964134,15.956906,14.107041,12.707774,10.136872,8.292086,8.639259,10.578246,14.884623,19.279058,4.730098,4.906516,2.655699,2.535640,,,15.461693,14.394704,12.609870,11.257852,9.163703,9.128081,11.818875,14.939351,19.440263,5.366124,5.620020,2.609691,2.781595,,,,14.657199,12.987135,10.887787,9.550085,8.606678,10.640401,14.902794,18.655756,4.703512,4.910612,2.684198,2.678727,,,,,12.730918,10.696469,9.284522,9.415245,10.957709,14.544761,19.388635,,,,,,,,,,10.644286,8.722603,9.020035,11.074145,14.211453,18.291247,
5.112551,5.031888,,,16.973917,14.845713,15.159821,13.943028,13.267111,10.926819,,,,,,4.982413,5.300952,2.522850,2.408589,18.460072,17.254994,14.941499,14.389271,11.749664,10.548421,8.318887,,,,,5.577523,4.826205,2.199183,2.444752,17.955197,17.077462,16.325907,14.645253,13.959003,10.778298,10.608604,10.108937,,,,4.993574,4.217671,2.675287,2.292004,17.155499,17.308065,15.969187,14.408524,12.304149,10.799438,7.223970,8.661993,10.813218,,,4.690797,5.428288,2.689230,2.624326,17.539471,16.150402,16.018691,14.278617,12.196657,10.381738,8.849529,6.687916,10.428521,14.143995,,5.752682,4.953140,2.478744,2.659144,16.720180,15.458292,14.500991,14.339775,12.755555,10.997239,10.684544,10.182734,10.034955,14.581357,18.601963,4.493507,4.804412,2.562324,2.749462,18.187135,16.958516,15.316646,13.758771,12.278598,10.141260,8.499476,10.160395,11.346361,13.418543,18.591202,4.422030,5.361746,2.692769,2.476566,16.120677,17.123639,15.981709,14.119691,12.460737,10.588681,9.173046,9.198523,12.707644,14.905464,17.454795,5.020802,5.273807,2.721575,2.658374,16.651217,14.984038,16.240274,14.766341,12.489403,10.728741,8.888555,9.039617,11.073702,15.676099,18.471758,5.393814,5.048179,2.499974,2.848562,16.318845,14.616246,13.250496,14.571626,12.968378,10.821350,9.985188,9.616381,11.842094,15.164821,20.090541,5.729881,5.364928,2.589717,2.615000,,16.506157,14.863259,12.835259,12.883831,10.361248,8.149457,8.674873,10.611934,14.452021,18.550681,4.838169,5.257068,2.590450,2.217960,,,16.034410,14.278416,11.733505,10.535895,8.198458,8.050789,11.179321,14.930728,19.171237,5.309317,5.152820,2.575514,2.794497,,,,14.567258,13.027060,10.840482,9.598922,9.225387,11.317990,15.451027,19.534542,4.997833,4.758895,2.470271,2.671890,,,,,11.782906,10.770430,9.907867,10.030211,12.208233,15.545011,19.976354,,,,,,,,,,10.463892,8.892284,8.637126,9.698200,13.743350,17.939289,
5.810085,5.355441,,,18.971546,16.558548,15.587776,13.877188,12.291339,10.732607,,,,,,5.291185,5.590338,2.306790,2.522029,18.905111,16.093044,14.919779,14.222548,12.813948,10.604520,10.141854,,,,,4.692739,5.306850,2.492905,2.496864,19.840053,17.655637,15.501939,14.362806,12.507131,10.414785,7.393958,8.457707,,,,5.142699,5.648301,2.642016,2.614135,17.882081,17.199583,15.063491,13.476904,12.578977,10.397231,9.022964,7.493673,10.888771,,,4.639851,5.587294,2.528598,2.377663,19.176968,16.505037,16.321858,13.620795,12.115572,10.673463,7.832632,7.752511,8.997098,13.875341,,5.659135,4.969156,2.748567,2.642225,17.515853,16.115325,13.848574,14.147533,11.493048,10.945836,10.430413,8.942574,10.882331,13.396222,18.444690,5.115488,5.333256,2.235277,2.786049,17.964254,15.922171,15.411804,13.608943,13.799706,10.827369,10.895626,10.949892,11.104303,14.628763,18.318369,5.123959,5.434457,2.673177,2.140735,18.839275,17.158210,15.452760,14.425892,12.102830,11.206543,8.163487,9.310314,11.231478,13.666744,18.099886,5.318517,4.985137,2.488296,2.794197,20.141590,17.604695,16.528350,14.823234,12.987346,10.286581,8.491246,6.918873,10.005642,13.852269,17.510484,5.259080,5.233643,2.640763,2.517649,17.305744,16.590635,14.654590,14.106280,12.694490,10.762941,9.122325,8.550347,10.069768,14.320339,18.814342,4.856154,5.062917,2.626427,2.580840,,15.674339,15.062072,13.376123,12.619015,10.874436,8.508716,8.358205,9.633454,13.297529,18.103570,4.745964,4.887430,2.629638,2.556911,,,15.337639,14.088998,12.191408,10.812654,8.835849,6.993764,9.209087,12.425919,16.772130,5.247187,4.875042,2.709041,2.777693,,,,14.165628,12.310070,10.632114,9.402813,8.639258,9.022720,12.811385,16.824824,4.287226,5.197541,2.693080,2.570428,,,,,12.579553,10.079290,9.189967,9.110902,10.621001,13.049838,17.411136,,,,,,,,,,10.969885,8.586568,9.283728,10.853196,13.786288,16.912716,
5.971624,5.369693,,,17.643351,14.640978,14.314581,14.316115,12.872116,10.683049,,,,,,5.348170,5.325477,2.522038,2.599234,16.842715,16.078924,14.436992,13.973531,12.823279,10.875003,8.786323,,,,,5.152202,6.013944,2.463096,2.470243,16.514855,16.435868,15.716347,14.629226,13.239081,10.608892,8.478659,7.874177,,,,5.758896,5.277067,2.578260,2.532295,16.612772,16.019698,15.780722,14.388973,13.353986,11.083415,7.732236,7.282222,9.739047,,,5.219458,5.709801,2.607334,2.324369,19.463507,15.507424,15.228501,14.186626,11.868179,11.089996,8.738485,7.054238,10.031189,14.249863,,5.481583,5.020245,2.430302,2.647906,19.564614,16.974406,13.568690,13.922004,12.836938,10.737219,11.647345,10.803675,11.318164,15.118721,19.426299,5.178978,5.265308,2.411949,2.510493,19.577536,18.865961,16.571207,13.458032,13.002185,10.830668,8.581925,10.910235,12.082868,14.894669,19.333166,5.274678,5.446320,2.727450,2.392537,17.094380,17.400993,16.842468,14.488302,11.731667,10.551540,8.279514,7.836721,12.280398,15.236914,18.857500,4.975670,4.809433,2.486743,2.442250,18.786899,16.185791,16.720163,15.693605,12.936412,10.526082,8.253164,6.632132,8.953697,14.477854,18.456554,5.165021,4.998584,2.543245,2.660017,17.904668,16.083584,13.843566,14.372509,13.233093,10.916531,10.071055,8.821820,9.660956,13.352818,19.034995,5.530567,5.353056,2.568200,2.442067,,17.653177,15.956551,13.522640,12.685403,10.476734,8.288533,9.161972,9.515364,12.595917,17.039759,5.267075,5.980981,2.640180,2.420632,,,16.364637,14.619342,12.213086,10.268722,8.016963,8.062230,11.395290,13.717196,17.615413,4.641286,4.991190,2.648965,2.593579,,,,14.584257,12.671073,10.626609,8.391041,7.941277,10.727475,15.072987,18.365644,5.149926,5.109432,2.801624,2.665164,,,,,12.533723,10.399966,9.104848,7.889047,9.966728,13.995708,18.449281,,,,,,,,,,10.676957,9.216779,9.897779,10.817623,14.382167,18.691398,
5.072443,4.999328,,,16.985935,14.954347,15.483373,14.683432,11.376030,11.096076,,,,,,5.110669,5.450794,2.656250,2.663197,17.724243,16.578649,14.863004,14.497111,13.144837,10.545941,11.951555,,,,,5.445796,5.439410,2.328789,2.213140,17.568210,17.626412,16.638814,14.770223,13.209991,11.076016,9.724727,12.741477,,,,5.189236,4.198145,2.588237,2.512241,15.838560,15.156433,14.909981,14.057934,12.600686,10.457285,9.272622,10.794587,15.205892,,,5.029314,5.466352,2.498852,2.260842,19.707275,15.869349,15.312697,13.942265,12.298297,10.499374,7.571684,7.553470,11.545508,16.499442,,5.295522,5.218890,2.790802,2.658389,20.128892,17.587919,14.299928,14.098199,12.148053,10.793007,10.324633,8.290257,10.673598,15.526594,20.405530,5.273791,4.674656,2.407994,2.653263,20.407715,18.592921,16.437463,13.797628,13.449765,10.767207,9.802627,11.042103,10.611100,14.581594,19.565141,5.343545,5.212216,2.635841,2.225713,18.878566,17.755235,16.314774,14.075835,11.851938,11.027743,8.216806,8.884332,12.413436,13.652942,18.403147,6.084873,4.900170,2.564705,2.501222,18.570834,17.620233,16.958847,15.313016,12.534928,10.348930,8.391490,6.048226,8.865671,13.936710,16.345562,4.975394,4.509656,2.449217,2.792142,16.415089,15.093129,14.733574,14.600778,13.171790,10.691641,10.105023,8.998020,9.421038,13.735439,19.147571,4.981612,5.031015,2.648818,2.509037,,15.888462,14.590840,13.589514,12.792936,10.778153,8.433126,9.224923,9.624276,12.115894,17.115286,4.628433,5.135325,2.528557,2.499675,,,15.418718,13.778615,11.858192,10.389647,8.376762,7.513505,10.449099,12.739698,16.087149,4.542343,5.459207,2.691217,2.779856,,,,13.788173,12.436494,10.723515,10.004278,9.623437,10.701703,14.550620,17.320338,4.264251,4.736159,2.453876,2.698855,,,,,12.183359,10.874579,9.464942,9.920043,11.452142,13.895053,18.252798,,,,,,,,,,10.792436,10.743284,11.045247,12.987333,15.392438,17.961217,
5.600757,4.774388,,,17.361289,16.017867,13.507281,13.149496,12.116027,10.699248,,,,,,5.121482,5.376232,2.424661,2.471131,19.027768,16.376242,16.099169,14.104853,12.700061,10.855194,10.109859,,,,,5.845078,5.632093,2.488799,2.590586,17.371944,16.408837,14.613666,14.679868,13.022144,10.856495,9.240579,10.347565,,,,5.234681,5.077246,2.713210,2.432805,15.932656,16.175520,15.238097,13.618213,12.839508,10.952629,7.779975,7.379037,10.860799,,,4.832855,5.328860,2.479930,2.444283,17.492305,14.970740,15.494410,14.202137,12.649997,11.135214,9.729053,7.280607,9.455894,14.011074,,5.463942,5.432273,2.673746,2.581719,18.691970,17.058705,14.456567,14.293316,12.174838,10.490143,8.669164,8.840281,9.019242,13.022790,17.684232,5.206370,5.035249,2.457685,2.679792,18.285014,17.079803,15.673754,13.458768,12.975758,10.828596,10.455155,9.900728,12.231029,14.057383,18.420266,4.955107,5.142640,2.603795,2.384796,17.448263,17.895191,16.531180,14.542681,12.035677,10.547556,8.504224,9.927574,11.485522,15.337214,18.162437,4.993876,5.282395,2.562223,2.689677,17.924148,16.699134,16.947262,15.120822,12.547662,10.105617,8.278024,7.925243,11.629503,14.868109,19.140336,5.312847,4.840437,2.531688,2.692121,15.957514,15.195133,14.548593,14.786855,13.114455,10.887888,10.047724,9.640924,11.468017,16.065361,19.686159,4.655167,5.178853,2.703924,2.631907,,15.705161,14.679295,13.807479,12.784145,10.534579,8.477337,9.516274,10.973181,14.557371,19.676054,4.412850,5.708803,2.487549,2.402495,,,15.457248,13.966428,12.802837,10.756762,8.658981,8.046315,11.237954,14.167402,18.321808,4.963292,4.842048,2.629109,2.507892,,,,13.921178,11.883310,10.602019,8.372515,7.978995,9.750403,14.181789,17.821653,5.300565,4.675865,2.607712,2.857126,,,,,12.140647,10.414396,10.269483,9.521180,11.381267,14.290847,18.929908,,,,,,,,,,10.665442,8.922657,9.771030,10.918913,14.567337,18.283361,
5.778543,5.499059,,,20.398519,17.327035,15.054854,13.695389,11.831709,10.728918,,,,,,5.765032,5.315337,2.567579,2.710859,17.521911,17.656622,15.676315,14.177906,12.565412,11.033945,9.819332,,,,,5.678936,5.875279,2.486565,2.620017,15.602821,15.290949,15.875042,14.546952,13.107316,10.867983,10.005381,9.761080,,,,4.619422,5.985392,2.474464,2.514336,16.632758,14.865960,14.429287,14.324278,12.834324,10.929598,8.463379,9.381628,11.432885,,,4.449991,5.517235,2.340284,2.636383,19.981577,16.678224,14.988043,13.597536,12.283441,10.273641,8.267869,7.176582,10.450540,14.220177,,5.556809,4.868647,2.595610,2.444826,18.863240,16.970517,14.486109,13.393749,11.963865,10.525862,9.847597,9.840388,10.779571,14.744718,18.669481,5.424196,5.102032,2.280152,2.705258,18.295239,17.746666,16.073215,14.520714,13.345213,10.968086,8.594582,9.236894,11.521804,14.618419,19.311961,4.924866,5.339305,2.744158,2.448898,17.724182,16.573979,15.998115,13.736650,12.386380,10.896694,8.326967,6.887973,10.405464,14.819812,18.751193,5.121386,5.585515,2.695079,2.562408,19.119725,17.187721,16.175613,15.034936,11.989882,10.538296,8.826868,7.047710,7.947384,13.049003,18.258730,5.476736,4.751670,2.433736,2.729771,17.956572,17.319665,15.875096,15.084591,13.657482,10.463130,10.090858,9.664170,9.997046,12.435940,17.825673,4.997223,5.176107,2.576736,2.354602,,17.008907,15.929990,14.220282,12.808584,10.610938,7.657323,9.159752,11.146206,13.618705,16.954860,5.429834,5.066522,2.602944,2.590278,,,16.096172,14.098705,11.884378,9.832484,7.422559,6.326829,10.362618,14.161149,17.407617,5.083068,4.730992,2.740011,2.807260,,,,14.484124,12.269625,10.656811,9.459325,8.781162,10.316051,15.238523,19.464182,4.417151,5.187251,2.580181,2.670399,,,,,12.802925,10.585399,10.116255,10.539279,11.892950,14.661344,19.926027,,,,,,,,,,10.780477,8.543044,9.356532,11.461284,14.390379,17.705620,
4.794189,5.325818,,,19.133473,16.909474,13.651424,13.522094,12.694971,10.974449,,,,,,5.676266,5.351515,2.558155,2.552650,18.779435,18.149944,16.528396,13.630347,12.521111,10.873894,8.941331,,,,,4.786380,5.718387,2.576237,2.585804,17.419882,16.666051,16.284696,14.890180,12.558391,10.447087,8.708331,8.437367,,,,5.298208,4.833016,2.720988,2.362051,16.686605,16.361883,15.465691,14.553753,12.777805,10.972662,8.341308,7.756642,10.013032,,,4.440073,6.243397,2.637506,2.458991,18.345332,15.842210,15.855985,14.305148,12.404825,10.125984,9.475716,7.661952,9.647859,13.756054,,5.793891,5.318207,2.804397,2.627923,18.890476,16.467659,14.402893,14.559257,12.667771,10.431170,8.989374,10.326679,10.425395,13.639423,18.052641,4.904573,5.119782,2.321262,2.701377,18.354299,16.781405,14.925569,13.195446,13.096158,10.804739,8.652183,9.558585,13.061930,15.118272,19.053154,5.140469,5.120313,2.739078,2.316230,18.273103,17.925187,16.336651,14.057100,11.537928,10.293638,7.597439,6.579364,10.444047,14.834243,18.085390,4.863395,5.555930,2.408210,2.773199,17.707999,16.778992,16.847012,15.455666,13.214931,10.731632,9.072689,7.611144,9.180877,14.569725,19.071999,5.237795,4.973918,2.553848,2.783763,16.857066,14.560735,13.897672,13.882004,12.693195,11.008268,9.831719,9.607187,10.580280,13.580427,19.126895,5.097311,4.997971,2.508949,2.649554,,17.078440,14.867966,13.809684,12.551744,10.573907,8.758903,8.648394,9.906174,13.044232,17.188215,4.364961,5.285960,2.633964,2.531750,,,16.221768,13.869897,12.427354,10.348838,8.658035,8.532668,10.930166,13.760002,17.581404,5.462859,5.107834,2.548640,2.581581,,,,15.162878,12.470037,10.643206,8.244742,7.890051,9.978727,13.949075,17.530672,5.565486,5.550422,2.538080,2.883855,,,,,12.588041,10.459227,9.623040,8.972232,11.183450,14.663851,19.051928,,,,,,,,,,10.649626,8.458262,8.431631,9.951930,13.976611,18.266966,
5.359334,5.159967,,,17.094606,16.015310,13.570707,14.231877,12.710782,10.937846,,,,,,5.237514,5.545471,2.327196,2.580813,18.027927,17.653796,16.671014,14.194279,13.395836,10.731224,8.949707,,,,,5.643904,5.547382,2.584228,2.353145,20.018900,17.267789,16.667962,15.154733,12.589639,10.458025,7.680894,7.908318,,,,5.306682,4.707592,2.692908,2.446307,18.716131,17.702669,15.165451,14.307082,12.620114,10.848965,8.539842,8.168085,11.269948,,,5.044590,5.213172,2.169704,2.496038,20.513576,18.085547,17.198114,14.520403,12.723392,10.402705,9.498032,7.700937,10.168663,14.688127,,5.628175,5.186084,2.489619,2.622457,17.284722,16.250458,14.312895,13.923159,12.019850,10.920246,10.197086,11.521072,11.769835,15.038875,19.437587,5.001110,4.971679,2.403594,2.707872,18.152952,15.806214,15.216165,13.719399,12.822289,11.088899,9.578149,9.902256,13.036711,15.055807,19.386149,4.610217,5.557681,2.491134,2.443420,19.162144,18.208921,16.015931,14.773776,12.807476,10.663113,8.971549,7.773503,10.037244,14.345254,17.820214,5.170721,5.070397,2.550087,2.616731,19.557682,18.034966,17.205719,14.891001,12.912908,10.755489,8.193928,8.036026,8.998859,12.956881,17.491051,5.684599,5.034358,2.618628,2.631509,16.608431,16.194761,15.152519,14.658634,12.807526,10.908611,9.999569,9.047656,11.282232,13.703119,18.024894,4.935161,4.999758,2.716020,2.641383,,15.676539,15.090857,13.964908,12.783458,10.884833,8.694342,9.295054,10.599688,14.572256,18.187959,5.100557,5.697551,2.577082,2.490721,,,15.220748,14.100996,12.747715,11.026588,9.732462,8.531173,11.104749,14.144857,18.618219,5.137849,4.822832,2.651733,2.696005,,,,14.442012,12.367629,10.614696,8.707981,9.086109,10.150763,14.256384,18.287610,4.934503,4.829326,2.537110,2.704412,,,,,13.255892,10.901769,9.884605,9.562604,12.068339,14.565734,19.060502,,,,,,,,,,10.987403,8.907033,9.524537,11.594162,15.390008,18.556452,
5.048594,4.808448,,,17.043944,16.521561,14.230495,13.610853,11.957396,11.030322,,,,,,5.393153,5.269788,2.431061,2.837132,17.988316,15.824499,16.003782,14.143608,12.776058,10.901854,9.821942,,,,,5.567858,5.549651,2.573589,2.535453,17.717256,16.564253,14.655973,14.537370,12.812655,10.323342,8.644201,8.556990,,,,5.741663,4.057063,2.629473,2.425692,19.014574,17.232272,16.083391,13.765755,12.518060,10.798251,7.334298,7.114189,9.345518,,,4.468651,5.355130,2.493698,2.346215,18.965457,17.306756,16.006102,14.717196,12.288864,10.352236,9.652049,7.504901,10.235011,13.944858,,5.370571,5.341395,2.691844,2.743583,17.852448,15.912813,14.684921,13.615605,12.398645,10.600032,9.382093,10.392169,10.474883,14.253885,18.173734,5.356344,4.973970,2.554546,2.598567,18.071187,16.698622,15.199631,14.080321,12.587284,10.694690,9.221237,8.676428,11.390558,13.701459,18.319860,5.208903,5.306399,2.539057,2.637805,19.767110,16.480743,15.711952,14.067554,12.561100,10.681721,8.770018,9.101837,10.736426,14.453127,17.930142,5.639640,5.812824,2.562076,2.615602,19.266209,18.993784,16.223457,15.231769,12.791602,10.334386,8.143130,7.256194,10.205278,13.814424,17.721457,5.432437,5.190348,2.553465,2.803718,19.283903,16.857658,17.017677,14.715428,13.459830,10.693049,8.492046,8.184655,10.079260,14.597616,18.880498,5.118901,5.086907,2.755488,2.475344,,16.621045,14.391655,14.249349,12.197084,10.736620,8.532425,8.534495,11.033883,14.465916,19.231961,5.274247,5.660062,2.476198,2.635682,,,16.483170,14.131231,12.951033,10.693668,8.642583,7.475869,9.926927,14.125874,18.273805,4.679016,5.200183,2.698165,2.380009,,,,14.536155,12.377762,10.721682,9.785964,9.162412,10.596186,14.611922,19.145187,5.507112,5.234764,2.677951,2.634227,,,,,12.962098,10.773516,8.653297,9.459311,10.686515,13.816193,18.557074,,,,,,,,,,10.703272,9.386512,8.279019,11.771808,14.736641,18.573326,
5.331894,5.835657,,,18.148211,17.197260,15.405249,13.961524,12.424736,10.878640,,,,,,5.246388,5.268301,2.490847,2.695570,17.968321,16.138065,15.740977,14.466003,12.795425,11.067891,10.317589,,,,,5.399162,5.135101,2.386156,2.749556,17.398096,17.523755,15.993981,15.106646,13.565101,11.038434,8.836876,9.267011,,,,5.134954,4.866177,2.578973,2.550690,17.330015,17.136034,16.497275,14.604233,12.630101,10.705468,7.900019,6.977916,10.363308,,,5.131383,5.379110,2.773441,2.627185,18.648210,15.661590,15.723931,14.267661,12.328633,9.931866,8.835085,7.811577,9.733664,14.602974,,5.008205,4.757603,2.748281,2.641767,17.183492,16.163637,13.796305,14.045578,11.958467,10.578041,8.857133,9.808986,11.112552,14.385636,19.558857,5.353705,5.524573,2.338195,2.498995,17.527543,16.551822,15.821132,13.847666,13.589259,10.427843,9.428061,8.668594,11.397624,14.391571,18.510570,5.259588,4.859993,2.614505,2.214659,18.331112,17.239559,16.109989,14.672323,12.386539,11.026673,7.130210,7.555685,9.538439,13.821877,17.738310,4.992018,5.252827,2.622641,2.604671,18.607225,16.238899,15.917371,14.645262,12.817740,11.061918,9.551598,7.134894,10.046379,13.799761,18.410275,5.251690,4.828490,2.627346,2.587229,20.141584,16.989238,15.124671,14.829635,12.858391,10.474408,9.496201,8.626140,9.073489,13.310078,17.786451,4.386609,5.675723,2.747072,2.606434,,17.568055,15.098188,13.394288,12.805883,10.349934,8.176813,9.367750,10.480346,13.123548,17.679623,5.251811,5.568438,2.782980,2.363444,,,15.980169,13.909970,12.031077,10.940423,8.409838,7.408086,10.707710,13.300130,16.704709,5.119317,5.609384,2.616975,2.744084,,,,13.936311,12.402055,10.608010,9.491031,8.390907,9.812710,14.460293,17.907125,4.831514,5.397105,2.700230,2.601650,,,,,11.071947,10.494849,9.861210,10.212039,11.535187,14.295178,19.201074,,,,,,,,,,10.851004,10.487787,10.208354,11.227630,14.176360,17.856990,
6.018849,5.233181,,,19.174679,16.754146,15.658055,14.095763,12.541034,10.663432,,,,,,5.266226,4.967961,2.561603,2.667729,17.441120,16.419738,15.021460,14.478927,12.857810,10.737249,9.318241,,,,,5.353121,5.444759,2.482210,2.590242,17.074061,15.223103,14.863886,13.787774,13.057506,11.101934,8.798343,8.824371,,,,5.614653,5.068915,2.563882,2.522363,18.181531,16.644442,15.033563,14.249662,12.496369,10.769587,8.273673,6.645110,9.232799,,,5.257361,5.348871,2.493778,2.693726,19.519454,16.913661,16.094680,14.223425,12.627402,10.345396,8.254379,7.204424,8.624280,13.126461,,4.827466,5.306419,2.663584,2.585120,17.983388,16.423474,14.311938,13.967610,12.207767,10.658098,9.461041,9.130063,10.784947,13.548268,18.230539,5.512217,5.308852,2.550569,2.747978,17.647396,17.016844,15.759316,13.813678,13.028940,10.797492,8.890390,8.906698,10.469780,13.956459,17.478810,5.032652,5.974601,2.566896,2.418709,17.347595,16.313777,15.846767,14.334267,12.316685,10.875295,8.878935,8.236775,10.890774,14.290668,18.509662,4.961246,4.800045,2.564915,2.778578,19.801141,16.667919,15.937490,14.836178,12.580387,10.304866,8.363222,7.825680,9.698751,14.038373,18.133937,5.452675,5.028292,2.584617,2.676609,18.660388,17.098240,14.667325,14.299987,12.958060,10.771930,9.542706,9.166844,10.999705,14.196424,18.820309,5.181746,5.174416,2.569530,2.561482,,17.527073,15.805075,13.784397,12.898054,10.596126,8.343856,8.692518,10.691197,14.453237,18.546585,5.253761,5.000682,2.562099,2.452240,,,16.835111,14.360348,12.399125,10.736368,7.851822,6.906085,9.710321,13.868680,18.287365,4.839053,5.024459,2.786457,2.570539,,,,14.777947,11.745020,10.452473,9.055402,7.641872,9.619160,13.754130,18.634049,5.932655,5.428562,2.568743,2.610859,,,,,13.410008,10.706903,11.025421,10.840351,11.157611,14.164229,18.504767,,,,,,,,,,10.673579,9.194134,11.834259,13.638648,15.765728,19.372026,
5.544593,5.796181,,,18.135959,16.829170,13.729414,13.494830,11.850205,10.745998,,,,,,5.221961,5.023084,2.537673,2.784244,17.831270,16.521101,16.016409,13.395134,12.467450,10.748389,9.493895,,,,,4.868776,5.736869,2.540077,2.452332,16.342301,15.851845,15.198319,14.728765,12.453540,10.593842,9.325241,9.289047,,,,5.913607,4.590381,2.564320,2.470969,17.984554,15.426029,15.046431,14.243477,13.012320,10.885529,8.119875,8.040539,10.242533,,,5.049616,5.402065,2.548306,2.336782,21.133603,17.434326,15.368015,14.174455,12.501343,9.971193,8.434030,6.157517,9.093717,13.705765,,5.876209,5.013667,2.708003,2.581619,21.171733,18.867874,15.916118,14.178923,12.415068,10.544242,8.064844,8.703551,9.144296,13.374867,18.453444,5.198656,5.134314,2.542135,2.689552,17.206612,17.646653,16.079224,13.920925,12.507128,10.339901,9.113935,8.576153,11.703891,14.259124,18.817499,5.271922,5.730685,2.688187,2.469624,15.446133,15.383654,15.648439,14.134192,12.008078,10.353049,8.030331,8.318955,10.464473,14.612467,18.200804,5.631270,6.069254,2.629192,2.685691,16.043699,15.520623,15.327821,14.615369,12.605918,10.114561,8.246951,6.900226,9.576828,13.704641,17.934330,4.458495,5.114963,2.524392,2.696727,16.603028,15.666649,15.209331,14.483626,12.707975,10.690840,9.262399,9.250048,10.417856,14.388899,18.998192,5.183596,5.091840,2.643350,2.452481,,14.871045,14.350174,13.719433,12.704079,10.618015,9.701949,10.593415,12.530341,14.627155,18.700988,4.780092,5.542570,2.477301,2.493900,,,15.294274,14.416437,12.764987,10.626670,7.884865,8.539553,12.035866,15.773521,18.715626,4.842005,5.152054,2.458582,2.673279,,,,14.335242,12.970855,10.709115,8.491909,7.051873,10.252370,15.250499,19.559446,4.973099,5.562731,2.556284,2.534192,,,,,11.778220,10.633636,9.076792,8.897083,10.045515,14.275307,19.365586,,,,,,,,,,10.685722,11.303124,11.598823,13.146244,14.978325,19.154583,
5.683718,5.492766,,,19.122053,15.371682,14.962717,14.127654,12.040479,11.073880,,,,,,5.130624,4.601104,2.610145,2.636066,19.481306,17.853399,15.120116,14.319593,12.785515,10.903120,11.683068,,,,,5.305696,5.610036,2.531513,2.446885,19.347032,17.808138,16.714142,14.644266,13.110541,10.974159,9.889368,12.588175,,,,4.679774,5.335615,2.701035,2.631960,18.438275,16.710461,15.313494,14.283359,12.828564,10.823502,9.114413,10.060724,14.557413,,,4.498702,6.008530,2.474353,2.326824,19.382312,17.246719,15.967490,14.192730,12.576134,11.243841,8.730301,8.012742,10.863649,16.178345,,5.584686,5.504370,2.584341,2.654579,17.046876,16.025067,14.419022,13.630878,11.966207,10.741707,11.020251,9.734599,11.024789,14.717613,20.124702,5.167842,4.988422,2.254763,2.833240,16.565931,15.773877,15.560914,14.455245,13.452607,11.054248,9.198774,10.594937,10.742202,14.000660,18.342081,5.160130,5.697077,2.642213,2.427986,17.296910,16.083755,15.286456,14.534100,12.826553,10.960059,8.193049,7.190159,11.021634,13.381380,17.724463,4.939914,5.410991,2.541245,2.688340,20.575653,16.961661,15.993090,14.647464,12.976091,10.623360,8.308283,6.619062,8.482967,13.986145,17.435368,4.976202,5.082250,2.725770,2.614278,20.397550,18.399815,15.408324,14.524687,12.847578,10.840263,9.105307,8.442101,9.393705,12.927784,18.695829,5.430650,5.043289,2.644415,2.701844,,17.862232,16.243651,13.801873,12.728773,10.775085,8.924291,8.986723,10.834362,13.447313,17.557749,4.963609,5.267679,2.627598,2.551570,,,16.207661,14.483665,12.249326,10.441582,8.246740,7.489941,10.284335,14.269320,17.665341,5.548626,5.463013,2.518534,2.546000,,,,14.724177,12.526012,10.383601,8.134435,6.932327,8.707195,13.277043,18.061739,5.237785,4.832190,2.643635,2.725301,,,,,12.236237,10.625451,10.395190,9.802265,10.883089,13.928686,18.761065,,,,,,,,,,10.743301,9.306347,10.625203,11.573314,14.319123,18.265298,
4.975733,5.662472,,,18.882497,15.125007,14.252436,13.361119,12.090894,10.591234,,,,,,5.669366,5.654747,2.438230,2.636342,20.257396,18.347057,15.485396,14.779310,12.979193,10.845833,8.753019,,,,,5.214364,5.410460,2.413717,2.668978,17.645340,17.709016,16.446721,14.353043,13.506997,10.968869,8.989893,8.531952,,,,5.571158,4.998517,2.777647,2.421256,16.216063,15.017385,14.983805,13.548216,11.738618,10.646099,8.204056,8.267426,10.777330,,,4.894165,5.672841,2.495302,2.564506,19.174935,16.033902,15.206718,14.424157,12.191936,10.183930,8.280914,6.446509,9.302822,13.920425,,5.254958,5.314336,2.518634,2.681821,18.216362,16.906108,14.550723,13.910258,12.711020,10.626132,10.012884,9.266147,9.733807,13.812506,18.730086,5.281493,5.245651,2.478526,2.500937,20.857773,18.032699,16.678957,14.461010,12.902197,10.445514,8.208146,9.329952,10.507453,13.228217,18.109945,4.775556,5.615552,2.574835,2.513345,18.381775,18.761727,16.613555,14.864083,12.809551,10.789399,8.152692,7.986709,11.771727,14.587059,17.922195,5.113465,5.908537,2.802010,2.587068,18.690478,16.471944,16.620100,14.697827,12.308788,10.425865,8.621687,7.427741,10.063451,15.066801,18.477799,4.703702,5.011274,2.457832,2.688054,18.545956,16.136588,14.132111,14.118532,12.978202,10.538581,10.095938,9.836949,10.732880,14.624876,19.889377,5.092833,5.552044,2.658218,2.316204,,18.049782,15.735796,13.223336,12.121123,10.806798,7.998186,8.931806,10.661648,13.450821,17.982031,5.523443,4.360646,2.611814,2.384281,,,16.505373,14.738011,12.369926,10.660986,10.508264,8.919663,11.905770,14.932006,18.351422,5.047423,4.742334,2.555954,2.657088,,,,14.306013,12.918060,10.886406,8.944691,10.791432,11.459297,16.040834,19.909211,5.187179,5.055131,2.810152,2.618034,,,,,12.303061,10.724192,9.002175,7.388627,11.154737,13.767228,19.194987,,,,,,,,,,10.689858,9.652225,9.393136,9.320523,14.244710,17.855123,
5.687062,5.236035,,,17.768822,16.026725,13.633766,14.219996,13.556827,10.956930,,,,,,4.969092,5.299610,2.539714,2.340178,18.528970,17.268091,16.039613,13.466967,12.422600,10.567864,8.105528,,,,,5.339978,5.557050,2.558592,2.523855,18.378243,16.149374,15.456865,14.745802,12.530704,10.696804,9.010232,8.696863,,,,5.290703,4.563429,2.630291,2.476860,17.883422,16.789457,14.893420,13.996410,12.931811,10.916525,8.188289,7.638373,10.268170,,,5.075724,5.972811,2.538508,2.412670,19.450823,16.573908,15.862049,13.770143,12.166109,10.510420,9.218152,7.036681,9.208445,13.571627,,5.575378,5.044467,2.520881,2.740503,17.275496,16.208000,13.875571,13.653471,12.034775,10.749662,10.241769,10.931116,10.692273,14.005973,18.523352,5.031657,5.414523,2.412705,2.732045,18.926138,16.484185,15.783426,13.768108,12.826527,10.728528,9.002100,9.427566,12.085278,14.001054,18.339983,5.222111,5.527054,2.653806,2.472631,17.251938,17.726954,15.744986,14.557438,12.469013,10.533694,8.516860,7.822509,10.710469,14.589145,17.704057,4.885002,4.441574,2.595140,2.610905,18.638411,16.062909,16.680427,14.751375,12.760321,10.684623,8.063597,7.571980,9.370836,14.176552,18.312345,5.466623,4.896675,2.481902,2.525596,19.087350,16.171683,13.934691,14.511050,13.015653,10.918886,9.910952,8.530980,10.551434,13.693953,18.894857,4.641101,5.773269,2.614490,2.478486,,18.412642,15.892398,13.314514,12.483012,10.465540,7.893935,8.308827,9.289325,13.475352,17.587968,5.101183,5.302605,2.672082,2.355177,,,16.722037,14.691290,12.227910,10.612085,9.379433,8.038079,10.425647,13.092909,17.753354,4.582780,4.898255,2.511477,2.579212,,,,14.114198,12.654760,10.678436,8.832258,9.782716,10.701298,14.277065,17.775590,5.705356,4.901880,2.545096,2.641125,,,,,10.633787,10.272030,9.820435,9.470610,12.639470,14.674957,18.376832,,,,,,,,,,10.673665,11.333451,11.869510,11.774034,16.069934,19.119794,
5.131874,4.968131,,,21.105481,19.042798,16.248019,14.518882,12.606975,10.949112,,,,,,5.034792,5.173658,2.403502,2.600974,18.295065,16.951672,15.639514,13.512069,12.108918,10.734269,10.803662,,,,,5.404408,5.186308,2.474477,2.729929,17.712241,16.954487,15.898523,15.006072,12.827303,10.522481,8.537722,9.657773,,,,5.880894,5.152966,2.737351,2.588847,16.538711,16.606697,15.808166,14.215397,13.106398,10.747022,7.901166,6.726114,10.045950,,,4.044355,5.161417,2.432300,2.508218,18.245718,15.377019,15.779864,14.565122,12.295007,11.112450,9.453897,7.789734,9.294222,13.883663,,5.952017,5.172064,2.656619,2.848971,17.128913,15.639870,13.183803,13.658693,12.483287,10.527580,10.463205,10.579258,10.691402,13.167340,17.861809,4.894763,5.088730,2.282363,2.586899,18.434499,16.888825,15.649901,13.699198,13.173116,11.116376,8.937526,9.853478,12.152077,14.356299,18.054048,5.024534,5.548911,2.652017,2.412001,18.613743,17.846613,16.255803,14.428942,12.311345,10.635838,8.390902,7.663311,10.690243,14.576082,17.728144,5.044391,5.289240,2.602995,2.499410,18.830843,16.416581,16.182525,14.747891,12.733499,11.321722,9.546757,8.782811,10.529704,14.722531,19.046502,5.251179,4.681670,2.495822,2.686366,21.491639,17.541247,15.449570,14.930507,13.087930,10.579052,9.842450,8.624597,10.153626,13.742976,18.541008,4.908898,4.946966,2.729504,2.623521,,17.966515,14.709636,12.884031,12.107751,10.471545,8.656124,10.215713,11.254091,14.393312,18.389003,5.357818,5.508498,2.429262,2.506330,,,16.919838,14.477528,12.633229,10.773109,8.849348,7.749214,10.985463,13.702942,17.805389,4.885709,4.341991,2.711217,2.606207,,,,14.018478,12.390761,10.768103,8.601935,8.191890,9.642827,14.337880,18.179157,4.704732,5.388240,2.426526,2.543944,,,,,10.845439,10.443333,9.761563,8.760776,10.573630,13.504523,18.577195,,,,,,,,,,11.062053,10.771349,9.922254,8.841330,11.764181,15.706263,
4.750520,5.366469,,,19.149945,18.216293,14.456980,13.271284,10.721329,11.084469,,,,,,5.720685,5.335873,2.446423,2.796434,18.762460,16.548932,16.737022,13.854508,12.515597,10.618928,12.318920,,,,,5.770542,5.470841,2.414637,2.442395,16.455347,15.943189,14.493377,15.111241,12.817948,10.498106,9.395173,12.466535,,,,5.467408,5.436370,2.747234,2.347066,17.368058,15.552552,14.658618,13.199662,12.810108,10.604487,7.295862,7.969125,12.417329,,,4.759671,5.608120,2.624948,2.222228,19.420538,16.555402,15.122761,13.552079,12.121493,10.773692,9.605707,7.172421,10.406058,15.379768,,5.394917,4.461466,2.745640,2.599333,20.619234,17.439007,15.331902,14.028286,11.899341,10.857244,9.480285,10.419406,10.141837,14.491534,19.628276,4.729505,5.200381,2.406983,2.610934,18.721294,17.535800,14.888200,13.632552,12.575851,10.301457,10.440253,10.320265,13.508769,14.860834,19.562895,4.808795,5.133366,2.599055,2.482783,18.180102,17.748862,16.834695,14.147763,12.490164,10.686422,7.876417,8.918529,10.427194,15.020801,17.608402,5.085289,5.971355,2.669881,2.589615,18.925605,15.358315,15.595316,14.881921,12.473898,11.118007,9.634278,8.075823,10.776253,13.900794,18.875747,5.458959,4.787687,2.700108,2.933156,19.154173,17.055245,13.994277,14.246403,13.068604,10.735840,9.485744,8.850252,9.581048,13.443051,17.743158,5.292283,5.137818,2.557856,2.436062,,17.410748,15.963978,13.386264,12.911657,10.923340,9.024080,8.768630,10.150518,13.101512,17.448592,4.633161,5.305519,2.618919,2.436887,,,15.875767,14.530113,12.277990,10.728005,8.295190,8.035325,10.266674,13.569619,17.416890,5.213161,4.730675,2.673173,2.375350,,,,14.398542,12.746281,10.790190,8.419983,6.654996,8.871787,13.107093,17.215464,4.638391,5.061754,2.450001,2.574571,,,,,12.063179,10.596801,9.972547,8.268720,9.035677,12.881184,17.901512,,,,,,,,,,10.839605,11.015989,12.276244,12.021866,13.623466,17.469490,
5.352274,5.462021,,,17.298884,16.615176,15.834230,13.137428,11.395073,10.675259,,,,,,5.347565,4.830497,2.556272,2.399664,16.626089,13.841370,14.109395,13.737297,11.108986,10.948294,10.779815,,,,,5.192395,5.861449,2.054675,2.486780,17.234535,16.316006,14.405199,14.980923,14.079855,10.697289,11.281962,10.736436,,,,5.749658,5.207135,2.472364,2.329137,17.998984,17.749242,16.213099,14.079322,13.266315,11.138757,7.317893,9.127921,10.179506,,,4.752665,5.851727,2.491391,2.451513,19.377471,16.122676,16.385688,14.210395,12.291434,10.679804,8.498848,7.243684,11.265959,14.311216,,5.448346,4.551499,2.691401,2.567236,17.747449,16.126845,13.244611,13.717891,11.386097,10.361261,9.543137,9.213599,10.736534,15.316804,18.834218,5.378522,5.223916,2.209198,2.580865,17.669035,17.056112,15.884120,13.552948,13.478124,10.371891,9.941005,9.205871,10.607487,14.361010,19.184137,4.796222,5.709730,2.710292,2.137067,20.013455,17.068086,16.465138,14.418584,11.720240,10.483909,7.358566,8.627958,10.350904,13.811752,18.108857,4.522844,5.898474,2.532090,2.634300,20.133772,18.820813,16.385556,15.507533,12.688989,10.109567,8.412663,7.045984,10.309706,13.862917,17.951429,4.874878,5.657821,2.432268,2.581962,18.491571,17.106157,16.143833,14.316240,13.521534,10.809575,9.832615,9.513313,10.406390,14.354832,18.306850,4.788171,5.196366,2.744557,2.410375,,17.102119,15.713501,14.305088,12.233201,10.523133,7.497154,8.491140,10.342004,13.179800,17.492139,4.620616,5.410649,2.706992,2.514483,,,15.161595,13.914359,12.366887,10.782444,8.959654,7.332862,10.910463,14.155404,17.601334,5.320998,4.601840,2.590479,2.706706,,,,14.237298,12.595038,10.554549,9.354361,7.869715,8.695728,13.820073,18.017194,4.894952,5.147731,2.719091,2.638076,,,,,12.106313,10.294000,8.506057,9.288691,9.948732,13.025294,18.594840,,,,,,,,,,10.616421,9.748450,9.496142,12.323788,14.282754,17.831344,
6.148127,5.553754,,,17.486731,17.038382,14.669229,14.114532,12.534087,10.974918,,,,,,5.359056,5.146342,2.599875,2.569013,17.852712,15.562909,15.849775,14.122166,12.452943,10.357510,10.090223,,,,,5.128330,5.270318,2.327713,2.567484,18.855449,17.118349,15.151505,15.058590,13.560795,10.675964,8.381074,9.933217,,,,4.852612,4.721253,2.667306,2.253510,18.946107,17.622510,15.683633,13.418420,12.174533,10.871221,7.571744,6.994148,11.130389,,,4.720496,6.192599,2.536103,2.368771,19.274936,16.450176,15.828674,14.253358,12.462302,11.106140,11.104391,8.832816,10.345048,15.322710,,5.154027,4.584105,2.802067,2.671119,18.901424,17.170773,14.921877,14.225465,12.424870,10.793767,9.220449,10.739350,10.403240,13.617801,18.974622,5.240366,4.915191,2.487957,2.749906,16.102976,16.829619,15.611001,13.851551,12.692929,10.621940,9.494154,8.575328,11.865439,13.571397,17.692614,5.202734,5.333392,2.688569,2.531089,16.953617,15.338995,15.844535,14.330560,12.348161,10.104448,7.818807,7.926412,9.439730,13.909573,16.944638,5.064304,5.244982,2.644278,2.511825,20.210025,16.084776,15.148315,14.802694,12.753580,10.626470,7.742519,6.704458,9.154693,13.020713,17.699144,4.655353,4.970909,2.679447,2.721079,20.163725,18.254383,14.505180,14.175450,13.075733,11.077842,9.945164,8.298825,9.737505,13.381148,17.945054,5.314074,5.077590,2.579068,2.417135,,18.203077,16.440059,13.023221,12.888046,10.989111,9.448689,10.000938,10.431403,13.395808,17.459468,5.271509,5.218190,2.705236,2.182529,,,16.724291,14.598046,11.336285,10.701732,7.851311,7.607889,10.616153,13.333190,17.160679,5.149200,5.112777,2.663550,2.633510,,,,14.614346,12.501863,10.328816,10.178585,7.975338,10.144029,14.548442,18.118431,4.885078,4.421421,2.723499,2.556853,,,,,12.689388,10.373034,9.522102,9.954394,9.525506,13.361034,18.348503,,,,,,,,,,10.894214,8.510374,9.344191,10.723290,12.246017,16.837323,
5.555913,5.287418,,,19.891389,17.867563,15.672892,14.352268,12.319064,10.708767,,,,,,5.391505,5.296788,2.393037,2.764692,17.113931,15.901123,14.949642,13.344968,12.347826,10.526599,10.183280,,,,,5.371100,5.757379,2.422212,2.521541,17.385273,16.247630,15.540219,14.854352,12.911898,10.725028,8.155670,8.581454,,,,5.443934,4.725185,2.720053,2.703633,15.818341,15.753473,14.832916,13.889155,12.941192,10.898203,8.492222,7.362065,10.302651,,,4.971814,5.996868,2.216729,2.451530,19.140197,15.905752,16.518376,15.188934,13.400026,11.465499,9.252402,7.228005,8.733477,13.306780,,5.912256,4.937954,2.786940,2.781873,19.020427,16.435138,13.675927,14.326411,12.707501,10.803998,9.640044,9.278118,10.079638,13.160438,17.973757,5.320345,5.331811,2.361112,2.671534,17.369769,18.113212,15.924574,13.577159,13.427232,10.893501,8.576643,8.563121,10.684233,13.990792,18.033227,5.082326,4.998979,2.574695,2.301205,18.106236,16.435416,17.008804,14.591735,12.031871,10.745874,7.933016,6.899948,9.960589,13.696776,17.901462,4.805776,5.732358,2.623349,2.534720,15.416460,15.432645,14.309124,14.656559,12.458565,10.716567,9.421476,8.399568,9.923600,14.477250,18.425842,5.197399,4.648852,2.562127,2.906436,14.859285,15.410922,15.229073,13.995720,13.249425,10.826371,9.460677,8.141391,9.374418,12.731952,18.117917,5.297673,4.950540,2.632514,2.210416,,15.366942,15.309451,14.245092,12.599451,10.638725,8.602607,9.054927,9.464490,12.895468,16.983733,4.551969,5.339093,2.631737,2.446008,,,15.492674,14.465165,12.476579,10.843801,8.356811,8.300302,11.469698,13.593413,17.673130,4.788909,5.285898,2.512480,2.578990,,,,14.751897,13.153023,11.005182,10.485731,9.009600,11.013759,15.354521,17.971031,5.072333,5.104573,2.566170,2.604073,,,,,12.500806,10.558370,9.142976,10.775181,11.327453,14.425822,19.106884,,,,,,,,,,10.898957,10.081190,10.906085,14.335600,15.944779,19.015662,
5.363168,5.433869,,,18.698278,16.826564,14.691146,14.677214,12.233744,10.386323,,,,,,5.497120,5.672795,2.555053,2.623922,17.461651,17.179086,15.985001,14.099484,13.072459,10.894910,8.810239,,,,,5.019671,5.055966,2.401195,2.240570,17.518853,16.928789,16.592877,15.231656,13.136551,10.670959,8.994407,7.865185,,,,5.433139,4.873682,2.846451,2.394473,19.514341,15.506927,14.871546,14.074603,12.638620,10.985492,8.286451,9.135863,10.607901,,,5.080777,5.956664,2.522419,2.589698,20.484730,18.587362,15.201190,14.021221,12.211573,10.359195,9.432251,7.345091,11.028936,14.439480,,5.114365,5.177562,2.808071,2.640917,17.941523,17.533514,16.067328,13.543863,12.261585,10.361138,9.840944,10.984963,10.822471,15.562266,19.344866,4.742000,5.262666,2.403212,2.600820,17.626101,15.321517,15.197470,13.950127,12.392810,10.859575,9.196015,10.605204,13.539966,14.900250,20.029165,5.207254,5.292706,2.807073,2.330428,17.919175,17.490160,15.163640,14.142869,12.166317,10.705364,8.358262,7.197365,10.729874,14.900628,17.474626,5.722623,4.726223,2.445154,2.621617,18.936995,16.890809,17.122649,14.969098,13.176638,10.887424,10.460145,8.483464,9.176959,14.142099,18.786512,5.251317,5.346354,2.525402,2.557855,16.764882,16.319740,14.832558,15.051357,12.952559,10.550594,8.887100,10.797467,11.113363,13.807394,19.337977,4.897786,5.098874,2.674541,2.600465,,16.160887,15.544658,13.842212,13.027137,10.492879,7.415619,7.105925,11.170743,13.641956,17.436497,5.134896,5.163732,2.721235,2.338903,,,15.476323,14.344968,12.420510,10.695193,8.492847,6.449396,8.780287,13.900859,17.425261,6.217517,4.938576,2.393424,2.616702,,,,14.590274,12.747051,10.790602,8.555976,8.099392,8.843878,12.722960,18.000444,5.062752,5.084613,2.577425,2.595304,,,,,11.676963,10.211267,10.144913,9.966796,12.345895,14.659000,18.599199,,,,,,,,,,10.558891,8.666372,9.783997,11.117106,15.036952,18.436983,
4.799672,5.758043,,,17.779209,16.858384,13.629384,13.527899,12.307848,10.441394,,,,,,6.065789,4.969225,2.504497,2.623387,20.735434,17.698380,17.002742,13.533349,12.094955,10.213117,7.971214,,,,,4.716999,5.355736,2.402767,2.502226,19.258248,17.798490,15.611376,15.533841,12.772552,10.850816,10.006116,9.911102,,,,5.646743,5.344514,2.751965,2.560313,19.205795,17.494628,16.252537,14.148807,13.471352,11.006654,8.714206,9.268163,11.520057,,,4.473207,6.038694,2.692756,2.237994,20.632261,16.695802,15.660230,14.345674,12.293031,10.819297,9.541559,8.220891,11.100504,15.320191,,5.773278,5.020220,2.581195,2.636291,19.609781,17.657838,14.195354,13.619278,12.358484,10.845315,9.619626,10.388361,10.830804,14.719768,19.407158,4.707852,5.100407,2.148823,2.642428,19.728358,18.469303,17.110420,14.080801,13.174332,10.956895,9.385372,7.925668,11.109389,13.658569,18.355640,4.942703,5.019195,2.691858,2.480297,17.025328,16.370033,15.151501,13.791426,11.178248,10.577343,9.050687,9.478515,10.504766,14.814209,17.923607,5.462032,5.704342,2.591324,2.729547,17.769273,15.851926,15.816806,14.446755,12.598348,10.027973,8.852544,7.699999,9.959503,12.993138,17.942876,5.015099,5.087052,2.462297,2.560325,16.746931,15.293765,13.981568,14.126792,12.626499,10.715886,9.558314,9.374267,10.315874,14.077597,18.108880,4.942945,4.810794,2.595690,2.700914,,16.768341,15.450932,13.899820,12.838690,10.479313,8.090085,8.556715,9.986570,12.940967,17.485789,4.813343,5.996337,2.558842,2.402606,,,16.014547,14.631369,12.904787,10.972951,8.621122,7.490711,10.685201,13.630917,17.359457,5.109260,4.762455,2.610687,2.676799,,,,14.328536,12.699818,10.952380,8.894323,8.010344,9.498801,14.220961,17.865727,5.753601,4.732323,2.744956,2.755351,,,,,11.714790,10.506540,9.880483,9.608417,11.041908,13.991834,18.921085,,,,,,,,,,10.540645,11.033471,12.435048,14.105895,16.504015,19.674570,
6.064065,5.455496,,,18.915592,16.494798,15.589620,13.949119,12.968520,11.085307,,,,,,5.163771,5.487452,2.477128,2.494127,16.991929,16.257969,14.796300,14.101920,12.330367,10.586256,9.489525,,,,,5.550625,5.462712,2.327262,2.646011,18.068659,17.054050,16.435859,14.932743,13.420839,10.735327,7.834007,7.797733,,,,5.115986,5.020848,2.651499,2.567174,15.891896,15.804650,15.035932,14.082402,12.615902,10.884298,8.861602,7.559269,10.636065,,,5.154315,5.658180,2.365584,2.602902,18.325542,15.787054,15.914427,14.648971,12.679569,10.580006,8.390075,7.653106,8.987353,13.748431,,4.705545,4.961528,2.519925,2.677805,17.579290,15.490068,13.414196,13.814393,12.716675,10.829877,10.074575,9.627085,11.368720,13.969144,18.829443,4.866931,5.247028,2.550480,2.568477,18.878720,17.501520,15.490448,13.211244,12.785722,10.936431,8.619579,9.003478,10.414228,13.991768,17.604808,5.490768,4.979924,2.698597,2.466177,18.488232,17.726258,16.456403,14.332283,11.901336,10.794108,9.023734,7.870911,10.727962,13.814044,18.054666,5.229167,5.266438,2.691403,2.762890,18.754876,16.360663,16.472942,14.950711,12.647494,10.330480,8.897567,8.612681,10.036145,14.659033,18.491010,5.494197,4.716315,2.704364,2.815004,17.886588,16.567203,14.618294,15.026279,13.076659,10.816557,9.354993,8.756672,10.826397,13.961301,19.114307,4.912714,5.245125,2.493931,2.614940,,16.565231,15.471212,13.696037,13.589421,10.987782,9.081881,9.321202,10.462719,14.346758,18.291360,4.674234,6.037776,2.398625,2.237840,,,16.174690,14.551538,12.437818,11.152740,8.150877,7.472225,10.085755,13.043795,17.678647,4.634976,4.461499,2.505213,2.727501,,,,13.905589,12.370901,10.881384,10.116606,8.759091,10.331933,14.174653,17.578559,4.817322,4.755373,2.472037,2.680232,,,,,12.403430,10.159367,8.800849,8.243867,9.106665,12.446673,17.092656,,,,,,,,,,10.868879,9.305521,9.675549,10.906007,13.323629,17.070600,
5.450502,5.246720,,,19.574545,17.268123,14.319675,13.690123,12.306883,10.857350,,,,,,5.160507,5.192291,2.502867,2.703568,19.335788,18.032504,16.612803,14.094538,12.569501,10.848294,9.275747,,,,,4.914475,5.869960,2.394143,2.576572,17.259546,15.948588,15.180545,14.390709,12.565026,10.852407,10.100562,10.198025,,,,5.118853,4.869403,2.713911,2.470330,17.282734,16.614798,15.436434,14.333861,12.776479,10.814590,8.065989,8.182233,10.259382,,,5.140477,6.169266,2.419285,2.508806,19.418763,16.501271,16.257008,14.878575,13.203247,10.827420,9.273156,6.791216,9.153356,13.102141,,5.534179,4.716683,2.495979,2.718213,17.253392,16.162805,13.952443,13.847007,12.506325,10.930347,9.428170,10.023819,10.068221,13.776535,18.104393,5.009641,4.694848,2.456812,2.725673,17.240368,17.281769,16.047421,14.032524,12.736740,10.448692,8.164924,7.423330,10.339449,13.030048,17.677230,5.786940,5.446178,2.658892,2.491406,15.821594,15.608766,15.892969,14.270221,12.598347,10.759049,8.730387,7.713918,9.924512,14.089411,17.637004,4.637065,5.548617,2.597141,2.471538,17.804544,15.306623,15.329535,15.015224,12.415291,10.792760,8.414298,7.764612,9.381303,14.035652,18.577602,5.141214,5.012397,2.649092,2.630545,18.884412,16.504421,14.304446,14.225635,13.401723,10.469724,9.876651,8.725055,10.203694,13.199830,18.351350,5.084006,5.073599,2.723901,2.325302,,17.472673,15.553202,13.323166,12.576095,10.921676,8.056438,9.418027,10.632792,13.756480,17.407087,4.912883,4.740384,2.676172,2.576235,,,15.809618,14.290833,12.162174,10.882371,8.971331,7.728482,11.452864,14.453950,18.102742,4.978109,4.834860,2.762592,2.713328,,,,13.861459,12.590434,10.733951,9.309402,8.278198,9.661460,14.675334,18.508253,4.894497,4.725083,2.761701,2.656086,,,,,11.977977,10.882374,9.644552,8.739098,9.603056,12.920148,18.357648,,,,,,,,,,10.553093,10.427587,10.766805,11.210899,13.523985,17.420870,
6.155967,5.439070,,,18.158647,17.363681,14.894392,14.258197,11.955400,10.872166,,,,,,5.001024,5.404119,2.536115,2.753052,19.047545,16.062237,15.911779,14.199306,12.750516,10.864783,9.691452,,,,,5.508150,5.649391,2.357949,2.396356,19.710682,18.352201,15.718414,15.222806,13.562531,10.948939,9.497034,8.955223,,,,5.117655,5.233485,2.875954,2.362537,19.082367,17.601142,16.076079,13.465910,12.173289,10.786431,7.999637,8.973499,11.045315,,,4.450639,5.157685,2.646417,2.507672,18.601708,16.216660,15.720295,14.267755,12.202371,10.601662,10.407754,8.815821,12.004418,15.345892,,5.450610,4.800185,2.714849,2.552402,17.171945,15.635460,13.631267,13.587378,11.995933,10.605514,9.249297,10.770632,11.141697,15.444381,19.367207,5.356554,5.140251,2.293155,2.576310,18.809804,15.924497,15.104027,13.378183,13.085670,10.615808,9.651480,8.278017,11.393735,13.856028,18.930788,5.508952,5.811629,2.740533,2.266239,19.223449,17.805568,15.349261,14.011734,11.619621,10.360946,7.543298,8.228041,9.128736,13.820831,17.595235,4.706411,5.444077,2.480336,2.861119,19.562206,18.212114,17.178213,15.009142,12.933940,10.065375,8.218049,6.775803,9.970817,12.965866,18.116812,5.730692,5.184895,2.720628,2.587790,16.750681,16.961966,16.130851,15.090569,13.221316,10.931628,8.830092,8.529034,9.690201,13.872143,17.379517,4.952756,5.213845,2.744080,2.546535,,14.854560,14.711511,13.971308,12.405723,10.833601,8.662793,8.738603,11.112657,14.187900,18.674983,5.115860,5.316387,2.628931,2.614936,,,14.939405,13.794038,12.578778,10.214603,9.032070,7.831141,10.380342,14.465450,18.177056,4.759210,5.338361,2.665544,2.484802,,,,14.200826,12.087884,10.851277,8.761979,9.536676,10.602580,14.626726,19.298584,5.164481,5.381980,2.361021,2.627991,,,,,13.205778,10.940195,10.807291,10.364501,12.926215,15.056563,19.300662,,,,,,,,,,10.627704,8.015699,9.383547,11.329260,15.423798,18.504607,
5.111936,5.093083,,,20.582280,19.156027,15.435003,14.344744,12.133010,10.609840,,,,,,5.484872,5.645231,2.486743,2.583641,19.960029,16.818384,16.243594,13.094726,12.085235,10.668113,9.437866,,,,,5.026122,5.181951,2.298801,2.584522,19.917439,18.216551,15.696182,15.401280,12.733158,10.561727,8.987345,7.688395,,,,5.994971,4.505548,2.735207,2.324823,18.672882,18.013137,16.192814,13.638418,12.655779,10.380628,7.468855,7.293867,8.350095,,,4.220333,5.645749,2.655847,2.192657,18.843069,14.956622,15.202584,13.736830,12.003638,11.188491,10.730911,8.712455,10.941935,13.424868,,5.365193,4.822501,2.765353,2.635316,19.437045,17.155864,13.799692,14.110538,12.450937,11.057267,10.029503,10.960516,10.171863,13.754082,17.053294,4.909283,4.742743,2.490505,2.711641,18.532105,17.504375,15.610631,12.873887,12.715155,10.812142,10.207750,9.678309,12.466777,13.518392,18.125514,4.798172,5.469268,2.534093,2.349741,18.728495,17.900240,16.857824,14.561530,11.833147,10.470261,8.371719,8.978119,10.108390,14.097929,16.609598,4.579242,5.659122,2.859573,2.469775,18.823055,16.269412,15.930533,14.728119,12.285027,10.365663,8.930660,8.374672,11.056147,13.841917,18.073025,5.176678,5.401192,2.550062,2.659260,17.086727,16.247108,14.135005,14.101864,12.717563,10.433565,10.018956,9.407520,10.735939,14.520804,18.090336,4.936619,5.073063,2.550471,2.572915,,16.901782,15.906506,13.735443,12.883060,10.439344,7.846397,9.114111,10.021344,13.206604,17.705315,4.657453,5.526863,2.673425,2.385449,,,15.806158,14.370687,12.260799,10.967494,8.452578,7.603710,11.340359,13.852254,17.618461,5.031020,5.016741,2.510636,2.751769,,,,14.323500,12.308072,10.459751,9.287196,8.034814,9.845588,14.804806,18.111459,5.572679,5.037197,2.702976,2.574723,,,,,11.601841,9.889823,9.766546,10.517763,11.445790,14.502018,19.578908,,,,,,,,,,10.542481,8.576894,9.999591,12.176900,14.877654,18.961957,
6.350100,6.302670,,,17.115026,15.490902,14.477877,14.222431,12.264937,10.595074,,,,,,6.001380,5.519753,2.458591,2.491314,17.056172,15.182881,14.852806,14.099368,12.880596,10.912568,8.129257,,,,,4.845242,5.707083,2.275639,2.422927,17.205120,16.688393,15.400373,14.959494,13.531057,10.734419,8.901147,6.934251,,,,5.386516,4.754972,2.751908,2.521760,17.064330,16.255538,15.568593,13.974676,12.781762,10.875532,7.651800,7.858468,9.298620,,,4.930321,5.969119,2.748922,2.526485,18.127044,15.145262,15.082900,14.008722,12.210669,10.557676,8.938432,7.153619,10.488190,14.061417,,5.548610,5.027583,2.599486,2.764727,17.964813,16.098908,13.812760,14.023741,12.432571,10.669394,9.276855,9.065548,9.881092,14.518771,18.655350,5.247733,5.227748,2.456570,2.619353,18.276461,17.524584,15.844941,13.767307,13.161703,10.437950,8.600474,8.227733,10.316381,13.590374,18.673420,5.379172,5.656100,2.731344,2.300720,16.873828,16.916904,16.422034,14.430243,12.314042,10.951277,8.072388,7.999797,10.510754,14.107301,18.010495,4.975636,5.471324,2.501158,2.666457,18.818361,16.103049,16.436863,15.722413,13.171650,10.952030,8.930941,7.233955,9.819258,14.344430,18.439364,5.442791,4.848759,2.712417,2.797000,19.637417,17.166618,14.665443,14.640897,13.557438,10.810359,9.416358,8.575512,9.640449,13.672136,18.711675,4.966704,4.681055,2.739582,2.444196,,18.078690,15.890239,13.320225,12.366605,10.781834,8.366415,9.029723,10.637639,13.716951,18.177873,4.730895,5.509051,2.708954,2.556815,,,16.548241,14.519616,11.998132,10.298633,8.834319,8.127499,11.216523,14.503115,18.129946,5.575743,5.448861,2.690231,2.640536,,,,14.734749,12.778629,10.559404,8.687025,8.428977,10.107491,14.591682,18.661449,5.362653,5.077418,2.597405,2.730459,,,,,12.058577,10.923194,10.369273,10.003715,11.771936,14.869224,19.746338,,,,,,,,,,10.461310,9.484264,10.234073,11.304211,14.538802,18.492332,
5.663892,4.934408,,,18.561744,14.695392,14.750045,13.998548,12.098864,10.699341,,,,,,5.242026,4.842190,2.345224,2.363150,18.570032,17.418343,14.641531,14.528267,13.200150,10.711843,10.682245,,,,,5.433849,5.306817,2.384228,2.494063,19.149449,18.135467,16.863683,14.359072,13.073775,10.692903,7.892524,9.583738,,,,5.221936,5.157217,2.713889,2.542491,16.560540,16.158110,15.270289,13.996282,12.481548,11.006726,9.310902,8.580454,12.426877,,,4.934613,5.797555,2.618553,2.319710,18.008638,15.654918,15.600735,14.247345,12.321771,11.370976,9.363629,8.679734,10.281880,15.057123,,5.338367,5.091115,2.607519,2.567295,17.057486,15.591753,13.965644,14.100040,12.596504,10.748216,11.457325,10.422473,11.653723,14.524811,19.398133,5.064173,4.977563,2.640260,2.685669,17.632901,16.184119,14.794163,13.361802,12.633918,10.466980,8.667277,11.242633,11.901382,14.970301,18.609822,5.088168,5.715004,2.498821,2.405238,19.196465,17.594824,16.388642,14.513072,12.781779,10.823292,8.266543,7.550839,12.042636,14.480728,18.541778,5.510377,5.204154,2.659797,2.574445,21.019534,17.746603,16.704470,15.274329,12.808648,11.011093,8.651394,7.520766,9.561412,15.137102,18.511430,5.131613,4.985361,2.614604,2.804614,19.223177,17.814890,15.444811,14.859290,13.329954,10.788014,10.001402,9.091271,10.613569,14.230612,19.986058,5.000626,5.223687,2.691235,2.549957,,16.743689,15.451019,13.564210,12.734697,10.852097,8.610580,9.515641,10.970524,14.181251,18.332329,4.417620,5.625919,2.657670,2.490434,,,16.097415,14.327799,12.383631,10.661838,8.289362,7.085062,10.058372,13.611237,17.586569,4.034748,5.710804,2.311916,2.559816,,,,14.897746,12.647198,10.929673,9.078197,7.635993,8.774318,13.062651,17.445724,4.944371,5.168188,2.754559,2.700601,,,,,11.820638,9.653625,9.269364,9.153384,9.889729,12.277838,16.796719,,,,,,,,,,10.988351,9.241551,10.612292,11.752255,13.754876,16.891309,
5.192074,5.289392,,,15.027452,14.764193,15.607521,14.449925,12.399598,11.225992,,,,,,5.148257,5.316533,2.529173,2.709629,18.022132,15.350640,15.197344,15.113153,12.788373,10.365858,8.459005,,,,,5.660918,5.287558,2.446930,2.534990,17.905333,16.407636,14.323581,14.294129,13.592554,10.936024,9.682206,9.008449,,,,5.164552,4.986243,2.506175,2.370306,17.443322,17.694457,16.005934,13.796086,12.666406,10.621893,7.658647,8.494789,10.329644,,,4.700095,5.532396,2.653199,2.483870,18.141516,15.312452,15.962701,14.116425,12.200117,10.796551,8.639602,7.735131,11.252883,14.630240,,5.853768,4.953549,2.576273,2.682074,17.556722,15.098144,12.772149,13.511100,11.743226,10.696623,10.084514,9.271928,10.801944,15.226213,18.971094,5.364048,4.882214,2.205692,2.734928,18.328774,17.456891,15.671831,13.807893,13.342490,10.796211,9.949166,9.373549,10.089755,13.838765,18.883757,5.349788,5.818476,2.715134,2.245471,17.615041,16.586170,15.715407,13.952981,12.091009,10.540225,8.400656,9.480182,11.242554,13.875356,18.104034,4.938036,5.289730,2.791492,2.477878,18.889164,16.091684,15.391184,14.067648,12.162952,10.369209,8.049572,7.752528,11.132048,14.770583,18.238704,4.811333,4.501291,2.643594,2.848666,18.133390,17.331841,15.198370,14.494484,12.625220,10.761618,9.589139,7.790344,9.942879,14.426497,18.881785,5.521469,4.800710,2.561510,2.636762,,17.298208,16.298186,14.531306,13.296833,10.742543,9.114049,9.216797,9.378140,13.140062,17.978368,4.985097,5.160072,2.703778,2.467897,,,15.919924,14.161839,12.649478,10.844392,8.203796,8.194915,10.867502,13.437868,17.657930,4.433077,4.778647,2.718145,2.511927,,,,14.385658,11.831375,10.749148,8.995572,7.671414,9.922489,14.165915,17.772742,5.195906,5.101136,2.506023,2.505017,,,,,13.089957,10.527079,10.754364,10.191445,10.599692,13.792554,18.397549,,,,,,,,,,10.530518,8.022400,9.937835,11.351653,13.665938,17.551273,
5.252294,4.640541,,,18.245758,17.672290,16.483489,13.602581,12.191633,10.563140,,,,,,5.921269,5.207602,2.305279,2.653699,17.067242,14.331004,14.245707,13.453676,11.548959,10.616574,9.692056,,,,,5.763139,5.340188,2.333629,2.580623,19.286615,17.617350,15.356694,14.708662,12.877872,10.785690,8.634622,7.540866,,,,5.303117,5.267898,2.571143,2.499858,18.073777,17.276541,15.994581,14.068578,12.853191,10.798971,10.223076,9.448314,10.461889,,,4.685305,5.565235,2.781971,2.534669,17.858917,15.811431,15.500520,13.988077,12.162224,10.313608,8.744702,10.508387,11.921464,14.479284,,5.019044,4.675814,2.774045,2.598382,17.097300,15.360061,13.862436,13.753245,12.090545,10.741251,9.051437,9.140162,12.836252,15.584093,18.684774,4.996648,5.321107,2.433259,2.663389,18.465148,16.167893,14.970874,13.740615,13.109239,10.820095,9.815375,8.485968,10.507577,15.395468,19.161498,5.310342,5.778427,2.600212,2.394684,17.993680,17.634595,15.735923,14.182918,12.472394,10.886599,8.431368,8.772883,9.661483,13.536212,18.703923,4.427304,5.444261,2.746038,2.682360,17.056083,15.975952,16.091687,14.383901,12.398433,10.560145,8.907061,8.202653,10.860184,13.786054,18.237617,5.001414,5.282044,2.622697,2.755529,17.578466,15.198459,14.413475,14.577777,12.991908,10.832988,9.499815,8.950711,10.456174,14.186189,17.818872,5.225730,5.121162,2.651761,2.610939,,16.722719,14.652146,13.429591,12.782982,10.905951,8.549245,8.438704,10.143600,13.612609,17.840879,5.291148,5.280340,2.575770,2.439746,,,16.225549,14.124554,12.079540,10.342438,8.603023,7.440710,9.902809,13.707489,17.880841,4.755327,5.087012,2.489672,2.795650,,,,14.449063,12.733300,10.654460,9.065803,9.349748,10.708335,14.577454,18.881338,5.553255,4.943192,2.508794,2.644794,,,,,11.419065,10.467894,9.417202,9.593497,12.060894,14.725351,18.853107,,,,,,,,,,10.700305,9.536171,8.651142,9.954372,14.102057,18.101056,
5.129391,5.232485,,,20.213315,18.001894,14.889678,13.322095,10.700105,10.476677,,,,,,5.778088,5.161056,2.539943,2.641975,19.889803,17.558075,16.435373,13.993742,12.339763,10.307788,9.638825,,,,,5.272668,5.380507,2.448357,2.526100,17.726968,17.149017,15.480133,14.918320,12.826248,10.580746,9.486194,8.999552,,,,5.352023,5.072117,2.809326,2.578641,19.196301,16.493289,15.791440,13.983039,12.860212,10.689307,7.981775,8.586961,9.731268,,,4.742758,5.785384,2.599301,2.458308,19.932653,17.452687,15.523468,14.497663,12.650321,11.188352,9.771311,8.100951,10.984622,13.579893,,5.408422,4.908861,2.814538,2.822526,18.970707,17.321649,15.323779,13.841908,12.414601,10.836587,9.906510,10.309478,10.760070,14.819737,18.078853,4.681375,4.844170,2.606487,2.609557,18.455014,16.475354,15.194196,13.475230,12.291584,10.313283,9.437422,9.899988,12.498016,14.811357,19.424405,5.139930,5.682931,2.599832,2.394979,19.068418,17.621322,15.965027,14.407269,12.202138,10.673388,8.146386,8.309808,10.619325,14.647772,18.042011,5.053744,5.877845,2.684233,2.801961,18.775286,16.084689,15.688233,14.258306,12.522552,10.453015,9.795985,8.411971,10.753066,14.643764,19.132066,5.607188,4.892582,2.629513,2.721467,18.328188,16.724185,14.565314,14.598171,12.872052,10.629055,8.767274,9.530181,10.155964,13.986012,18.781442,5.456567,5.173492,2.569339,2.629631,,16.620678,15.043938,13.117105,12.835613,10.736109,8.457586,8.409911,11.608186,14.126637,18.569993,5.159708,6.339969,2.599526,2.325969,,,16.158440,13.939003,11.735607,10.378499,8.223249,7.249947,10.247538,15.090195,18.392477,5.284483,4.806211,2.785719,2.771712,,,,14.628337,12.204783,10.564690,9.642847,9.303439,10.603402,14.938689,20.079665,4.856422,4.860113,2.454293,2.742778,,,,,13.263388,10.740344,10.084482,10.374256,12.163265,14.922596,19.809897,,,,,,,,,,10.540530,8.428027,9.485759,12.025895,15.312947,18.606161,
5.579860,5.315931,,,19.047854,18.522641,15.526374,14.068595,12.387783,10.623956,,,,,,5.201880,5.074111,2.562470,2.549367,17.646902,17.452039,17.208375,14.745378,12.466698,10.943174,10.849737,,,,,5.000829,5.151234,2.609323,2.622311,16.822982,15.812258,15.533263,14.950028,12.999937,10.150840,9.470923,11.597228,,,,5.493767,4.699024,2.873390,2.333918,18.977581,16.300444,14.943622,13.819631,12.218263,10.660124,7.568920,8.480779,12.590183,,,4.645962,5.699666,2.475793,2.286114,21.354220,17.919480,16.150311,14.434855,12.475558,10.003895,9.743504,7.941462,10.934835,16.030516,,5.165437,5.028095,2.788121,2.688819,20.771244,18.630484,15.747402,14.519954,12.561560,10.368121,8.422037,10.254940,10.669084,14.744779,19.920983,5.411779,5.392351,2.525216,2.674110,19.913527,17.880101,16.117647,13.722084,12.831737,10.552229,8.478535,8.304927,12.075038,14.324428,18.943771,5.118242,5.663985,2.765586,2.368546,18.117733,17.992648,16.304764,14.193313,11.572357,10.236858,7.669022,6.861757,9.773334,14.310433,17.608327,5.335729,5.679578,2.692147,2.843458,17.996240,15.105287,15.706191,14.496114,12.418711,10.441247,9.783634,8.584106,9.908503,14.180820,18.710840,5.120864,5.064448,2.529755,2.741982,16.909545,15.676731,13.521666,14.173303,12.929140,10.628493,9.506614,10.039834,11.044525,14.037298,18.976421,4.776716,5.287597,2.577315,2.522856,,16.270846,15.405561,13.408211,12.941602,10.930194,8.267841,8.447916,10.824000,13.887707,17.799144,4.929438,5.295605,2.604423,2.404997,,,15.356761,14.385791,12.448656,10.911834,8.804701,7.320208,10.064178,14.064588,17.905255,4.995224,4.967335,2.488863,2.441083,,,,13.727619,12.398564,10.734185,8.599982,7.886334,9.137216,13.664826,18.385554,4.666085,4.967904,2.752071,2.589567,,,,,11.211955,10.597557,10.648426,9.818650,11.370869,13.840523,18.544331,,,,,,,,,,10.428509,9.955802,11.257022,11.377334,14.388578,17.747000,
5.445530,5.300614,,,20.454101,18.030398,14.362988,14.059230,12.882160,10.733781,,,,,,5.332643,5.269458,2.461583,2.514923,20.573603,19.021555,17.300799,13.956638,12.837333,10.835168,8.978892,,,,,5.333247,5.674225,2.688325,2.537403,19.599783,16.991259,16.003262,14.719031,12.005038,10.571211,9.031610,9.450122,,,,5.797395,4.766933,2.742655,2.418508,17.780238,17.373430,15.247060,14.351880,12.806451,10.683538,8.487828,7.886845,10.802792,,,4.424294,5.846710,2.510255,2.400140,17.523272,15.787166,15.799441,13.896558,12.715114,10.806030,9.981831,8.244512,9.963626,14.555243,,5.148599,5.067142,2.613981,2.625399,17.905593,14.654404,13.255630,13.269058,11.775599,10.971202,10.090817,11.174432,11.173661,14.025552,18.818073,4.943826,5.430977,2.358585,2.762054,19.765930,17.819149,15.046520,13.752140,12.777037,10.925491,9.599674,9.270965,12.131693,13.844138,17.818040,5.321020,5.744170,2.652305,2.428668,18.784478,18.260865,16.705946,14.011720,12.317717,10.452901,9.217667,9.069328,11.132747,15.150661,18.007269,5.476988,5.698328,2.647916,2.595351,18.367730,15.553094,15.765127,14.566987,12.227800,10.672381,8.975285,9.985443,11.913186,15.599236,19.834484,4.843738,4.891015,2.655274,2.829153,19.307765,16.547612,14.218544,14.299650,12.878326,10.635395,8.995550,8.189552,11.629209,15.211094,19.839304,4.976303,4.710412,2.612873,2.590234,,18.145078,15.909334,13.579564,12.794279,10.984067,9.151032,8.374294,9.702831,14.506386,18.802251,4.749479,5.956817,2.673258,2.447924,,,15.863749,14.177467,12.156625,11.041556,9.857363,9.871493,11.213910,14.089264,19.181098,4.958932,5.497840,2.611987,2.664629,,,,14.398561,12.796221,10.743263,9.122271,9.042794,11.109612,14.253360,18.115767,5.369854,5.244456,2.602167,2.660660,,,,,11.903831,10.927939,9.992463,9.568970,11.443620,14.864069,18.782933,,,,,,,,,,10.752187,9.541922,9.308598,10.109434,13.588788,17.915727,
4.632126,5.034341,,,20.559053,18.712394,15.776948,14.534450,11.372734,10.669584,,,,,,5.010799,5.621462,2.410085,2.528225,19.746027,17.062440,16.195336,14.101226,13.107021,10.599239,11.711498,,,,,4.696612,5.374400,2.698287,2.429419,19.104114,17.502370,15.253264,14.648555,12.561885,10.752916,8.572467,11.272448,,,,5.296979,5.791825,2.643215,2.518243,18.905575,17.804674,16.277090,14.122931,13.119365,10.864885,8.385354,7.585264,11.741918,,,4.848404,6.290734,2.453994,2.447674,19.502992,17.597965,16.837214,14.915867,12.547962,10.727027,8.781903,6.909814,9.287980,14.236623,,5.813621,4.990104,2.629182,2.786303,16.324711,16.028245,14.557293,14.218582,12.458143,10.882512,10.130947,10.421533,10.469418,13.975957,18.975748,4.955255,4.722193,2.334902,2.746381,16.126335,15.532650,15.395222,13.985589,13.231893,10.952888,9.784903,9.660817,12.251659,14.290186,18.821443,5.112184,5.403814,2.708672,2.412476,17.576912,16.053130,15.209071,14.117974,11.955830,10.464984,8.215655,8.571709,10.855859,15.188795,18.184188,4.892691,5.693886,2.624532,2.797895,18.593958,16.215456,15.415951,14.376934,12.563509,10.389369,9.199056,8.552745,11.136328,15.059398,19.904766,5.118759,5.125367,2.648726,2.566671,18.027336,17.288708,15.261490,14.682589,13.059698,10.459883,8.764157,8.953485,10.559090,14.516432,19.317309,5.650441,4.945129,2.553729,2.582413,,16.714855,16.196616,14.144563,13.394805,11.092688,8.070272,8.163820,10.692516,13.918465,18.384717,5.021030,4.775121,2.556156,2.420518,,,16.031792,14.902471,12.333116,10.996097,8.214616,6.200130,9.614078,14.084613,17.854169,4.952829,5.216683,2.588339,2.974645,,,,14.255600,13.079975,11.073708,10.452711,9.046887,9.524977,14.178139,18.949772,5.124161,5.132507,2.908105,2.514729,,,,,11.998433,10.438835,9.304361,9.965783,10.716175,13.129715,18.279113,,,,,,,,,,10.750832,8.682173,8.925972,10.992722,13.584068,17.114032,
5.240980,5.194678,,,20.155871,16.959164,16.392783,14.365537,12.908141,10.754418,,,,,,4.767604,5.693392,2.687068,2.214763,19.439090,18.214088,15.303330,13.990803,11.318043,10.751065,8.630205,,,,,5.264902,4.951252,2.291751,2.494342,17.795215,17.100687,16.567853,14.610478,13.326123,10.978760,12.219330,10.954971,,,,5.190205,4.886359,2.749679,2.520601,15.830378,15.580186,14.735821,14.036453,12.437647,10.502759,8.567423,11.749661,12.321674,,,5.231710,5.051361,2.394860,2.335134,17.986211,15.873894,15.882993,14.339584,12.915396,11.250497,8.293856,7.046414,11.616275,13.959588,,4.771304,4.358382,2.624285,2.580633,16.578878,15.615532,13.867696,14.030521,12.251102,10.898091,10.641192,8.767150,10.070525,15.432598,18.655619,5.353303,5.011925,2.371866,2.810533,18.355774,16.774299,15.880322,13.874963,13.310904,10.722267,9.018019,9.897690,9.520886,12.652321,18.245329,4.833302,4.960523,2.745187,2.357575,18.173375,17.326003,15.659075,14.243021,11.776491,10.549410,8.097700,7.724463,11.035380,12.830997,16.784307,5.534130,5.431348,2.677528,2.858660,18.685238,16.126140,15.893202,14.442612,12.985786,10.977444,10.053772,9.144729,10.530214,14.868283,17.369716,5.065875,4.782635,2.474921,2.629238,16.843050,15.997785,14.165593,14.163022,12.664207,11.145570,10.247030,10.508127,11.914537,14.709619,19.470345,5.226019,5.094694,2.597629,2.741296,,16.472462,15.465040,13.532430,12.734729,10.445139,8.507779,8.910396,10.770938,14.026433,17.625115,5.067833,4.590115,2.715227,2.482999,,,15.422490,13.935184,12.027055,10.684174,8.560002,7.846845,10.811126,14.214770,18.168962,4.581208,5.259461,2.772711,2.666019,,,,13.981965,12.105303,10.760601,9.626198,9.125844,10.517112,14.849975,18.840964,5.257476,5.334297,2.560605,2.615457,,,,,12.935996,10.563448,9.939080,9.488857,10.900573,13.725344,18.613968,,,,,,,,,,10.666884,8.295272,9.533227,10.908922,14.188317,17.830872,
5.396456,5.643872,,,16.792085,15.019040,12.699758,13.884432,12.722507,10.420683,,,,,,4.746901,5.744429,2.422323,2.480453,18.348728,17.816911,16.155830,13.576297,12.903840,10.663770,8.308997,,,,,5.030669,5.492670,2.492726,2.262603,17.476214,17.860223,16.915071,15.248432,12.814592,10.916342,9.073686,8.848232,,,,4.610542,4.719072,2.772607,2.362653,18.732370,16.698274,16.300455,14.531087,12.670605,10.729115,8.278519,8.656906,11.294202,,,4.903150,5.829358,2.657381,2.552915,19.633476,17.354083,15.604136,14.523479,12.223631,10.851031,10.267900,8.610228,11.382791,15.220495,,5.298988,4.880372,2.676432,2.625806,19.199714,16.529308,14.902587,13.873581,12.593332,10.607469,11.114256,12.475868,12.317373,16.052113,19.976456,4.695498,4.925804,2.465379,2.550216,17.837956,17.049045,15.114275,13.689449,12.819728,10.741846,8.997474,11.384874,14.447829,15.846975,20.394688,5.450485,5.434507,2.689381,2.340865,17.991832,17.022738,16.353311,14.395709,12.247226,10.833608,8.031031,7.214461,11.494697,15.582285,18.349416,5.122849,5.725366,2.543871,2.827523,18.913892,15.571659,15.533412,14.817689,13.028027,10.621569,9.588512,7.589157,9.392248,14.892048,19.274521,5.124755,5.246168,2.846221,2.624180,20.068784,17.093597,13.919718,13.865220,12.538011,10.757076,8.652191,9.164598,9.523451,13.087787,18.889417,5.223231,4.861680,2.482292,2.592776,,19.005190,16.316192,13.301392,12.755726,10.680181,9.216975,8.443230,10.958728,13.192280,17.405222,4.783076,5.835936,2.581207,2.372876,,,17.246418,14.577751,11.568398,10.285876,8.082331,8.473628,10.581452,14.729036,17.654381,5.143415,5.104490,2.697868,2.704589,,,,14.729590,12.676316,10.752031,10.284169,9.516898,11.885215,15.111503,19.481059,5.074557,4.444321,2.604808,2.885765,,,,,12.037684,10.590511,10.024405,10.589784,11.680972,15.514120,19.548543,,,,,,,,,,10.454334,9.086040,9.430974,10.661981,13.386240,18.144889,
4.720233,5.694400,,,19.764835,18.711577,16.484001,14.719388,11.954813,10.679642,,,,,,5.048362,5.265518,2.563422,2.517585,18.191016,16.074410,15.532153,13.975059,12.483072,10.916336,10.225077,,,,,5.426952,5.522069,2.441810,2.495958,16.985867,16.384617,14.972757,14.467298,13.054675,10.877426,10.107233,9.379775,,,,5.200442,5.317802,2.678357,2.487196,16.789959,16.460514,15.841877,14.192729,12.646203,10.759038,7.895415,8.753202,9.712253,,,5.360102,5.424650,2.490527,2.591660,19.461037,15.844261,16.036089,14.998296,13.016486,10.605419,8.978648,7.168045,10.504733,13.310810,,5.424564,5.455384,2.766770,2.607682,19.291728,17.067552,13.810357,14.033003,12.534719,10.767514,8.742581,9.343766,10.380871,14.933932,18.460263,5.362246,4.968552,2.402972,2.631434,19.932069,18.527468,16.505039,13.394571,12.911956,10.543877,8.993860,8.145118,11.162941,14.274540,19.250763,5.200618,5.085344,2.750644,2.364870,18.336554,18.474096,17.133782,14.621271,11.401609,10.090662,7.660988,8.226929,10.321797,14.832772,18.548397,4.463802,5.920771,2.668316,2.655310,18.170691,15.739637,16.485508,15.338804,12.787850,10.480581,9.325515,8.494298,11.464952,14.942094,19.724718,5.292860,5.621614,2.515204,2.639690,17.255256,16.397924,14.418579,15.023374,13.617390,10.850150,9.619579,9.182183,10.339020,14.639297,18.718049,5.127566,4.929191,2.486449,2.554937,,16.825306,15.636478,13.404636,12.752503,10.498361,7.483325,8.384161,9.952379,13.186623,18.143696,4.943480,5.439110,2.750773,2.387493,,,14.662675,13.370866,11.648592,10.700728,9.081104,8.291615,11.883846,14.590479,18.199912,5.247769,5.325321,2.616131,2.541693,,,,14.296171,12.353133,10.762542,9.087382,8.456473,10.196757,15.254396,18.798830,4.329061,5.087083,2.510596,2.617086,,,,,13.050458,10.721553,10.127814,9.191305,10.774717,14.370623,19.836483,,,,,,,,,,10.889668,8.895067,10.079144,10.966282,13.929521,17.965851,
5.559969,5.043909,,,16.715491,15.572074,14.781945,13.990735,12.420684,10.764524,,,,,,5.129002,5.511790,2.546948,2.636829,17.994744,15.391821,14.994948,14.102387,12.657843,10.558581,9.489430,,,,,5.168958,4.912359,2.427354,2.640294,18.504625,17.742380,15.555345,14.996323,13.260112,10.817896,8.267458,8.484191,,,,5.329511,5.299521,2.656018,2.596322,16.121641,17.423055,16.500791,14.292832,13.186015,10.763197,8.059875,7.111280,10.027616,,,4.425006,5.023546,2.670583,2.511556,16.030904,14.921486,16.030471,14.556184,12.341522,10.824858,8.493913,7.227974,9.538491,13.916784,,5.078488,5.150494,2.728406,2.758828,15.512512,14.410335,13.426368,14.111002,12.372719,10.754259,9.781379,8.982760,9.850954,13.504657,18.060148,5.233031,5.346869,2.417426,2.557132,18.281922,16.520555,15.262308,13.848054,13.136211,10.487550,9.303236,8.927279,10.187695,12.979758,17.550308,4.955331,5.625357,2.646463,2.300099,19.012009,17.631172,16.032554,14.262689,12.481965,10.771953,8.555102,9.648714,11.400067,14.394366,17.731646,4.832955,5.354127,2.680608,2.640556,18.564670,17.771358,16.752807,15.047718,12.675597,10.736678,8.690191,8.436564,11.825286,15.036161,18.625763,5.443958,5.225533,2.606387,2.779200,18.060170,16.536919,16.079332,15.201783,13.415215,10.774351,9.476365,8.579414,10.894365,15.314483,19.093703,5.439346,4.690564,2.711337,2.652796,,15.983357,14.655748,13.857822,12.651248,10.700267,8.277078,8.878563,10.594266,14.624836,19.190376,4.824810,5.028264,2.536236,2.588234,,,15.794019,14.096591,12.281497,10.239416,8.113066,6.878871,9.967453,13.824645,18.395806,5.271669,5.114156,2.604688,2.689060,,,,14.298494,12.706154,10.774045,9.286262,8.762712,9.972411,14.194970,18.519866,5.262709,5.068050,2.672022,2.669902,,,,,12.040529,10.425410,8.800861,9.004881,10.850807,13.940232,18.710827,,,,,,,,,,10.902029,10.605443,10.698424,12.733367,15.613193,19.060328,
5.368689,5.693826,,,17.795874,15.797189,14.230658,14.150879,12.756014,10.910820,,,,,,5.088342,5.353645,2.483733,2.650530,18.648960,16.214640,15.136788,13.703962,12.715783,10.853557,8.981619,,,,,5.026274,5.640626,2.379881,2.502803,19.685806,18.089704,16.243723,15.032108,12.997378,10.485438,8.049591,7.134254,,,,5.329047,4.904085,2.717327,2.578682,17.663489,17.528674,15.817189,14.240151,12.826794,10.731452,7.887188,7.278752,9.575254,,,4.375991,5.963918,2.367803,2.536084,19.319103,16.571233,16.232080,13.873884,12.204102,10.257714,8.445664,6.654634,9.241776,13.593347,,5.839148,5.046650,2.633784,2.640483,17.094428,16.009506,13.708152,13.579344,11.549710,11.018882,10.504392,10.420692,10.363991,13.592144,17.904740,5.279140,5.294472,2.394753,2.790159,18.155912,16.409176,15.354983,13.724008,12.990208,10.685095,10.920029,11.336791,12.875034,14.586094,18.748135,4.263762,5.446798,2.545487,2.377964,16.782633,18.050146,16.151356,14.358447,12.610929,10.859739,8.817767,10.470957,12.906309,15.978004,18.854648,3.622397,5.443884,2.421385,2.543594,17.746260,16.456623,17.293494,15.017098,12.542750,10.777373,8.721518,8.211441,11.535034,15.494569,19.123653,5.809527,4.393934,2.530298,2.629194,15.753289,15.595492,14.542362,15.228344,13.133861,10.736671,10.172010,9.349829,10.668186,14.692218,18.961552,5.391976,4.732948,2.569037,2.671360,,15.782426,15.241204,13.621062,12.877948,10.256354,7.440323,8.457643,9.827639,13.530374,18.320938,4.731943,4.632000,2.741269,2.194471,,,14.736245,13.823072,12.134662,10.474855,8.678817,7.467752,11.041566,14.153090,18.424698,5.243267,5.031246,2.537435,2.509943,,,,14.060749,12.550935,10.846400,8.618414,8.509364,9.466960,14.268431,18.229686,5.031229,4.762896,2.444946,2.611733,,,,,12.216640,10.799541,10.406818,9.284691,11.532810,13.839745,18.980496,,,,,,,,,,10.679615,8.553394,9.036461,9.341243,13.221535,16.500474,
4.552594,5.296401,,,17.333424,16.845371,14.599079,13.858430,12.445306,10.677839,,,,,,6.213898,4.767955,2.685271,2.713304,19.312014,16.203430,16.130240,14.085846,12.504871,10.828838,9.196521,,,,,5.571566,5.076786,2.408789,2.603007,18.948293,16.999242,14.656885,14.597827,12.941384,10.535309,9.406811,9.608571,,,,4.669135,5.194968,2.434111,2.428741,19.397066,18.527630,16.781589,14.436115,12.960175,10.948975,7.740655,7.709912,10.383453,,,4.905215,6.009213,2.598034,2.406061,19.198325,17.307753,16.727902,14.887966,12.621433,10.349684,9.109752,7.172639,9.542607,13.731867,,5.502907,4.970760,2.661492,2.501496,17.971016,15.725992,14.073099,13.596651,11.869115,10.320279,8.513366,9.618757,10.121884,13.720328,18.210740,5.060942,5.153865,2.254082,2.714542,19.682066,16.953256,15.582152,14.290392,13.407099,11.188537,9.904635,7.806764,10.739341,13.225658,17.619302,5.055032,5.351014,2.793510,2.479475,18.169510,17.795929,15.296955,13.925479,12.276705,10.784002,8.818556,9.197499,9.622233,14.055161,17.359794,4.942953,5.162922,2.548853,2.714855,18.776374,16.508607,16.631980,14.216111,12.588603,10.479345,8.507270,7.811931,10.426447,13.147321,18.074546,5.795079,4.846439,2.600721,2.680614,16.489085,15.368305,13.538518,14.073058,12.150724,11.018300,9.788666,9.217567,10.835120,14.618162,17.973865,5.055500,4.819573,2.563779,2.866749,,15.075624,14.398903,12.744317,12.651000,10.700290,9.459848,9.105991,10.379509,14.038412,18.616625,5.180869,4.880341,2.555969,2.283058,,,15.056743,13.957296,12.050390,10.823384,9.016025,8.368888,9.889158,13.088210,17.587081,5.074466,4.274286,2.542015,2.666968,,,,14.093412,12.400106,10.554376,8.731247,8.538263,9.978055,13.375773,17.520844,4.982403,5.072998,2.518962,2.559716,,,,,12.021605,10.411967,9.699272,8.990568,11.164963,14.092064,18.047957,,,,,,,,,,10.706038,8.356789,8.497346,9.010379,12.890025,16.898777,
5.200453,5.044424,,,17.280799,15.671336,14.543569,14.322493,13.194523,10.925859,,,,,,5.675857,5.255827,2.519104,2.409551,16.935192,16.983404,15.910673,14.377013,12.924235,10.920511,9.145826,,,,,5.485792,5.022432,2.537630,2.601948,15.756617,15.595051,15.421740,14.641280,12.867227,10.561612,8.835984,9.470743,,,,5.086268,4.903016,2.541333,2.597522,17.698813,16.170420,15.533420,14.320006,12.899461,10.600633,7.659222,7.403268,10.752955,,,5.347135,6.035721,2.419189,2.490811,19.509860,17.515019,15.936589,14.450625,12.178884,10.334597,8.420979,6.787291,9.498225,14.009919,,5.203797,4.513165,2.532532,2.628531,17.793197,16.484206,15.268189,14.328880,12.931024,10.689449,10.622190,10.835360,11.235843,14.768552,19.250806,5.195240,4.952653,2.390170,2.568634,18.981166,16.467972,15.573193,14.417492,13.200648,11.188925,8.809898,10.370582,12.589792,14.748555,18.984807,5.575456,5.346185,2.715197,2.556139,17.334864,17.599321,15.539090,14.139516,12.241643,10.315066,7.985110,6.717372,10.868230,14.639634,17.745480,5.176604,5.234414,2.561327,2.734418,17.049046,14.693040,15.406438,14.196160,12.743552,10.910700,9.496775,8.546546,9.717421,15.153793,19.407411,5.243033,4.803957,2.649798,2.709384,17.390000,16.156323,13.880597,13.931554,12.883522,10.940293,9.176195,8.962413,10.233671,13.142252,19.072507,4.335538,5.252450,2.538406,2.459611,,17.485981,16.138813,13.637717,12.316144,11.134657,8.927785,8.216170,10.253466,13.447059,17.081986,4.754190,5.339049,2.643864,2.394164,,,16.208628,14.810682,12.478317,10.542290,10.305905,9.305324,10.592645,13.924496,17.532322,5.509634,4.422591,2.571754,2.582045,,,,14.273085,12.572170,10.538313,8.317489,9.859943,10.889958,13.913139,17.951804,5.610697,4.723059,2.635943,2.573587,,,,,11.752004,10.829353,10.515661,9.934822,13.493722,15.771647,19.210298,,,,,,,,,,10.891150,10.086371,11.155078,11.791816,16.427067,19.757575,
5.374903,5.516268,,,21.645449,17.612438,15.922319,14.271594,10.549344,10.689639,,,,,,5.361784,5.456324,2.095665,2.784092,19.769583,18.400120,15.679020,15.015611,13.708573,10.467563,10.743798,,,,,4.918905,5.798940,2.514274,2.327155,19.125547,17.938927,16.719237,14.506445,13.212464,10.798872,7.755169,8.220258,,,,4.858842,5.422671,2.797149,2.492460,18.680154,16.078163,15.018636,13.707483,12.127877,10.827049,8.635330,7.959811,10.171878,,,5.106472,6.233932,2.591772,2.446945,21.436555,17.202585,15.388145,14.105603,12.246768,10.864409,9.100415,7.343551,9.434095,12.862336,,5.257640,4.783006,2.573613,2.698454,19.742448,18.182879,14.478360,13.523837,12.224295,10.425429,10.636015,10.083473,10.418537,14.011054,17.836103,4.987166,5.344296,2.438968,2.603798,20.014162,18.211470,16.770800,13.589520,12.851571,10.626141,8.434084,10.007459,11.119879,13.658015,18.082053,4.597276,4.899078,2.685084,2.325698,16.160288,16.989172,15.525919,13.794627,11.175553,10.794034,8.674418,7.900421,11.945322,14.763301,18.143238,4.624501,5.044003,2.569522,2.702090,18.273108,15.617869,16.582216,15.086289,12.545008,10.194712,9.399485,7.241782,8.126449,13.583492,17.575124,5.008668,4.848946,2.507726,2.410116,17.158733,16.523654,14.150439,14.854850,13.456199,10.572890,9.492504,9.547943,9.169212,11.705918,17.634814,5.116470,5.156504,2.646089,2.388274,,16.914383,16.029068,13.223293,12.507764,10.628342,7.431226,8.236484,9.914699,11.917134,15.543997,5.252207,5.804087,2.626591,2.350927,,,15.669168,14.763874,12.246256,10.757113,9.680603,7.944943,11.154211,13.998655,16.840098,5.381332,5.401694,2.609609,2.576726,,,,14.176236,12.824335,10.747470,8.921281,9.745252,10.463421,14.896886,18.546768,4.986325,5.090505,2.754417,2.463407,,,,,11.764520,10.209938,9.629399,9.252406,12.400723,14.665269,19.272424,,,,,,,,,,10.746842,8.537514,9.357096,10.476942,14.937696,18.116188,
5.661624,5.807419,,,17.805221,16.001534,13.834655,13.832308,12.226723,10.344114,,,,,,5.195600,5.289574,2.333926,2.549295,20.270362,17.393299,16.059476,13.856717,12.718060,10.687482,7.915739,,,,,4.962061,5.340322,2.666192,2.438849,19.256329,16.948442,14.688074,13.710564,11.942492,10.698133,10.041844,9.225228,,,,4.977021,4.585479,2.567337,2.642673,19.486017,17.840036,15.986951,14.144406,12.751348,10.974757,9.007595,9.605947,10.852234,,,4.670513,5.563425,2.389551,2.564018,20.228801,17.650046,16.611027,14.653760,12.895505,10.877911,9.462323,7.888909,10.655219,13.987915,,5.197680,4.902345,2.811127,2.600210,18.802860,16.568159,14.269147,13.463014,11.593694,10.544907,9.368840,9.794737,10.366056,14.425105,18.261597,5.249770,5.500382,2.237772,2.793827,17.364124,16.099736,14.756433,13.293773,12.835032,10.893286,10.464408,9.780686,11.647998,13.606563,18.403852,5.160393,5.365443,2.594663,2.439956,17.698092,16.992946,15.924191,14.313647,12.372017,10.803098,8.147563,8.412033,9.532870,13.075982,16.618816,4.470446,5.211514,2.573275,2.713617,19.887227,16.002159,16.073727,14.848593,12.944119,10.928583,9.063906,7.586927,9.915334,13.048237,17.223863,5.775407,5.213718,2.622260,2.725551,18.754053,17.661175,13.976222,14.275321,12.824428,10.968152,9.706538,9.008876,9.908265,13.481554,17.275756,5.353431,5.130969,2.456742,2.669905,,18.728534,17.125987,13.488744,12.884370,10.354134,8.127844,8.156131,9.732908,13.215541,17.663964,4.860438,5.543689,2.643067,2.334790,,,16.867769,14.743235,11.627491,10.779328,8.659026,8.441963,11.060211,14.283674,18.267661,5.148339,5.093327,2.733496,2.519820,,,,14.321687,12.193081,10.454207,10.600514,10.287218,12.074073,15.607921,19.078315,5.252855,4.901501,2.589066,2.307491,,,,,12.896792,10.316227,10.152080,10.832126,12.251436,15.548257,19.816292,,,,,,,,,,10.635272,8.093935,10.136681,12.163759,15.277084,19.433912,
4.861163,5.450452,,,16.593978,14.795442,14.380579,14.358018,13.115818,10.827858,,,,,,5.700813,4.939397,2.372207,2.489938,18.684031,17.625383,15.843891,14.646068,12.954169,10.902663,8.931930,,,,,5.476152,5.531990,2.431948,2.399780,17.409162,16.951290,16.182896,14.816424,13.403751,10.740336,9.541984,10.301557,,,,5.450213,4.676024,2.761805,2.521333,17.089752,16.894118,15.747524,14.302852,12.456411,10.638553,7.578897,8.452297,11.938232,,,4.743470,6.496863,2.577561,2.596334,19.138047,15.908207,16.093777,14.359674,12.568442,11.140079,9.951690,8.355609,11.539732,16.155541,,5.307204,5.112433,2.886934,2.723544,18.949876,17.346521,14.568729,14.511289,12.164692,10.304450,10.197913,10.606952,11.253589,15.371951,20.001016,4.258047,5.168589,2.417359,2.760748,18.214679,17.889003,16.460703,14.154245,13.415964,10.388062,8.755165,10.684512,12.873037,15.310056,19.803048,5.004916,5.539373,2.750500,2.277736,18.653350,16.048338,15.834505,14.212170,12.208011,11.165094,8.533456,8.629861,12.799642,15.945455,18.830484,5.370485,5.640672,2.627015,2.511840,20.516691,17.662826,15.732921,15.059703,12.738431,10.612573,8.611747,6.912107,9.337375,15.177693,19.016817,5.212083,4.631253,2.506105,2.708802,17.918216,17.857591,15.819894,14.480489,13.324643,10.729712,9.653689,8.358255,9.462890,13.505857,19.802988,4.554762,5.326312,2.799482,2.411448,,14.849486,14.774041,13.131294,11.945956,10.390770,8.332318,9.669172,10.728847,13.623728,18.089641,5.216677,6.034627,2.576015,2.430185,,,14.545082,14.049203,12.502024,10.862373,8.461557,7.140796,10.420016,13.166804,16.981372,4.573039,5.117474,2.545679,2.668792,,,,14.288450,12.690202,10.979156,9.073799,6.972740,8.219299,13.241928,17.255169,5.491742,4.956562,2.669097,2.469320,,,,,12.918963,10.690952,9.728074,9.317334,9.273841,12.057350,17.441147,,,,,,,,,,10.763365,8.390436,9.462563,11.776840,13.733387,17.028285,
4.792828,4.804186,,,19.888140,18.237056,15.967963,14.346656,11.464946,10.741022,,,,,,5.339217,4.391401,2.325419,2.475037,19.760339,16.108746,15.384128,13.918792,12.659501,10.616187,11.883978,,,,,5.065782,5.380606,2.362102,2.415311,19.924660,17.884070,14.855666,14.527157,12.926309,10.638655,8.945425,11.678627,,,,5.434944,5.076023,2.742772,2.507054,19.719536,18.547625,16.449578,13.510034,12.473251,10.280031,7.204213,6.852518,11.032843,,,4.446265,5.450237,2.613103,2.480680,20.068351,16.690417,16.420360,14.447042,12.143495,10.951315,9.239774,7.142636,9.364921,14.066272,,5.263843,4.961627,2.722497,2.599930,17.735208,16.884870,13.844527,13.890876,11.951301,10.468887,9.774156,9.604002,9.661508,12.997139,17.744412,5.176402,4.883628,2.568080,2.678329,20.096493,16.451457,15.853346,13.228127,12.872908,10.420572,9.584888,8.943501,10.472472,12.687379,16.729544,4.732823,5.825872,2.661453,2.276644,18.343754,18.442326,15.327337,14.412720,11.981587,10.981150,8.695148,9.554480,10.503683,13.770071,17.119984,4.863472,5.502905,2.634187,2.661051,18.933783,16.477909,17.234349,14.429868,12.855545,10.553095,9.068179,7.984244,10.835282,13.463302,17.552710,6.242123,4.345759,2.538570,2.476567,17.734260,16.156101,14.036055,15.054140,12.656421,10.573935,9.231214,8.694555,9.987250,14.154624,17.739954,4.769478,5.226305,2.521676,2.397394,,17.252871,15.859465,13.395160,13.275579,10.708881,7.535270,7.498341,9.090970,12.839172,17.674034,5.734483,5.265470,2.706781,2.127799,,,16.016001,14.487407,11.910216,11.087556,9.452673,6.991295,9.605634,12.945896,17.120920,5.464804,5.179931,2.713523,2.723516,,,,13.974096,12.368061,10.306122,9.406959,10.279866,9.999404,14.344936,18.469438,4.937694,5.206240,2.617032,2.586801,,,,,12.455194,10.509536,9.325615,8.994779,12.269920,13.722668,18.759637,,,,,,,,,,10.641619,8.575465,9.002655,10.243411,14.839754,17.183107,
5.927115,5.280969,,,16.624431,14.470957,14.163327,13.482425,12.569593,10.758887,,,,,,5.177553,5.516784,2.387275,2.535974,18.035510,17.029893,15.578398,14.694795,12.485286,10.988088,9.209401,,,,,4.842083,5.569474,2.383422,2.585033,16.761430,16.074607,15.401972,14.506606,13.408103,10.783729,10.408996,10.657897,,,,5.436829,4.805305,2.619904,2.513640,17.808816,16.595504,15.654101,14.199942,12.756666,10.820854,7.733612,8.870458,11.404311,,,4.350200,5.614112,2.664811,2.521393,19.451118,16.265810,15.522201,14.165859,11.987611,10.537411,8.631975,7.266974,11.089471,15.190470,,5.669090,5.239479,2.612728,2.755178,18.800426,16.872088,14.262658,13.977143,12.602353,10.514832,10.191033,9.565854,10.350523,14.995329,19.312107,4.762733,4.643755,2.537008,2.658972,16.983591,17.306743,15.588641,13.342770,12.639722,10.595028,8.360517,9.604953,11.057773,14.149480,19.382367,4.926179,5.343424,2.706062,2.428695,15.906021,16.349842,16.391573,14.303464,11.992914,10.599553,8.319715,7.259544,10.685417,13.768571,17.701878,5.403632,5.276169,2.781899,2.695126,16.973253,14.452548,15.211585,14.768286,12.471708,10.661938,9.395132,8.268947,9.693973,14.422547,18.126560,5.521554,4.935523,2.670483,2.745424,18.804300,16.243912,13.827912,14.284567,13.010793,10.627108,9.936273,9.722769,10.658822,13.918253,19.181572,5.035998,4.626899,2.543756,2.412396,,18.059817,16.030407,13.448586,12.986851,10.834882,9.005892,10.344656,12.046346,14.625927,18.661669,4.760653,5.621893,2.646847,2.358386,,,16.655048,14.837167,12.125474,10.884865,8.638941,8.764723,12.292621,15.562573,18.721547,4.972476,5.090386,2.638123,2.772695,,,,14.607367,12.927306,10.430385,9.052010,8.018239,10.575220,15.242240,19.263040,5.283338,5.103623,2.574222,2.600843,,,,,11.606115,10.642118,9.504007,9.583386,10.693097,14.473340,19.336019,,,,,,,,,,10.511748,9.330518,9.099854,10.042708,12.889181,17.436401,
4.923366,4.594085,,,20.959418,18.046862,16.666538,14.489715,11.599963,10.494164,,,,,,5.122391,5.505389,2.242209,2.287179,18.488662,17.098268,14.992573,13.965264,12.097029,10.926021,10.348770,,,,,5.203358,5.381393,2.169184,2.380954,20.745280,18.520188,17.289980,15.320817,13.472821,10.449773,9.953269,8.726883,,,,5.141241,4.790814,2.780997,2.603562,18.168032,17.677398,15.613361,14.171995,12.544040,10.699274,8.313907,10.495285,10.872591,,,5.181262,6.501503,2.396721,2.486300,20.229569,17.029039,16.833548,14.651332,12.449006,10.553271,8.487534,7.328935,11.701495,13.495872,,5.227805,5.090542,2.520457,2.750071,17.354215,16.452003,13.692171,13.937420,12.350637,10.596293,10.672608,10.306038,11.381372,16.424447,18.623530,4.780334,5.096095,2.419943,2.654967,18.059772,16.748536,15.781313,13.129461,12.743255,10.896871,8.822531,10.218804,11.509738,14.494233,19.905049,4.904228,4.939184,2.641031,2.416148,16.744712,17.501858,16.050649,14.407384,11.463817,10.125282,8.413318,7.404361,11.289518,14.182580,18.015639,4.832997,5.217351,2.635734,2.672629,17.089415,14.771951,15.914705,14.720270,12.892282,10.726293,9.494906,9.476838,10.444092,15.508392,18.883850,5.872374,4.300430,2.541374,2.526926,16.749766,15.527707,13.517591,14.290911,12.930641,10.814595,9.751756,9.283556,11.350608,13.974170,19.727377,5.065515,4.993865,2.478351,2.556562,,16.854549,15.632714,13.355793,12.548793,10.242590,7.620738,8.323285,9.632936,13.750168,17.659248,4.726435,4.825291,2.634379,2.348435,,,15.331584,14.157955,12.138179,10.470500,8.691584,7.557581,10.856613,13.669844,18.233148,5.847515,4.527871,2.668092,2.438204,,,,13.645840,12.197271,10.485535,8.273792,8.070908,9.198795,13.829361,17.490404,5.422147,4.709970,2.644141,2.601940,,,,,11.338492,10.449115,10.411066,9.307998,11.665038,14.212550,19.097129,,,,,,,,,,10.587782,9.600396,10.772753,10.800449,14.660862,18.053901,
5.135530,5.310154,,,18.276933,17.398058,14.546209,13.505727,12.337963,10.937981,,,,,,4.765181,5.812274,2.614385,2.600186,19.017644,16.142336,15.869218,13.741165,12.252668,10.773807,9.236246,,,,,5.898862,5.873206,2.493956,2.670813,19.326826,17.631284,15.304691,14.892634,13.003835,10.654871,8.935153,8.129390,,,,5.551529,5.560085,2.675035,2.438288,17.508244,17.792334,16.269123,14.070260,12.631819,10.767716,7.857207,7.670910,9.786808,,,4.405205,5.200055,2.569169,2.467531,17.390294,14.928554,15.560611,14.319421,12.720617,10.942633,10.477248,9.170032,11.381859,14.802899,,4.988520,4.914452,2.858039,2.500723,17.295669,15.516122,13.144452,13.238713,11.903266,10.816751,9.230390,10.632252,11.471388,15.057197,18.852493,5.116726,4.907451,2.485537,2.712092,17.547685,17.361113,15.828596,13.437378,12.238322,10.373858,9.664690,8.318221,11.570747,14.375678,18.962255,4.907381,5.769984,2.494636,2.431100,18.690157,16.130766,16.055822,14.554767,12.341288,10.351044,9.182033,10.340707,10.927891,15.489626,19.102517,4.848690,5.596077,2.483214,2.555005,19.181649,18.182666,16.017554,15.134641,12.995219,10.453503,7.625335,7.882404,11.084890,13.622321,18.788580,4.995134,4.840335,2.721929,2.704670,16.838467,16.475633,15.848109,14.241278,12.918997,10.938546,9.626533,8.261164,10.799715,14.994502,18.132031,5.413380,4.982359,2.633043,2.537201,,15.118272,14.727017,13.920969,12.565677,10.453376,8.787222,9.408204,10.378257,14.307795,18.869716,5.224551,5.164851,2.478385,2.300034,,,15.744445,14.532222,12.678445,10.938615,7.656165,6.702069,9.853410,13.228155,17.795279,4.575593,5.196870,2.528486,2.623078,,,,14.680615,13.058582,11.062709,10.423272,8.083734,9.627793,14.223386,18.269012,5.049778,4.821040,2.899246,2.699281,,,,,12.473175,10.839173,9.639266,10.944881,10.551235,13.441810,18.340976,,,,,,,,,,10.678560,9.642599,10.202112,13.430767,14.575414,18.015451,
5.300763,5.188851,,,18.063681,17.147229,16.475064,14.353235,13.065846,11.181299,,,,,,5.529146,5.283511,2.709427,2.331068,18.581213,15.235657,15.028666,14.491689,12.354128,10.621857,10.182569,,,,,5.744094,5.704946,2.430573,2.669102,18.963552,17.180028,14.542647,14.418682,13.297910,10.704746,8.290711,9.711798,,,,5.123095,5.131709,2.535958,2.485123,19.912172,17.899288,16.274043,13.767226,12.680120,10.523533,7.946886,6.627188,10.695209,,,5.515167,5.380943,2.701030,2.509732,18.113479,16.814201,15.497526,14.083082,12.206650,11.035227,9.270099,8.980540,10.129304,15.009975,,5.706420,5.191481,2.727627,2.579920,16.686438,15.280823,14.457385,13.452597,11.792859,10.549574,9.418959,9.052972,11.615818,14.572071,19.622248,5.241818,5.112353,2.480908,2.668441,17.025500,15.699254,14.743595,13.717286,12.381605,10.039176,9.450452,8.852846,10.632313,15.146445,19.079273,4.692033,5.330216,2.689891,2.513959,18.319930,16.765605,15.614268,14.103479,12.147746,10.260591,7.885456,9.070327,10.575646,14.135289,19.155142,5.120579,5.670596,2.509458,2.674999,18.413817,16.545795,15.962682,14.923674,13.151072,10.960632,9.619681,8.775460,11.824075,14.594187,18.599194,5.868264,5.592622,2.724128,2.659922,18.875641,16.650236,15.141456,14.729264,13.164889,10.838918,8.804657,9.175507,10.852155,15.236638,18.844451,5.211250,5.268854,2.607063,2.622841,,16.320556,14.743885,13.426308,13.015101,11.164231,9.187743,9.137466,12.068610,15.431075,20.199648,5.300954,6.067336,2.652004,2.411879,,,15.597093,14.019840,12.227303,11.080227,9.055990,8.406126,10.926214,15.333820,19.273469,4.244569,4.989883,2.572460,2.866514,,,,14.479184,12.750658,10.666756,9.416819,8.729518,10.721912,14.952703,19.788535,5.084658,5.077501,2.512045,2.685980,,,,,12.881834,10.909001,8.909396,8.606981,10.034329,13.671673,18.386910,,,,,,,,,,10.895965,10.108999,9.958909,11.911658,14.667677,18.624834,
5.840303,5.556139,,,18.563436,15.714499,14.101023,13.954202,12.553887,10.554927,,,,,,5.873072,5.006213,2.657166,2.461937,18.591920,17.661562,15.687241,13.653236,12.099939,10.766099,8.294016,,,,,5.062204,5.236326,2.248376,2.358394,17.789493,16.012630,15.962000,15.028677,13.063744,10.783766,10.784148,9.897213,,,,5.004780,4.910196,2.683550,2.655931,18.468505,16.444120,14.849840,14.206664,12.873110,10.482394,7.706927,9.355201,10.964443,,,4.833618,6.317982,2.577902,2.423047,20.371042,17.284243,15.768175,13.933339,12.211059,10.261273,7.893694,6.026041,9.916921,13.632743,,4.982713,5.322291,2.512378,2.631591,19.264676,17.214679,14.807304,14.053895,12.581276,10.694743,9.831569,9.165726,9.434742,14.053383,18.286248,5.138728,4.887319,2.568996,2.585129,18.182826,17.597367,15.834684,13.785609,12.932368,11.079973,8.485971,8.812918,10.346844,12.731161,17.695963,5.562560,5.216101,2.690934,2.523670,17.324463,16.726114,16.369719,14.303498,12.234734,10.896325,8.901972,6.779272,9.876255,13.301852,16.748932,5.367546,4.926745,2.808142,2.772584,17.214096,15.278751,15.342275,14.692137,12.218478,10.418477,9.175417,8.451509,8.908761,14.041883,18.074962,5.060092,5.154790,2.421888,2.764509,16.811172,15.469184,14.374998,14.598208,13.339316,10.663078,9.689397,9.443003,10.740315,13.162274,18.943789,5.089621,5.692981,2.705023,2.400123,,16.059608,14.768328,13.568026,12.840449,10.533413,8.003587,8.685855,10.559055,13.674245,17.099734,4.317229,5.697623,2.530504,2.411121,,,15.490155,13.889724,12.460936,10.814412,8.073367,7.366874,10.435675,14.013130,17.840442,5.128622,5.036953,2.572220,2.615439,,,,14.226499,12.079249,10.508171,8.664184,7.204850,9.194635,13.423518,17.597854,4.521544,5.478317,2.668617,2.782820,,,,,12.237613,10.615473,10.352550,10.078119,10.935394,14.078178,18.454075,,,,,,,,,,10.720337,9.310590,10.204558,11.537003,14.141639,17.869619,
5.167539,5.055514,,,18.464218,16.870136,14.309336,13.621946,12.171790,10.700432,,,,,,4.925176,5.822862,2.474420,2.620194,20.133044,17.265745,16.514325,14.396828,12.748922,10.548323,9.367077,,,,,5.175098,6.195194,2.449634,2.555211,18.180933,17.450540,15.139384,14.719991,12.962497,10.728519,8.986673,9.650415,,,,5.698309,5.294095,2.630879,2.454100,18.567233,17.547021,16.589253,14.369039,13.110846,10.878975,7.462354,6.830966,9.933747,,,4.912339,5.371318,2.547674,2.523418,19.931436,16.450650,16.171102,14.703553,12.760313,10.892125,9.212494,6.839257,9.553789,14.111672,,5.533630,4.545438,2.713169,2.589464,19.149603,16.731269,13.688588,13.726167,11.925027,10.729486,9.419062,9.803839,10.140137,14.171408,18.844061,4.884160,5.042188,2.393720,2.491737,20.296021,17.995254,16.216505,13.660792,13.213933,10.351075,9.627544,8.600977,11.007650,13.757188,18.739956,4.861672,5.647352,2.747135,2.217603,18.447065,17.806539,16.076560,14.290098,11.973363,11.115627,8.240486,9.181110,10.277170,14.281612,17.991262,4.925588,5.557852,2.769584,2.649310,19.231535,15.986693,16.197953,14.738412,12.551761,10.379901,9.076725,7.224162,10.125394,13.156308,17.876464,5.258767,5.441852,2.622708,2.677460,19.485204,17.104507,14.201769,14.822252,13.403688,10.794338,9.237309,8.333999,8.870487,12.969092,17.076478,5.195836,5.185501,2.599669,2.502614,,17.661705,15.779715,13.023136,13.106539,11.381983,8.550353,8.603618,9.599844,12.399048,16.887350,4.947204,5.922128,2.544340,2.360486,,,16.587539,14.752283,11.946727,10.759681,8.821461,6.977012,9.758441,12.912226,16.565414,4.322218,4.478340,2.649116,2.551444,,,,14.134322,12.657821,10.534090,9.310164,8.989141,9.775050,14.011510,17.755321,5.047318,4.729172,2.513204,2.594344,,,,,11.203404,10.351639,9.498357,9.493829,11.199172,13.466616,18.022839,,,,,,,,,,10.230791,9.074225,9.105656,9.333126,12.706642,16.489273,
5.183682,5.970215,,,18.192455,16.868357,13.795396,14.117638,12.844255,10.943261,,,,,,5.832592,5.406641,2.510963,2.602989,21.186391,17.916694,16.869623,13.784930,12.696316,10.471680,8.555944,,,,,5.496178,5.502823,2.446473,2.455450,19.849843,18.112496,15.777905,15.147621,12.757129,10.930464,9.343744,9.952049,,,,6.085781,5.165546,2.800591,2.412754,19.058103,18.345333,16.202139,14.150536,12.952648,10.863809,8.207888,8.182308,11.685299,,,5.242197,5.032542,2.417410,2.435415,20.510675,17.363645,16.953416,14.310716,12.700533,11.034661,10.197503,8.216023,10.884019,16.087994,,5.226257,5.411863,2.760751,2.551866,19.434038,16.931988,14.151900,13.769346,11.040584,10.611138,9.966353,11.512380,11.729239,15.586496,20.922346,5.290033,4.356371,2.291349,2.680267,19.882661,18.208471,16.355304,14.347786,13.723879,10.891747,11.248656,10.993046,13.951021,15.394340,19.945852,4.879488,5.417980,2.792979,2.194679,17.526305,17.585153,16.243324,14.329047,12.430521,11.247611,8.970534,10.944104,12.419817,16.696222,19.363620,5.059923,5.817291,2.636021,2.600907,18.542142,16.088094,16.506614,15.141179,12.926695,10.963963,9.225715,8.252029,11.734752,14.687256,19.536329,5.302847,4.802575,2.583990,2.869036,16.702343,15.918876,13.924012,14.383989,13.105130,11.075920,10.164226,9.383280,10.594937,15.175724,18.941077,5.039209,5.055639,2.671533,2.603506,,16.233029,15.391585,13.256203,12.603082,10.709381,8.677220,9.136620,10.191561,13.164338,18.392392,5.088502,5.424747,2.580112,2.435224,,,15.866497,14.545588,12.263119,10.543988,8.690616,8.019006,10.865860,13.693689,17.194147,5.126868,5.138763,2.579325,2.618851,,,,14.439249,12.597916,10.664170,8.783477,8.664806,10.440924,14.884593,18.439576,5.302663,5.375316,2.387508,2.540355,,,,,12.233488,10.790780,10.558668,10.282856,12.260015,15.097970,19.815574,,,,,,,,,,10.480687,8.255811,9.260862,10.605374,14.356302,18.124299,
4.519780,5.051668,,,15.575598,15.018569,13.673235,13.456302,12.450458,10.895530,,,,,,5.375441,5.140474,2.515318,2.591048,18.817120,16.053360,15.762654,13.959868,12.528435,10.935934,8.856074,,,,,5.260905,5.135266,2.533191,2.527382,19.399763,17.455620,15.307494,15.002220,12.944401,10.632461,9.589848,8.818261,,,,4.999341,5.263373,2.653317,2.627017,18.296152,18.301212,16.053858,14.001541,13.089123,10.895600,8.390845,9.182601,10.849232,,,4.456446,5.857874,2.487634,2.426613,19.034201,16.713633,16.864100,14.147826,12.134470,10.795317,9.342795,8.235544,11.330273,14.554079,,5.625169,5.534095,2.456084,2.688090,16.594476,15.545243,13.732653,14.168256,11.603598,10.708816,10.547356,11.056444,11.678893,15.503704,18.857348,4.691866,4.822447,2.403241,2.835453,18.232631,16.359177,15.263696,13.855283,13.348154,10.126642,9.374319,9.480628,11.966315,14.512200,19.180412,5.096879,5.346692,2.727178,2.137758,19.101323,17.573732,15.762246,13.974297,12.489515,11.028841,7.946249,8.635717,10.671835,14.668929,18.092549,4.078579,4.952368,2.523737,2.476362,20.628744,17.703556,16.796745,14.859194,12.257923,10.844430,8.735902,7.261965,10.349539,14.183604,18.784886,4.614144,4.908595,2.409508,2.654943,19.295878,17.508732,15.187537,14.919521,13.343706,10.837909,10.571208,9.440553,9.948658,14.034304,18.217906,5.446186,4.905157,2.930168,2.540156,,17.436758,15.710131,13.426518,12.569878,10.622655,7.866780,8.809413,9.451826,11.928112,16.904449,4.772601,6.278079,2.521993,2.433509,,,16.396208,14.620094,12.350593,10.553842,8.416322,6.367700,9.319316,12.118135,15.720070,4.994254,5.623551,2.657332,2.637405,,,,14.446801,12.461459,10.440383,8.736440,8.084695,8.594075,12.809134,16.498797,5.266069,4.720599,2.831521,2.778431,,,,,12.001315,10.593536,10.228440,10.339849,11.613033,13.343641,17.763858,,,,,,,,,,10.179189,9.473102,10.997824,12.961069,15.638768,18.165406,
5.356414,4.693413,,,19.101146,16.925321,16.325515,14.752296,11.978805,10.930339,,,,,,5.203019,5.063449,2.400475,2.670102,17.001214,16.666440,15.259553,14.621078,13.056794,10.921255,9.764329,,,,,5.119210,5.702458,2.678202,2.500759,17.668192,16.491941,15.838994,14.134444,12.489979,10.099875,8.555512,7.835553,,,,5.759521,4.724286,2.672021,2.646137,16.107776,16.214216,15.266612,14.328738,12.784403,10.712169,8.772412,9.419684,10.259117,,,4.968307,5.615192,2.536710,2.503345,18.219121,15.176060,15.770031,14.500442,12.645588,11.044967,8.826074,8.667338,11.864617,14.330912,,5.699249,5.247751,2.568958,2.616426,18.417365,16.190495,13.443566,14.094366,12.728536,10.692280,10.316033,9.594367,11.856779,15.981240,18.963662,5.176938,4.593965,2.300889,2.670609,19.865551,18.872729,16.492202,13.565891,12.939820,10.760610,8.092857,9.204512,10.673402,15.005605,19.573044,4.874431,5.583959,2.778232,2.356330,18.109971,17.720064,16.609258,14.159607,11.594350,10.698928,9.307453,8.642528,12.228190,14.974368,19.598385,4.173497,5.087468,2.493124,2.638601,20.004458,16.997080,16.946254,15.252033,12.509977,10.256145,8.903286,8.814239,10.467770,15.363138,18.751017,5.151127,4.767760,2.453675,2.786912,17.773802,17.058442,14.514436,14.896125,13.236523,11.054724,10.268626,10.120504,11.603953,14.301194,19.370803,5.083995,5.305016,2.662809,2.530261,,16.866115,15.696631,13.169496,12.891275,10.260345,8.288177,9.173713,10.613383,13.785965,17.619063,5.045520,4.961492,2.570403,2.271202,,,16.502456,14.428494,11.720995,10.420885,7.071240,6.503100,9.817520,13.148023,17.108991,4.983178,5.029185,2.582616,2.625166,,,,14.999207,12.566479,10.741462,9.644703,7.680476,9.670502,14.077689,18.011424,4.792750,4.870306,2.380986,2.472194,,,,,12.773558,10.847468,10.975096,11.377334,11.467042,14.379760,18.909080,,,,,,,,,,10.481208,8.298575,9.917114,11.483519,13.553571,17.336164,
5.595619,5.270133,,,18.300479,16.191184,15.154644,13.606280,12.162778,10.543073,,,,,,5.508312,5.775266,2.580983,2.506477,17.405592,16.671333,15.359114,14.267118,12.134786,10.930068,9.155471,,,,,5.180066,5.413746,2.364760,2.731453,19.004331,16.984629,16.419117,14.975139,13.309252,10.302875,9.411318,8.582196,,,,5.469682,4.281743,2.727390,2.627127,17.919662,17.806322,15.845097,14.636502,12.563734,10.495646,7.617601,8.873792,10.646805,,,4.615114,6.431630,2.484962,2.571122,18.094451,16.823057,16.414341,14.378890,12.393110,10.002788,8.260692,7.522065,11.509016,14.961407,,5.295364,5.108849,2.693673,2.665352,17.122906,15.442877,14.311447,13.743223,12.162972,10.437182,9.663490,9.643916,11.142925,15.871271,19.410989,4.968911,4.975410,2.478454,2.628632,18.447791,17.206753,15.610706,14.118399,12.480812,10.878595,8.907843,9.711314,11.438408,14.785517,20.131702,5.235871,5.516076,2.765758,2.466110,18.231053,17.114966,16.219383,14.354852,12.462618,10.240497,9.652905,9.211415,12.546840,15.351941,19.178332,5.652401,5.622760,2.651535,2.634012,18.451204,15.711696,15.715718,14.948068,12.878313,10.946951,8.992161,10.438652,12.090651,16.902399,20.067198,5.218794,5.137753,2.486783,2.807755,17.808801,16.042252,14.129678,14.561496,13.282585,10.907134,9.358899,9.003432,12.590748,15.918053,21.432812,5.206611,5.837461,2.553240,2.481996,,17.004988,15.532013,13.573268,13.083619,10.696298,8.151384,7.971965,10.270397,14.957600,19.043017,4.520190,6.257649,2.753238,2.333272,,,15.872309,14.198705,12.019573,10.673316,8.116693,7.380279,10.167498,14.238191,19.020803,4.582785,5.577224,2.554307,2.710366,,,,14.591764,12.788135,10.821575,9.443841,8.239480,9.892172,14.026147,18.485664,5.123432,5.319489,2.674208,2.697009,,,,,12.130306,10.293308,9.272201,9.396884,10.707202,13.727164,18.188083,,,,,,,,,,11.115276,10.599609,11.642748,13.292374,15.608228,18.850208,
4.916914,5.013411,,,18.592467,16.615193,15.382101,13.510680,11.123173,10.419121,,,,,,6.374179,4.711496,2.437825,2.581525,17.162424,16.108110,15.220975,14.410918,12.392787,10.845035,10.051272,,,,,6.009225,4.755212,2.256547,2.545545,16.546806,15.945646,15.643568,15.031161,13.705017,10.739057,9.800502,8.746079,,,,4.979770,4.385761,2.697847,2.477406,19.082986,16.181588,15.358995,14.280867,12.731740,10.608368,7.301632,8.075335,9.097219,,,4.612439,5.783476,2.376379,2.530288,19.230878,17.894029,15.896342,14.608620,12.817347,10.753839,8.587516,6.650866,9.696919,12.490418,,5.664594,5.369841,2.605693,2.686887,17.871796,15.659926,14.764053,13.540404,12.154648,10.581464,9.695289,9.161634,9.578995,13.586524,16.851346,5.785347,5.156726,2.464314,2.694304,18.998242,16.271369,14.660840,13.800720,12.922493,10.407255,8.173857,8.419926,10.006517,12.720731,17.300664,5.083861,5.610586,2.480643,2.204784,19.864208,18.805398,16.437769,14.504348,12.552579,11.252166,7.788605,6.198530,9.382554,12.870590,16.440927,5.327684,5.649935,2.509154,2.702771,19.866764,17.804674,17.317175,15.114298,12.927511,10.480633,9.929612,7.686742,8.997014,13.727893,17.507262,4.968334,5.213456,2.630963,2.722282,15.532494,15.725875,14.181752,14.037404,12.298441,10.632028,9.257381,11.108323,11.216849,13.966436,18.833534,4.768282,4.907214,2.582970,2.743623,,14.545998,14.575651,13.335976,12.526003,10.633472,8.872994,8.365730,11.977272,13.997610,17.780152,4.951852,6.013123,2.601862,2.417702,,,14.899043,13.941863,12.408342,10.380930,8.462579,7.498274,9.219127,14.190148,17.264085,4.959388,4.858479,2.663817,2.541930,,,,14.331122,12.334427,10.861075,8.515948,8.213507,9.651836,13.210217,18.591392,5.602757,5.027460,2.483269,2.459321,,,,,13.278293,10.818895,10.416290,9.526330,11.353407,14.136830,18.111268,,,,,,,,,,10.679343,8.689519,10.528686,12.422997,15.628376,18.927852,
4.982101,5.976853,,,18.118176,16.541738,15.025635,13.968586,11.301227,10.601669,,,,,,5.697119,5.416517,2.433859,2.671653,18.202768,16.054227,15.372675,14.282759,13.010247,10.733772,9.502619,,,,,5.031675,5.509642,2.558096,2.443756,18.317648,16.983650,15.292955,14.493441,12.910719,10.625773,8.911148,8.098778,,,,5.453316,5.055195,2.708252,2.609154,17.544859,16.548774,15.503153,13.918582,12.691225,10.852089,8.463919,8.865032,10.278135,,,4.486647,5.539734,2.627727,2.587468,19.120654,15.860531,15.410002,14.119756,12.411307,10.526669,8.821423,7.738508,10.976954,14.414016,,5.736762,4.497101,2.912360,2.721839,17.612406,16.607891,13.938187,13.673697,12.237018,10.838083,9.340744,9.131162,10.287864,14.658551,18.684999,5.005317,5.484026,2.359318,2.646938,17.312837,15.402763,15.063997,13.311467,12.863515,11.015664,10.153503,9.607583,11.430426,14.541917,19.486777,5.019210,5.248508,2.777363,2.470360,17.337046,16.336358,14.582504,13.825081,12.100971,10.669940,8.461288,8.715214,10.324511,13.919951,18.015143,5.394706,5.085644,2.621152,2.491301,18.962919,15.897099,15.750115,13.952846,12.604659,11.101273,9.036547,7.698435,9.867501,13.414476,17.779339,5.160856,4.485122,2.613424,2.542445,19.160175,17.505019,14.732253,14.852063,12.727265,10.688571,9.866637,8.358461,9.631325,13.309107,17.853743,4.877229,5.132663,2.529782,2.704234,,17.660877,16.314411,13.522976,13.318171,10.935408,8.656139,9.411641,9.918916,13.304867,17.475024,4.658165,5.399482,2.602573,2.310834,,,16.276238,14.559277,11.509602,10.692621,8.601201,7.319476,10.377558,12.946496,17.133975,4.246594,5.186245,2.421161,2.822826,,,,14.216775,12.897985,10.702201,10.528436,10.097069,10.428333,14.443293,17.526993,5.495709,5.555350,2.655735,2.494737,,,,,12.941404,10.995763,9.113249,9.132813,10.431350,12.333146,17.029874,,,,,,,,,,10.853254,9.083971,9.237685,10.859366,14.090752,16.986371,
5.677558,5.269285,,,15.948406,15.932165,16.228125,14.715312,12.630646,10.346770,,,,,,5.892693,5.315397,2.555323,2.585669,16.987720,14.931578,15.426394,15.238597,13.004141,11.193743,8.884700,,,,,5.822855,5.449001,2.407848,2.589804,18.518157,17.044491,15.350440,15.240812,13.842604,10.568023,9.241958,8.198160,,,,4.924245,4.750472,2.661878,2.431785,17.722222,16.727252,15.516835,13.891679,13.057981,10.895134,8.026253,9.326395,11.215717,,,4.985866,5.325546,2.494990,2.450570,20.119791,16.171473,15.649623,14.206382,12.376875,10.750730,8.281388,7.275690,11.032920,14.561833,,5.453531,5.075984,2.543666,2.648880,17.987068,16.517840,13.019025,12.981074,11.812625,10.785880,9.842362,8.909986,10.678461,15.317078,19.075950,4.791803,5.046342,2.401100,2.722636,19.779027,17.340258,16.189162,13.149951,12.487188,10.547894,9.480772,8.662492,9.556266,13.540687,18.661421,4.877422,5.623242,2.598973,2.446849,17.234775,16.885747,15.021967,13.935680,11.650277,11.117907,9.878062,10.484561,11.408234,13.654853,18.020085,5.023932,5.473161,2.483562,2.590368,18.948521,15.893257,16.513289,14.782512,12.982398,10.929760,9.617350,8.969254,11.170735,13.781807,17.086057,5.396184,5.024383,2.620011,2.462671,18.199648,16.589053,13.855094,14.720545,12.956016,10.670518,9.786756,9.295600,10.744686,14.473275,18.057400,4.829558,5.518511,2.565388,2.536383,,17.210534,15.703788,12.979096,12.919855,10.609454,7.785422,8.783006,10.206046,13.638983,18.186881,4.618657,6.025975,2.634137,2.265348,,,16.130460,14.276835,11.507679,10.373990,8.263396,6.591507,10.243942,13.524061,17.626863,4.524521,4.659029,2.605100,2.572550,,,,14.342236,12.728794,10.811881,9.870303,9.521267,9.802570,14.398050,18.094943,4.859292,4.916821,2.698295,2.555661,,,,,11.601762,10.419398,9.911495,10.281423,12.079908,13.710233,18.552390,,,,,,,,,,10.707993,9.340050,10.028956,10.970742,14.424628,17.263083,
5.572549,5.193829,,,19.528874,17.330870,14.839615,14.250799,12.356828,10.627041,,,,,,5.364740,5.530516,2.547566,2.410512,19.744423,17.550145,16.308573,14.240555,12.917448,10.505615,10.230837,,,,,5.184361,5.327124,2.512017,2.520775,18.951577,16.285659,14.801209,14.134456,12.543857,10.853151,9.157187,11.277436,,,,5.237233,5.130312,2.716353,2.503635,17.833216,17.543994,15.225410,13.716613,12.457536,10.607191,8.099276,7.637574,11.781805,,,5.064240,5.839588,2.607865,2.549798,18.897940,15.518234,16.075576,14.008790,12.386093,10.714764,9.401576,7.575790,9.788320,14.857650,,5.747993,5.329053,2.753282,2.701517,17.200146,16.451556,13.677541,14.325823,12.268864,10.460546,8.918471,9.300569,9.750037,13.747916,18.872529,5.285794,4.807238,2.422422,2.808970,17.492325,16.165879,15.791016,13.483332,13.308985,11.028226,8.918518,8.147754,10.834304,13.532071,18.399563,5.005814,5.525503,2.665403,2.228506,18.402914,17.016679,15.746941,14.783623,12.308953,10.837331,8.758241,7.795804,9.762997,14.079773,17.719930,5.115762,5.651111,2.571429,2.515871,18.509692,17.242747,16.300987,14.793402,13.181792,10.962831,8.836315,8.365712,9.885560,13.744461,18.445273,5.466979,4.757698,2.763241,2.471512,18.237759,15.814250,15.173595,14.364442,12.649014,10.749585,9.914115,8.901690,10.892523,14.102560,18.493544,5.186984,5.439311,2.510375,2.655570,,15.886582,14.150519,13.762850,12.594595,10.475035,8.509650,9.928080,10.981614,14.567166,18.606111,4.570831,5.439816,2.455467,2.539905,,,15.721286,13.855381,12.709855,10.391248,7.650022,6.353455,10.314502,13.510562,17.630682,5.251719,4.932828,2.691489,2.530967,,,,13.989715,12.093650,10.699204,8.459427,7.294966,8.509031,13.702098,17.620814,5.317048,5.337661,2.383344,2.743080,,,,,11.875416,10.938316,10.438942,9.909047,11.101587,13.495984,18.861764,,,,,,,,,,11.074014,9.761969,9.225538,10.221609,13.502787,17.067422,
4.774075,5.731326,,,16.695933,15.104748,15.025857,14.529548,12.823299,10.744332,,,,,,5.091278,5.739935,2.666259,2.643675,18.873965,15.766219,14.943193,14.414198,12.908249,11.097080,9.454845,,,,,5.758008,5.339267,2.409122,2.464347,19.838294,18.418861,15.803028,15.088076,13.564987,10.756374,9.010009,8.828371,,,,5.463626,5.256488,2.621888,2.505417,19.713278,18.192908,16.811142,14.292778,13.191021,10.745652,7.370098,7.981874,11.066363,,,4.609940,5.991663,2.640793,2.375116,20.619403,17.490582,16.420661,14.706181,12.210713,10.824746,8.277261,6.468220,10.410139,15.109218,,5.943320,5.374312,2.652769,2.827481,18.641729,17.116478,14.619908,14.072628,12.471313,10.861385,10.529372,9.433793,9.873272,14.709746,19.555022,5.173669,4.694641,2.253850,2.672197,17.956555,16.333573,15.496019,13.850394,13.217860,11.044484,10.042877,10.387807,11.219598,13.917943,19.403798,5.189639,5.138540,2.616372,2.413996,19.082031,17.539047,16.086072,14.548495,12.515487,10.769343,7.900489,7.868315,10.162461,13.195494,16.987113,4.755040,5.318469,2.463380,2.597369,20.206099,17.356820,16.510079,14.983883,12.711361,10.680258,8.519888,6.537113,9.228258,13.501078,17.464166,5.497365,5.252023,2.588526,2.648940,18.007119,16.466607,14.093049,13.846394,12.664518,10.614171,10.050056,9.402837,9.612202,13.568721,18.215871,5.611341,4.943275,2.494906,2.555882,,16.696517,15.121575,13.170895,12.591959,10.908101,8.412730,9.245742,10.380809,12.718401,17.611587,5.215888,5.878970,2.487453,2.465345,,,16.356826,14.018893,11.907832,10.263828,8.281888,6.852569,10.226647,13.485727,16.840823,4.934195,4.931778,2.719961,2.687968,,,,14.400279,11.852353,10.590216,9.679940,9.438901,10.466345,14.883297,18.590576,5.467518,4.713815,2.663538,2.686582,,,,,12.106649,9.813966,10.129677,10.988182,12.607846,14.917722,19.592283,,,,,,,,,,10.713163,8.409567,10.011535,12.357266,15.554835,19.004796,
5.513259,5.121986,,,18.223638,16.345386,14.484963,13.951512,11.868219,10.733605,,,,,,5.352988,5.743793,2.418233,2.628950,18.487079,15.584933,14.720382,13.561323,12.643036,10.900291,11.371746,,,,,5.556686,5.233080,2.464945,2.479469,19.584270,17.551585,15.212300,14.229416,12.766739,10.546979,8.787562,10.817067,,,,4.847732,4.947966,2.639400,2.460368,18.365234,18.869232,16.629697,14.509973,12.622070,10.612637,7.404271,7.319630,11.451502,,,4.923190,5.632359,2.440403,2.650551,17.593632,16.283914,17.165941,14.928435,13.379934,11.422260,10.037135,7.726563,10.260303,15.131629,,5.193131,4.281621,2.673885,2.539210,16.357506,14.697758,13.457010,13.887640,11.472673,10.622503,9.427112,9.904836,10.032147,14.202888,19.211292,5.287648,5.250231,2.265257,2.686785,16.746511,16.854326,15.401307,14.375250,13.724251,10.659652,10.175168,8.946747,10.661981,12.627717,17.807241,5.099456,5.749997,2.663388,2.201989,16.478522,15.967453,15.934483,14.069176,12.760333,11.028922,8.395450,9.529551,10.613150,14.047458,17.099147,5.211439,5.077770,2.477871,2.523436,19.604779,16.340241,16.039132,15.206694,12.699920,10.858049,8.137482,7.198910,10.211522,13.466646,17.727785,5.256318,4.394141,2.656192,2.973603,18.222206,17.201523,14.426055,14.422903,13.251005,10.954538,10.062124,8.642836,10.568345,14.434448,18.366822,5.007025,5.164523,2.661604,2.402209,,16.984038,15.773804,13.204064,12.749340,10.851333,9.040795,9.640302,10.542515,14.219729,18.364813,4.355755,5.297099,2.771098,2.428740,,,15.706471,13.995900,11.630334,10.709930,8.705918,8.530014,11.226531,14.121702,18.205946,5.005539,5.073801,2.814370,2.672674,,,,14.254142,12.333424,10.758932,10.161091,9.207107,10.819094,14.604259,18.197998,4.967191,4.496102,2.680200,2.529988,,,,,12.737527,10.597027,10.299161,10.528968,11.337106,14.307183,18.748482,,,,,,,,,,10.909688,8.806372,10.205806,11.806791,14.329796,17.936735,
5.435834,5.019114,,,18.536071,15.953863,16.059796,14.693700,12.733002,10.778729,,,,,,5.462370,5.928224,2.552841,2.552986,17.499010,15.855837,14.120419,14.382142,12.721762,10.620985,9.919974,,,,,5.660299,5.981785,2.376032,2.609535,19.577067,17.110610,15.939492,14.324535,13.654446,10.768507,8.055477,8.876700,,,,5.340988,4.944513,2.774643,2.390501,19.252187,17.954465,15.681743,14.315280,12.489276,10.944208,7.998710,7.487100,11.041799,,,4.765421,5.717012,2.525006,2.573492,19.179486,17.460109,16.506722,14.365075,12.806765,11.155042,9.339875,8.161567,10.672352,15.241293,,5.088730,5.021944,2.759986,2.729277,16.854073,16.129307,14.766967,13.854745,11.925806,10.651681,10.276046,9.735395,11.196138,14.987371,19.594804,5.187891,5.181110,2.535043,2.827195,18.456595,15.741845,15.479974,14.251607,12.868464,10.715717,9.246128,9.952454,10.761046,14.332892,19.039057,5.133939,4.743438,2.672203,2.606366,16.862088,17.256515,15.014311,14.417897,12.804055,10.802807,8.910510,8.421372,11.308471,13.862901,18.432458,4.944578,5.299651,2.541808,2.624291,17.586248,16.029897,16.574472,14.526107,13.130533,11.004032,8.680083,8.137840,9.737967,14.328069,17.883025,5.523454,5.054083,2.674749,2.595973,17.648901,15.874333,14.671367,14.734841,12.841082,10.849552,9.040972,7.917793,10.006768,13.327878,18.520577,5.107128,4.826709,2.679810,2.531452,,17.089896,15.324737,13.813077,12.571362,10.690710,8.147524,7.745930,9.196614,13.331519,17.559075,4.999077,5.511152,2.583156,2.288144,,,16.153828,14.287008,12.642165,10.530485,9.642650,8.210626,10.304176,13.322250,17.914302,5.073414,5.603839,2.476473,2.520003,,,,14.336936,12.255471,10.787177,8.739329,9.948571,10.755733,14.377257,17.828042,5.076523,5.551892,2.546177,2.813100,,,,,11.386055,10.294811,10.687075,10.604825,13.548632,15.423207,19.130322,,,,,,,,,,10.621018,9.498426,10.738328,11.958087,16.064399,19.054972,
4.933351,4.731197,,,16.841518,15.960178,14.235487,13.384834,12.329039,10.769791,,,,,,5.419507,5.259433,2.300868,2.326629,18.529653,17.021392,16.067543,14.694519,13.227763,10.634502,8.993576,,,,,4.813206,5.652349,2.543237,2.337674,19.775860,17.618667,15.988919,14.057899,12.729043,10.698416,7.275363,7.385546,,,,4.616042,4.487503,3.048865,2.576819,17.174148,17.391778,15.399509,13.746922,11.373752,10.802625,9.697602,7.522128,10.103889,,,5.091896,5.813944,2.665739,2.546574,18.369073,15.028422,15.743462,14.082513,12.601222,10.107546,10.686494,10.936610,10.351417,13.976124,,5.120788,4.806420,2.680090,2.588859,17.960577,16.147280,13.382268,13.918020,12.260627,10.874045,8.795426,10.936965,13.108216,14.246352,18.363747,5.726406,5.326075,2.388357,2.769342,19.508641,17.844042,16.413335,13.904124,13.350516,11.084771,9.396870,8.032251,11.357254,15.165477,17.703130,5.073471,5.110710,2.600362,2.338801,16.219177,17.336035,16.045335,14.592150,12.438883,10.951469,9.336962,9.290190,10.943976,15.153144,19.852624,4.994603,5.606323,2.838124,2.422159,17.996227,14.959363,15.738184,14.255811,12.376216,10.551955,8.532490,8.723628,10.888865,14.518914,18.974099,5.288944,5.065050,2.543593,2.658612,19.917048,17.687100,14.780717,14.678938,12.835338,10.532728,9.502636,7.811989,10.395819,14.041816,18.541889,5.035752,4.928380,2.384922,2.694133,,18.986091,16.790846,13.759272,12.327393,10.261075,8.328233,9.587381,10.030120,14.275119,18.441735,5.151440,5.476111,2.628108,2.359630,,,15.800104,14.028909,11.769155,10.311498,9.819234,10.163813,13.459911,14.886973,19.149001,4.406830,5.365435,2.665227,2.461661,,,,14.389886,12.441981,10.536715,8.370301,9.454445,11.871410,16.545118,19.033574,5.863424,5.178750,2.559894,2.700172,,,,,13.011614,10.724716,9.348927,7.432056,10.320090,14.152288,19.324417,,,,,,,,,,10.603533,9.331769,10.465178,10.821254,15.013271,19.391897,
5.844992,4.884961,,,20.175172,18.142040,14.897020,13.621499,11.043206,10.804035,,,,,,5.516543,5.228664,2.414874,2.727169,17.052426,16.920700,15.985038,13.861532,12.413506,10.789374,10.619529,,,,,5.235282,5.816112,2.203762,2.423267,17.532958,15.740579,16.007556,15.276670,13.482954,10.786426,9.677659,9.488064,,,,5.020679,5.336307,2.697556,2.333434,18.237699,17.417236,15.213445,14.396776,12.713485,10.602959,7.010909,7.566836,9.237241,,,4.763409,5.307220,2.435765,2.582325,19.461665,17.040294,16.625704,14.455618,13.049374,11.207276,10.054375,7.317761,10.229259,12.996155,,5.403334,5.229715,2.776233,2.613632,17.535844,16.234136,14.286705,13.996206,12.060335,10.700773,9.961929,11.017674,10.595977,14.542915,17.670671,5.198554,4.913066,2.296437,2.741680,17.517572,16.166324,15.329883,13.865021,13.148520,11.113904,9.205890,9.510464,12.597841,14.267485,18.930007,4.863883,4.829064,2.651174,2.456066,18.410678,17.257333,15.741919,14.197627,12.135500,10.360494,8.304209,7.019716,9.748557,14.417393,17.486956,5.016262,5.533355,2.690584,2.609400,19.104117,16.706570,16.114982,14.518300,12.592048,10.707612,8.817831,8.381726,9.265339,13.457583,18.493192,5.190366,4.967384,2.636621,2.704879,18.108522,17.275679,15.439370,14.868896,12.939040,10.579447,9.330118,8.356141,10.310299,13.072124,17.851180,5.069609,4.717537,2.638983,2.725460,,16.360508,15.456925,13.891691,12.867617,10.656355,8.401549,9.045163,10.205732,13.838814,17.507897,4.612334,5.756021,2.534209,2.443657,,,15.990465,14.320776,12.539709,10.502457,8.109472,6.881996,10.048689,13.078465,17.349199,5.015465,4.765298,2.409020,2.607166,,,,14.419475,12.044727,10.389156,8.349673,7.424576,8.817725,13.476209,17.109582,4.819323,5.124767,2.686252,2.630503,,,,,12.163529,10.412035,10.526671,10.512177,11.471310,13.759349,18.445254,,,,,,,,,,11.129889,9.568227,11.026746,12.495319,14.824351,17.960396,
5.214058,5.655769,,,19.683317,17.152111,16.297829,14.463103,12.286203,10.458297,,,,,,5.288448,5.027270,2.403604,2.713122,18.655101,16.219460,14.725576,14.470142,12.696242,10.947703,10.820801,,,,,5.745502,4.700075,2.462565,2.785336,18.576926,17.508712,15.663916,14.378816,13.421610,10.825628,8.753846,9.919918,,,,5.688483,5.354825,2.707825,2.384378,18.067802,16.744389,15.796555,14.165653,12.510832,10.741227,8.011546,7.418893,11.233043,,,4.865471,6.072791,2.564925,2.578416,18.895019,16.319154,15.590765,14.230692,12.685142,10.678488,8.624796,7.379761,9.629586,14.872170,,5.191469,4.366053,2.557258,2.720299,16.879348,15.501977,13.758858,13.438911,11.997482,11.140316,10.252110,9.721550,10.621131,14.049014,19.498723,4.663265,5.451247,2.320717,2.626441,17.048845,16.304657,15.036489,13.937100,13.095735,10.527871,9.712582,9.450448,10.574828,13.348289,17.688444,4.506521,5.046417,2.631353,2.415737,17.397994,16.958922,15.775744,13.734351,12.443106,10.797290,7.665350,7.832446,9.954825,13.075689,16.500991,5.252035,5.354418,2.719469,2.488230,17.730729,16.411657,15.974915,14.283212,11.698528,10.750933,9.170637,7.184398,9.342397,13.342244,17.171069,4.839153,5.046251,2.515752,2.718861,15.632190,15.386140,14.605938,14.415496,12.728716,10.438554,11.095141,10.828440,10.913078,14.023212,18.533568,5.138276,5.453591,2.685567,2.577163,,14.990570,14.629806,13.644519,12.799976,10.533097,8.558918,10.744089,12.136444,14.117991,17.829436,4.830637,4.879128,2.499051,2.493139,,,15.316146,14.252294,12.660913,10.790941,8.084634,7.498932,11.468516,14.571208,17.777709,5.034850,4.337517,2.597433,2.744670,,,,14.120698,12.544220,10.880538,9.010371,7.938629,9.979306,14.923432,18.705313,5.020430,4.592724,2.772408,2.685526,,,,,12.091488,10.652183,9.965561,9.651616,11.133648,14.411090,19.574008,,,,,,,,,,10.720693,9.281051,9.712682,11.080985,14.411300,18.382304,
5.867484,5.399817,,,19.279688,18.091514,15.874624,14.525637,12.979519,10.353603,,,,,,4.945772,5.314857,2.326405,2.470890,20.774313,18.046518,17.272612,15.230755,12.829800,10.495722,8.615221,,,,,4.974993,6.136858,2.706775,2.672401,19.456249,17.178704,14.774218,14.201593,12.674780,10.524705,9.287495,10.020853,,,,5.029599,5.131751,2.839510,2.522770,17.803798,17.792774,15.616907,13.388574,12.270145,10.774038,8.434724,8.521096,11.651982,,,3.931963,5.339020,2.546826,2.579295,17.891677,15.425599,15.980554,14.057102,12.357073,11.088159,10.437004,9.303660,11.210941,15.580361,,5.601848,4.536655,2.577486,2.628882,17.583942,15.227053,12.954097,13.512866,11.757660,10.712267,9.991085,10.840340,11.594939,14.584913,19.171853,5.561835,4.925195,2.325760,2.815075,19.232301,17.552475,15.679353,13.527798,13.070337,10.723059,9.799380,8.725093,10.956090,13.865362,18.118782,5.066057,5.238317,2.618310,2.296774,17.500170,17.927752,16.669355,14.495142,12.036871,10.521903,8.598785,9.303776,10.274354,14.244087,18.468737,4.618188,5.875804,2.681346,2.645091,18.554369,15.475392,16.352612,15.151467,12.635293,10.284025,8.497770,8.517976,11.248300,13.998280,18.555797,5.405318,5.452012,2.780394,2.757756,19.112855,16.769699,13.811071,14.516216,13.163456,10.489083,8.974394,8.198187,10.539320,14.348277,17.937939,5.287509,5.019403,2.636041,2.527742,,17.953615,15.707598,12.797023,12.580298,10.855293,8.388541,8.906045,10.242039,14.190486,18.440487,5.111833,5.543768,2.553064,2.375681,,,16.945356,14.381546,11.557851,10.141810,8.568443,7.949948,11.266550,14.311805,18.618971,4.610042,4.646254,2.628994,2.494801,,,,14.548921,12.191743,10.357321,9.126396,9.509218,11.434684,15.908518,19.292274,4.610368,5.722301,2.484766,2.582271,,,,,13.001635,10.281449,9.301797,8.289737,10.564090,14.209449,19.333546,,,,,,,,,,10.987140,9.444153,10.485869,11.126417,14.536424,18.555427,
5.067174,5.542203,,,17.458050,16.084990,13.437671,14.266771,12.855043,10.897853,,,,,,5.050154,5.760762,2.669029,2.564494,19.185961,16.425839,15.499271,12.995857,12.626364,10.652897,9.290330,,,,,5.099272,5.676106,2.441477,2.341945,19.703011,18.191761,16.034328,14.975695,12.533390,10.600821,8.361294,8.701522,,,,5.793811,4.468797,2.754703,2.365275,17.945009,17.973146,16.408771,14.421794,12.772494,10.573234,7.587235,7.065181,10.372197,,,4.859896,5.530390,2.513755,2.414345,19.229330,15.736284,16.177397,14.302329,12.511682,10.326407,9.215863,6.684951,9.669158,14.613778,,5.737335,4.988035,2.565721,2.575102,17.623174,15.873167,12.618578,13.238184,11.469319,10.651204,9.523562,10.489834,10.120944,14.276574,19.270657,5.129733,4.827181,2.343643,2.760932,19.032234,17.541574,16.157931,13.222490,12.958817,10.442740,9.838324,9.099687,11.817293,13.432093,18.607019,5.174333,5.201013,2.701361,2.252387,18.647148,17.614223,16.257266,14.647020,11.943255,10.821030,8.576919,9.599257,11.106383,14.957115,17.759968,5.648459,5.046378,2.615768,2.497484,20.013921,16.876467,16.720664,15.051773,12.941467,10.612453,8.714604,7.867776,10.925544,14.362405,18.570417,5.405469,4.728400,2.803538,2.537962,19.852209,17.308840,14.557002,14.890977,12.791676,10.428772,9.475221,8.320036,10.248733,14.678354,19.025021,5.198677,5.197084,2.426477,2.681510,,16.769248,15.049825,12.705882,13.255647,10.982416,9.069988,10.330328,10.889015,14.364508,19.191899,4.676035,5.620216,2.661337,2.181649,,,15.590596,14.013383,11.302838,10.736918,8.031757,7.146628,10.625363,13.192494,17.392974,5.419834,4.925457,2.657088,2.735480,,,,13.783275,12.744187,10.535241,9.883568,8.371852,9.549218,14.072298,17.440537,5.214171,4.864744,2.681314,2.525397,,,,,11.287272,10.771273,9.676118,9.767734,10.698772,13.625529,18.521728,,,,,,,,,,10.486044,9.727982,9.509693,10.138884,13.078641,17.030498,
5.336350,5.957904,,,17.713886,16.192119,14.109283,14.224379,13.572452,10.859611,,,,,,5.884162,5.691500,2.451128,2.361055,20.554289,18.236035,16.797953,14.275754,12.531518,10.681472,7.853569,,,,,6.026794,5.424109,2.381140,2.503483,19.640232,18.073395,16.592343,15.665209,13.598220,10.749254,9.508662,9.459590,,,,5.584168,5.117400,2.709582,2.341179,19.869202,16.942858,15.725058,14.158650,12.921451,11.092133,7.646287,8.573591,11.963715,,,5.425868,5.082067,2.426457,2.596054,19.961224,18.495540,16.234810,14.797576,12.580317,10.576177,9.059222,6.296892,9.894702,15.061059,,5.022716,5.399653,2.672329,2.768952,17.617931,16.008971,15.058558,13.546764,12.363824,10.644747,9.591186,10.381565,10.190673,14.911141,20.140705,5.030776,5.055646,2.573010,2.641595,19.192172,15.891604,14.653837,13.686446,12.403718,10.783777,9.161346,9.046359,11.773952,13.600858,18.940050,4.960266,5.367855,2.547017,2.542106,19.265499,18.546169,15.793759,14.258033,12.423768,10.784397,8.609108,7.802728,9.613498,13.915020,17.038803,4.523601,5.446507,2.626396,2.675797,18.649009,17.099718,16.792198,14.472548,12.663714,10.377082,9.415717,8.398797,10.039823,13.432788,18.186485,5.057222,4.680092,2.697415,2.723950,15.890602,15.636571,14.441726,14.216837,12.396177,10.693159,8.919169,9.824502,10.792722,13.889034,17.722421,5.171458,5.542351,2.760408,2.571872,,15.214182,14.617729,13.482965,12.515912,10.711376,8.749149,7.672724,10.604060,13.455177,17.632931,4.353997,5.244129,2.488164,2.456357,,,15.173822,13.812441,12.597021,10.814739,9.619828,8.466627,9.485556,13.875625,17.694498,5.391088,4.382725,2.724322,2.599245,,,,13.926935,11.817641,10.719248,8.986163,9.625622,10.313724,13.000692,17.824037,4.549246,5.081995,2.356973,2.605869,,,,,12.345066,10.066643,10.146324,9.957730,12.943834,14.971899,18.243804,,,,,,,,,,10.400751,9.552948,11.464895,13.099359,16.814303,18.919320,
5.107204,5.061257,,,17.587015,17.132531,17.039129,14.529636,12.737721,10.830961,,,,,,5.667767,5.883291,2.546029,2.638834,16.725738,14.606360,14.613638,14.450110,12.302924,10.645650,9.757114,,,,,5.323789,5.485229,2.402141,2.711750,19.009995,17.015645,15.225199,14.599613,13.232912,10.607128,8.149301,8.315369,,,,4.998961,5.014506,2.582300,2.387929,21.184855,17.953941,16.226814,14.233301,12.681519,10.488471,8.676913,8.035899,10.742806,,,4.636970,6.365604,2.764162,2.502830,20.235817,18.299646,15.823246,14.291935,12.388235,10.713330,8.902678,9.606932,11.517609,15.245421,,4.986177,5.322758,2.744178,2.732479,18.440319,16.934141,15.555165,13.726860,12.261589,10.631890,9.509341,9.145594,12.122013,15.453609,19.466332,5.126954,5.294091,2.339408,2.692103,15.670252,16.277288,15.276717,14.264693,12.807286,10.844751,9.179632,8.714576,10.247848,14.804620,19.164927,5.147656,5.479808,2.815412,2.478511,16.035601,15.510150,15.558604,14.006156,12.211732,10.268712,7.653592,6.914410,9.267642,12.846240,17.731022,4.698788,5.278034,2.540605,2.692620,18.313530,15.909646,15.684061,14.929704,12.892474,10.582554,8.896946,7.020778,8.702351,13.096035,17.370358,5.225441,4.851781,2.424451,2.760012,18.719904,17.550924,15.636196,15.096814,13.289423,10.831777,8.565551,8.440675,8.994929,12.482936,17.563351,5.126182,5.097937,2.766349,2.488308,,16.000047,14.660090,13.272585,12.601802,10.313132,8.750913,8.756210,11.416198,13.619153,17.371815,4.822914,4.740098,2.572821,2.392874,,,15.609896,13.599799,12.366343,10.961353,7.901406,7.626666,10.060656,14.446784,17.704951,4.895439,4.939193,2.711720,2.508793,,,,14.137384,11.606689,10.935423,9.649711,7.581735,9.749021,13.741231,18.590006,5.189715,5.016091,2.355200,2.633734,,,,,12.454052,10.160243,10.989007,10.907551,10.745580,14.088924,18.446856,,,,,,,,,,10.596755,7.779508,9.455098,10.663266,12.681430,16.967331,
5.028101,5.144537,,,16.075845,14.992346,14.739331,13.521311,12.227967,10.872124,,,,,,5.352621,5.291374,2.600051,2.586405,18.037750,15.269126,15.220170,14.737327,12.504718,10.927341,10.458405,,,,,6.000297,5.309125,2.344087,2.645981,18.019531,17.077324,14.810634,15.106451,13.954789,10.731856,9.334246,10.635921,,,,5.528808,4.965005,2.550741,2.387170,18.325661,17.613732,16.428267,13.872685,13.234501,10.923517,7.069152,7.308543,11.194311,,,4.560446,5.754266,2.513594,2.352682,19.636842,16.749684,16.381360,14.685596,12.029853,10.802879,8.340036,6.334759,9.746503,14.692898,,5.328307,5.000136,2.507182,2.833803,18.687991,16.285519,13.997203,14.065959,12.479607,10.708874,10.462796,9.513389,9.867379,14.095748,19.047584,4.745818,4.881438,2.456967,2.568466,18.168341,17.840616,15.752114,13.831379,13.248324,10.817742,9.413232,9.415805,10.272879,12.981666,17.946489,4.934143,5.396158,2.705379,2.356126,17.679613,17.285869,16.830480,14.536062,12.489326,11.085411,8.379155,8.436088,10.238154,12.974610,16.510173,4.902496,5.523853,2.683403,2.612036,19.958872,16.279904,16.352713,15.398670,12.832840,10.800887,8.939017,7.214822,9.750183,13.386154,17.009622,4.940517,4.778705,2.774773,2.934225,20.736145,18.432592,14.959988,14.959567,13.328445,10.683251,9.292152,8.198642,8.921957,13.057609,17.629123,4.771521,4.715301,2.564215,2.468647,,18.846837,16.726218,13.565793,13.313188,11.175277,9.148297,9.535471,10.313365,12.808142,17.400129,4.892910,5.966001,2.542571,2.299265,,,17.315676,14.857736,11.786608,10.735972,8.302462,7.769887,10.550196,13.266853,16.566139,4.667928,4.979025,2.545026,2.540285,,,,14.673702,12.627991,10.755575,10.443646,9.253944,10.911696,14.895154,18.102328,6.295093,5.130364,2.801682,2.609919,,,,,12.407091,10.158014,9.330070,9.550893,10.065208,13.360412,18.176408,,,,,,,,,,10.988852,8.208944,8.938489,9.955212,12.641394,17.040581,
5.430124,6.035560,,,18.153936,17.434163,14.705333,13.481461,11.616123,10.669888,,,,,,4.785234,4.539110,2.521917,2.790829,16.676698,17.464450,16.912485,14.684984,12.582531,10.495072,8.702703,,,,,4.967445,5.173308,2.482271,2.587452,16.026205,15.130178,15.753617,15.014424,13.379334,10.937981,9.564633,8.891722,,,,5.155712,4.521404,2.650895,2.360077,16.660070,15.562374,14.056055,13.516123,11.838177,10.634139,8.161297,8.383818,10.269170,,,4.555072,5.725621,2.586057,2.339814,18.220105,14.699517,14.667695,13.301629,12.220296,10.635356,11.070070,9.901635,11.830281,14.862449,,5.668587,5.198198,2.443496,2.539998,20.006661,17.676514,14.817754,14.869814,12.924559,10.797369,9.096904,10.975942,11.401026,14.552930,18.620042,4.749363,5.430462,2.483945,2.651243,18.172742,18.185596,15.983447,13.682251,13.208962,10.815777,8.303375,8.603807,12.381949,14.857333,18.675264,4.899457,5.902478,2.759997,2.345952,17.044834,17.032986,16.896154,14.222536,11.994220,10.588413,8.209758,6.783060,9.951912,14.282624,17.641379,4.771699,5.052588,2.792195,2.480968,18.116598,15.775883,16.019574,15.332516,12.166253,10.254216,8.273824,7.361476,8.615138,13.497769,17.673711,5.386744,5.151636,2.434984,2.745376,16.325395,16.085630,14.488961,14.795469,13.615085,10.452283,9.701788,8.492276,9.952909,12.766669,18.019678,5.037226,5.440244,2.665172,2.290561,,16.275128,15.550298,13.852617,12.947169,10.440843,7.287827,8.265102,9.431609,13.193507,16.976106,5.425730,5.493979,2.530369,2.408653,,,15.731580,14.377469,12.785281,11.079437,8.102954,6.976019,10.372367,13.458256,17.797981,4.994358,5.328755,2.662954,2.519472,,,,13.974774,11.788366,10.631866,9.030967,7.715140,9.887717,14.487247,18.405118,5.093002,5.128882,2.671896,2.553913,,,,,12.559426,10.550915,11.086759,10.946135,11.568773,14.671169,19.364139,,,,,,,,,,10.719081,9.403344,11.931457,13.620338,15.755808,19.106350,
4.795586,4.875662,,,15.473251,16.491835,14.778264,14.108869,12.431978,10.754876,,,,,,5.020499,5.960021,2.525822,2.625167,18.192065,15.917220,16.614416,14.753500,12.694484,10.454916,9.169402,,,,,4.704421,5.472918,2.365625,2.451432,18.907879,16.987968,14.943880,15.154836,13.483369,10.587430,9.280635,9.978727,,,,5.508960,4.283274,2.635554,2.407517,19.369102,18.522918,16.230509,13.711149,12.603660,10.698328,7.091158,7.551667,10.477776,,,5.063328,5.298478,2.660265,2.252074,19.637796,17.344986,16.821397,14.431979,11.974614,9.850535,8.878407,6.629794,10.481626,14.676878,,4.792661,4.671825,2.710202,2.541605,17.603323,16.381678,14.626011,14.383293,12.292022,10.643895,8.726892,9.788944,10.083655,15.086809,19.397717,4.828454,4.608910,2.511609,2.844421,19.431011,16.386929,15.396308,13.790001,13.007757,10.895011,9.878058,8.275606,10.970433,13.235727,18.835396,4.739551,5.915509,2.720159,2.356601,19.910450,18.252431,15.710277,14.283942,12.171092,10.399732,8.575519,8.947664,9.226047,13.098662,16.608454,5.368981,5.606956,2.638040,2.673044,19.626181,17.205089,16.382040,14.484147,12.828296,10.817438,8.998484,8.785549,11.079629,12.982291,17.139221,5.016232,4.496819,2.443824,2.740264,17.068204,15.794872,13.722440,13.450756,12.268740,10.555030,9.537731,9.332274,11.437260,15.050862,17.886533,4.806743,5.142633,2.504850,2.402759,,17.119380,15.855380,13.489755,12.434943,10.860566,8.287404,7.611589,9.187545,12.926904,17.259127,5.016915,5.813460,2.662329,2.547858,,,16.055392,14.497681,11.969638,10.629904,9.780132,7.957477,9.559743,12.944573,17.110691,4.589382,5.434473,2.606064,2.913839,,,,14.096857,12.359858,10.307373,9.795629,10.867030,10.810441,13.972446,17.907216,5.324204,5.119968,2.617534,2.619268,,,,,12.990610,10.469358,8.558734,8.856561,11.701273,13.240240,17.455320,,,,,,,,,,11.013335,8.434712,8.450630,11.019562,15.270755,17.699539,
5.537247,5.366138,,,17.672682,16.093521,13.604801,13.374939,12.386127,10.255869,,,,,,5.414552,5.207764,2.586185,2.494070,18.006817,16.981362,16.225998,14.021104,12.401732,10.854944,9.180630,,,,,5.745095,5.326868,2.319805,2.535762,16.817294,16.809734,16.157499,15.726676,13.687943,10.816684,9.322724,9.523478,,,,5.409426,5.200965,2.800537,2.342113,17.905765,15.676608,15.374091,13.948030,13.022977,11.013252,7.475076,7.720400,10.959429,,,4.704642,5.081888,2.583166,2.504918,18.235769,16.813964,15.145981,14.269424,12.040590,10.763057,9.567240,7.048555,9.918634,14.643971,,5.357628,5.380509,2.638796,2.853689,17.711931,15.531341,14.686973,13.672657,12.648787,10.587657,10.214318,10.999015,10.455435,14.296147,19.151417,5.739775,4.725803,2.512284,2.558344,17.742336,16.563249,14.942844,14.091156,12.977342,11.102807,8.928607,9.555199,12.439100,13.968823,18.574863,5.083092,5.829546,2.528802,2.441413,17.085254,16.822240,15.942194,14.245396,12.644782,11.100948,8.737800,8.026187,10.840069,15.329762,18.087658,5.556984,5.309824,2.546013,2.717385,19.427320,16.103287,16.406476,15.027210,12.865104,10.418452,8.887914,7.407685,9.534527,13.848503,18.669434,4.808618,4.911941,2.660023,2.722570,18.052401,16.855307,13.813069,14.466471,12.787069,10.860584,8.894619,9.587866,10.523256,14.320221,18.997444,4.857173,5.486352,2.642240,2.612453,,17.082599,15.750485,12.684569,12.873579,10.554939,8.965443,8.243624,11.255472,13.795564,18.163302,4.869724,5.066784,2.585180,2.261672,,,16.229351,14.359400,11.206082,10.596540,8.071608,7.969395,9.724243,14.425098,17.645337,4.911866,5.023994,2.559625,2.623873,,,,14.497265,12.717802,10.598059,10.382008,9.420954,11.285471,14.226892,19.231155,5.287257,4.619020,2.813823,2.492711,,,,,12.098602,10.169497,9.398083,9.976025,11.289644,14.639348,18.348366,,,,,,,,,,10.745283,8.429030,9.259548,10.530746,13.838746,18.094735,
5.539675,4.839665,,,17.757531,17.478760,14.953903,14.355203,12.730847,10.685573,,,,,,5.014258,5.077567,2.538312,2.644211,19.354208,17.369007,16.766055,14.187502,12.284201,10.550166,9.317901,,,,,5.449584,5.873497,2.508073,2.466557,17.656816,16.990959,15.529160,14.845571,12.836884,10.789905,10.429188,11.214861,,,,4.977083,4.650239,2.673753,2.558304,18.037135,17.197062,16.097378,14.280818,12.585408,10.778398,8.311666,9.731808,12.621955,,,4.741614,4.928113,2.458429,2.367196,19.779210,16.438357,15.993745,14.561027,12.825083,10.762730,10.186047,9.129421,12.421490,16.332491,,5.338371,5.568492,2.677916,2.577171,17.778090,16.441044,13.531593,13.122823,11.549531,10.595895,9.427360,10.920719,12.162603,16.303874,20.319915,5.585044,4.603492,2.324600,2.725405,19.601873,16.794538,16.132059,14.018106,13.043115,10.701011,9.847733,9.136224,12.275502,15.228404,19.990835,4.753123,5.813600,2.642541,2.398278,18.923560,17.751064,15.391461,14.375515,12.536047,10.768190,8.415000,9.347549,10.917204,15.208104,19.383936,4.801767,5.703443,2.434026,2.493425,18.992126,17.560423,16.854146,14.491206,12.653610,10.872037,8.638924,7.349593,10.515928,13.735802,18.223486,5.221062,5.298123,2.523712,2.544852,16.067099,15.320863,14.259721,14.056335,12.265197,10.612780,10.535852,9.942434,10.647294,14.893008,18.419042,5.297677,5.311873,2.595747,2.577379,,15.117735,14.676513,13.429007,12.592777,10.541846,8.189596,9.542822,10.830568,13.392531,18.492320,5.173925,5.891191,2.518028,2.430400,,,15.525280,14.566833,12.526926,10.505041,8.466210,6.656391,10.378236,13.839278,17.278418,4.812126,5.063390,2.462432,2.786370,,,,14.504142,13.145243,10.957987,9.107240,9.105222,9.753480,14.693265,18.810357,4.893630,4.999313,2.627683,2.584976,,,,,12.005007,10.835015,9.703150,9.942091,12.191935,14.121798,19.212593,,,,,,,,,,10.668256,8.874391,8.538001,10.663871,14.597425,17.696149,
5.425274,4.884438,,,19.740467,18.525561,15.253545,13.914899,11.396961,10.695303,,,,,,5.579761,5.795669,2.544035,2.455913,19.159847,16.673962,16.547407,14.132498,12.502467,11.092410,10.087244,,,,,4.642726,5.646031,2.355530,2.430477,17.687082,16.725155,15.114602,15.229892,13.195239,10.602080,10.260639,9.419625,,,,5.408243,5.485134,2.807133,2.398798,17.112042,16.916854,15.755351,13.969236,13.106202,10.865990,7.565693,8.811665,9.511079,,,4.492354,5.954020,2.392771,2.358705,19.626409,15.850669,16.072849,14.560771,12.747546,10.960506,9.416050,6.917462,10.765347,13.102679,,5.076401,5.452803,2.724211,2.581963,19.030825,16.669718,13.294675,13.482800,11.877723,10.777371,9.710669,10.366192,10.093918,14.884195,17.535916,5.132131,5.429908,2.412729,2.687645,19.524050,18.221007,16.285324,13.540490,12.991868,10.573124,9.682124,8.902760,11.663565,13.433127,18.882620,4.657716,5.340441,2.689900,2.377433,19.717781,17.017912,15.960327,14.150662,12.032411,10.927394,8.857041,9.916658,11.387782,15.577484,18.127926,5.395624,5.700181,2.597422,2.402648,18.805393,18.387708,16.218881,14.727644,12.655583,10.805446,8.909803,7.783695,10.860096,14.201342,18.952832,5.140861,4.477207,2.742388,2.800556,16.317083,15.715311,15.504969,14.028074,12.385894,10.739110,10.609982,9.579407,10.898640,15.280549,19.365115,5.042577,5.941918,2.579524,2.579137,,15.145189,14.649411,14.007176,12.835029,10.527457,9.329298,10.948531,11.256552,14.384539,19.398380,4.784495,5.213890,2.653768,2.404064,,,14.994761,13.803454,12.103258,10.900387,8.253949,8.392399,12.115678,14.188438,18.277561,4.845558,5.002947,2.535458,2.522960,,,,14.118094,12.613554,10.513878,10.384755,9.198761,11.137203,15.923427,18.709332,4.521691,5.029256,2.329988,2.635963,,,,,12.759119,10.529712,8.099836,9.494952,10.751169,14.067199,19.412337,,,,,,,,,,10.669295,9.284865,8.629467,12.048791,14.717001,18.166010,
4.844283,5.443205,,,15.936646,15.837342,13.742621,13.677639,12.152846,10.615348,,,,,,5.416289,5.393746,2.460504,2.692890,18.098273,16.027425,16.096862,14.045585,12.932154,10.871567,9.476517,,,,,5.071397,5.581405,2.469760,2.457807,16.771463,16.032378,14.531906,14.469893,12.751368,11.121369,9.947414,10.625410,,,,5.936738,4.862103,2.544455,2.587908,17.553859,16.964924,15.872509,14.012955,12.849712,10.848157,8.367058,8.520715,11.470393,,,4.891232,4.816536,2.631537,2.397423,18.696086,15.864627,15.786523,14.220794,12.343088,10.482107,9.570002,8.481727,11.496110,15.985861,,5.218359,5.308273,2.798635,2.607151,18.157437,16.653144,14.006581,14.050723,12.173128,10.793626,9.244460,10.338643,11.434342,15.601867,20.341475,4.891561,4.693607,2.446221,2.703883,19.887188,17.634452,16.230890,13.526030,13.073353,10.622454,9.755451,8.970904,12.004761,14.927392,19.707190,5.058730,5.169507,2.590430,2.321436,18.695830,19.118367,16.984085,14.960177,11.864796,10.657983,8.178099,8.920310,10.178347,14.463064,18.392536,5.076542,5.445456,2.618746,2.866488,17.932246,15.733323,16.876275,15.186254,13.129366,10.751214,10.058298,9.211619,12.084165,14.595820,19.118011,5.472180,5.421294,2.604798,2.571988,16.986095,15.930383,13.948134,15.056861,13.270080,10.797539,9.346034,9.592924,10.885338,15.213161,18.572095,5.054560,5.348164,2.576528,2.588492,,16.643416,15.485529,13.102914,13.117681,10.723573,7.792443,8.184643,10.273073,13.500869,18.515869,4.771101,5.164533,2.624439,2.239087,,,15.930238,14.264282,11.526470,10.458378,8.315942,6.904923,10.191809,13.829588,17.613393,5.459028,5.013003,2.589696,2.692044,,,,14.438822,12.867200,10.784111,9.741622,9.487473,10.347165,14.621204,18.560354,5.466497,5.180401,2.437133,2.555415,,,,,11.672017,10.424103,9.934737,10.184347,12.463915,14.972652,19.504990,,,,,,,,,,10.864353,8.557639,8.846669,9.779914,13.957471,17.886184,
5.405373,4.960724,,,16.661515,15.228109,15.504331,14.595816,13.109234,10.571567,,,,,,4.495762,5.154964,2.396768,2.529049,18.703436,17.820499,16.145546,15.198779,12.894437,10.616404,8.158141,,,,,4.958048,4.570727,2.435693,2.502503,19.731427,17.389395,16.706472,15.208904,13.832493,11.042392,9.560559,9.025069,,,,5.378583,5.276265,2.904730,2.424612,18.256747,18.283213,15.895037,14.579910,12.669563,10.594836,7.643390,8.031868,10.132733,,,4.415345,5.427612,2.410243,2.597418,19.866356,16.870252,16.946803,14.678363,12.788286,10.845159,8.580821,6.804846,9.997119,13.807236,,5.432105,5.227560,2.512791,2.676274,17.995926,16.589441,13.946288,14.035418,12.249509,10.754817,10.208727,9.625842,9.834580,13.957960,17.804492,4.466970,4.762471,2.500340,2.682485,18.467062,17.679567,16.196920,13.731114,12.665163,10.685059,8.549622,9.038714,10.292102,12.589892,17.470793,5.251090,4.997624,2.756027,2.345176,19.753413,17.307002,16.485677,14.581004,12.315888,10.497260,9.147205,8.056614,10.635697,13.501127,16.448107,4.361246,5.160299,2.795863,2.418515,19.249101,17.760322,16.061125,14.888616,12.364627,10.640834,8.415243,8.903431,10.141497,14.362024,18.119674,5.523892,5.674938,2.503521,2.551222,17.423355,16.640468,15.735022,14.792437,13.500029,10.966383,10.506607,9.031176,11.282090,13.806464,18.460488,4.881153,4.756963,2.686267,2.585036,,15.214994,14.465959,13.334283,12.576863,10.581184,8.093679,9.694998,10.280763,14.181078,17.887941,4.822380,5.195816,2.642539,2.282978,,,14.939270,13.513273,11.528692,10.480063,7.845253,6.432179,10.212611,12.733116,17.182512,4.995919,5.396325,2.595091,2.794646,,,,14.009954,12.517260,10.674886,10.573612,8.739529,9.579147,14.179274,17.316708,4.835111,5.338198,2.682802,2.649266,,,,,12.326055,10.693387,9.572386,11.134955,11.119053,13.802201,18.720584,,,,,,,,,,10.592778,8.802281,8.984681,12.239686,13.913311,17.630395,
